course_code,course_name,section_name,session_date,student_code,student_name,attendance_status,minutes_late,source,week_number,day_of_week,session_start_time,course_load
CS101,Intro to Programming,Section 2,2026-02-14,S3002,Synthetic Student 3002,excused,0,manual,1,Saturday,12:00,5
CS101,Intro to Programming,Section 2,2026-02-14,S3003,Synthetic Student 3003,absent,0,qr,1,Saturday,12:00,3
CS101,Intro to Programming,Section 2,2026-02-14,S3005,Synthetic Student 3005,present,0,qr,1,Saturday,12:00,5
CS101,Intro to Programming,Section 2,2026-02-14,S3006,Synthetic Student 3006,present,0,qr,1,Saturday,12:00,2
CS101,Intro to Programming,Section 2,2026-02-14,S3009,Synthetic Student 3009,absent,0,qr,1,Saturday,12:00,4
CS101,Intro to Programming,Section 2,2026-02-14,S3011,Synthetic Student 3011,absent,0,qr,1,Saturday,12:00,3
CS101,Intro to Programming,Section 2,2026-02-14,S3016,Synthetic Student 3016,present,0,qr,1,Saturday,12:00,3
CS101,Intro to Programming,Section 2,2026-02-14,S3017,Synthetic Student 3017,present,0,qr,1,Saturday,12:00,4
CS101,Intro to Programming,Section 2,2026-02-14,S3018,Synthetic Student 3018,present,0,qr,1,Saturday,12:00,3
CS101,Intro to Programming,Section 2,2026-02-14,S3019,Synthetic Student 3019,present,0,qr,1,Saturday,12:00,3
CS101,Intro to Programming,Section 2,2026-02-14,S3021,Synthetic Student 3021,present,0,qr,1,Saturday,12:00,3
CS101,Intro to Programming,Section 2,2026-02-14,S3025,Synthetic Student 3025,present,0,qr,1,Saturday,12:00,2
CS101,Intro to Programming,Section 2,2026-02-14,S3027,Synthetic Student 3027,present,0,qr,1,Saturday,12:00,5
CS101,Intro to Programming,Section 2,2026-02-14,S3029,Synthetic Student 3029,present,0,qr,1,Saturday,12:00,3
CS101,Intro to Programming,Section 2,2026-02-14,S3033,Synthetic Student 3033,present,0,qr,1,Saturday,12:00,5
CS101,Intro to Programming,Section 2,2026-02-14,S3035,Synthetic Student 3035,present,0,qr,1,Saturday,12:00,2
CS101,Intro to Programming,Section 2,2026-02-14,S3040,Synthetic Student 3040,absent,0,qr,1,Saturday,12:00,5
CS101,Intro to Programming,Section 2,2026-02-14,S3042,Synthetic Student 3042,present,0,qr,1,Saturday,12:00,5
CS101,Intro to Programming,Section 2,2026-02-14,S3044,Synthetic Student 3044,present,0,qr,1,Saturday,12:00,4
CS101,Intro to Programming,Section 2,2026-02-14,S3046,Synthetic Student 3046,absent,0,qr,1,Saturday,12:00,3
CS101,Intro to Programming,Section 2,2026-02-14,S3047,Synthetic Student 3047,present,0,qr,1,Saturday,12:00,2
CS101,Intro to Programming,Section 2,2026-02-14,S3048,Synthetic Student 3048,present,0,qr,1,Saturday,12:00,5
CS101,Intro to Programming,Section 2,2026-02-14,S3049,Synthetic Student 3049,present,0,qr,1,Saturday,12:00,4
CS101,Intro to Programming,Section 2,2026-02-14,S3050,Synthetic Student 3050,absent,0,qr,1,Saturday,12:00,5
CS101,Intro to Programming,Section 2,2026-02-14,S3051,Synthetic Student 3051,present,0,qr,1,Saturday,12:00,5
CS101,Intro to Programming,Section 2,2026-02-14,S3054,Synthetic Student 3054,present,0,qr,1,Saturday,12:00,5
CS101,Intro to Programming,Section 2,2026-02-14,S3057,Synthetic Student 3057,absent,0,qr,1,Saturday,12:00,3
CS101,Intro to Programming,Section 2,2026-02-14,S3062,Synthetic Student 3062,absent,0,qr,1,Saturday,12:00,5
CS101,Intro to Programming,Section 2,2026-02-14,S3067,Synthetic Student 3067,present,0,qr,1,Saturday,12:00,5
CS101,Intro to Programming,Section 2,2026-02-14,S3070,Synthetic Student 3070,absent,0,qr,1,Saturday,12:00,5
CS101,Intro to Programming,Section 2,2026-02-14,S3075,Synthetic Student 3075,present,0,qr,1,Saturday,12:00,4
CS101,Intro to Programming,Section 2,2026-02-14,S3078,Synthetic Student 3078,present,0,qr,1,Saturday,12:00,2
CS101,Intro to Programming,Section 2,2026-02-14,S3079,Synthetic Student 3079,present,0,qr,1,Saturday,12:00,5
CS101,Intro to Programming,Section 2,2026-02-14,S3081,Synthetic Student 3081,present,0,qr,1,Saturday,12:00,5
CS101,Intro to Programming,Section 2,2026-02-14,S3083,Synthetic Student 3083,present,0,qr,1,Saturday,12:00,5
CS101,Intro to Programming,Section 2,2026-02-14,S3084,Synthetic Student 3084,present,0,qr,1,Saturday,12:00,5
CS101,Intro to Programming,Section 2,2026-02-14,S3085,Synthetic Student 3085,absent,0,qr,1,Saturday,12:00,5
CS101,Intro to Programming,Section 2,2026-02-14,S3087,Synthetic Student 3087,present,0,qr,1,Saturday,12:00,3
CS101,Intro to Programming,Section 2,2026-02-14,S3088,Synthetic Student 3088,absent,0,qr,1,Saturday,12:00,4
PHY101,Physics I,Section 1,2026-02-14,S3001,Synthetic Student 3001,present,0,qr,1,Saturday,08:00,2
PHY101,Physics I,Section 1,2026-02-14,S3009,Synthetic Student 3009,present,0,qr,1,Saturday,08:00,4
PHY101,Physics I,Section 1,2026-02-14,S3010,Synthetic Student 3010,present,0,qr,1,Saturday,08:00,5
PHY101,Physics I,Section 1,2026-02-14,S3018,Synthetic Student 3018,present,0,qr,1,Saturday,08:00,3
PHY101,Physics I,Section 1,2026-02-14,S3020,Synthetic Student 3020,absent,0,qr,1,Saturday,08:00,2
PHY101,Physics I,Section 1,2026-02-14,S3026,Synthetic Student 3026,late,20,qr,1,Saturday,08:00,2
PHY101,Physics I,Section 1,2026-02-14,S3027,Synthetic Student 3027,absent,0,qr,1,Saturday,08:00,5
PHY101,Physics I,Section 1,2026-02-14,S3029,Synthetic Student 3029,excused,0,manual,1,Saturday,08:00,3
PHY101,Physics I,Section 1,2026-02-14,S3030,Synthetic Student 3030,absent,0,qr,1,Saturday,08:00,3
PHY101,Physics I,Section 1,2026-02-14,S3033,Synthetic Student 3033,present,0,qr,1,Saturday,08:00,5
PHY101,Physics I,Section 1,2026-02-14,S3036,Synthetic Student 3036,absent,0,qr,1,Saturday,08:00,4
PHY101,Physics I,Section 1,2026-02-14,S3037,Synthetic Student 3037,present,0,qr,1,Saturday,08:00,3
PHY101,Physics I,Section 1,2026-02-14,S3041,Synthetic Student 3041,present,0,qr,1,Saturday,08:00,5
PHY101,Physics I,Section 1,2026-02-14,S3043,Synthetic Student 3043,present,0,qr,1,Saturday,08:00,4
PHY101,Physics I,Section 1,2026-02-14,S3044,Synthetic Student 3044,present,0,qr,1,Saturday,08:00,4
PHY101,Physics I,Section 1,2026-02-14,S3045,Synthetic Student 3045,absent,0,qr,1,Saturday,08:00,5
PHY101,Physics I,Section 1,2026-02-14,S3048,Synthetic Student 3048,present,0,qr,1,Saturday,08:00,5
PHY101,Physics I,Section 1,2026-02-14,S3050,Synthetic Student 3050,present,0,qr,1,Saturday,08:00,5
PHY101,Physics I,Section 1,2026-02-14,S3051,Synthetic Student 3051,absent,0,qr,1,Saturday,08:00,5
PHY101,Physics I,Section 1,2026-02-14,S3054,Synthetic Student 3054,absent,0,qr,1,Saturday,08:00,5
PHY101,Physics I,Section 1,2026-02-14,S3055,Synthetic Student 3055,present,0,qr,1,Saturday,08:00,4
PHY101,Physics I,Section 1,2026-02-14,S3056,Synthetic Student 3056,present,0,qr,1,Saturday,08:00,4
PHY101,Physics I,Section 1,2026-02-14,S3057,Synthetic Student 3057,present,0,qr,1,Saturday,08:00,3
PHY101,Physics I,Section 1,2026-02-14,S3059,Synthetic Student 3059,absent,0,qr,1,Saturday,08:00,5
PHY101,Physics I,Section 1,2026-02-14,S3060,Synthetic Student 3060,present,0,qr,1,Saturday,08:00,2
PHY101,Physics I,Section 1,2026-02-14,S3061,Synthetic Student 3061,absent,0,qr,1,Saturday,08:00,4
PHY101,Physics I,Section 1,2026-02-14,S3064,Synthetic Student 3064,late,32,qr,1,Saturday,08:00,2
PHY101,Physics I,Section 1,2026-02-14,S3065,Synthetic Student 3065,present,0,qr,1,Saturday,08:00,2
PHY101,Physics I,Section 1,2026-02-14,S3066,Synthetic Student 3066,present,0,qr,1,Saturday,08:00,3
PHY101,Physics I,Section 1,2026-02-14,S3067,Synthetic Student 3067,absent,0,qr,1,Saturday,08:00,5
PHY101,Physics I,Section 1,2026-02-14,S3069,Synthetic Student 3069,absent,0,qr,1,Saturday,08:00,3
PHY101,Physics I,Section 1,2026-02-14,S3071,Synthetic Student 3071,absent,0,qr,1,Saturday,08:00,3
PHY101,Physics I,Section 1,2026-02-14,S3074,Synthetic Student 3074,excused,0,manual,1,Saturday,08:00,4
PHY101,Physics I,Section 1,2026-02-14,S3075,Synthetic Student 3075,present,0,qr,1,Saturday,08:00,4
PHY101,Physics I,Section 1,2026-02-14,S3077,Synthetic Student 3077,late,33,qr,1,Saturday,08:00,3
PHY101,Physics I,Section 1,2026-02-14,S3079,Synthetic Student 3079,present,0,qr,1,Saturday,08:00,5
PHY101,Physics I,Section 1,2026-02-14,S3080,Synthetic Student 3080,absent,0,qr,1,Saturday,08:00,4
PHY101,Physics I,Section 1,2026-02-14,S3081,Synthetic Student 3081,present,0,qr,1,Saturday,08:00,5
PHY101,Physics I,Section 1,2026-02-14,S3090,Synthetic Student 3090,late,29,qr,1,Saturday,08:00,3
PHY101,Physics I,Section 2,2026-02-14,S3002,Synthetic Student 3002,absent,0,qr,1,Saturday,10:00,5
PHY101,Physics I,Section 2,2026-02-14,S3004,Synthetic Student 3004,present,0,qr,1,Saturday,10:00,3
PHY101,Physics I,Section 2,2026-02-14,S3005,Synthetic Student 3005,absent,0,qr,1,Saturday,10:00,5
PHY101,Physics I,Section 2,2026-02-14,S3008,Synthetic Student 3008,present,0,qr,1,Saturday,10:00,4
PHY101,Physics I,Section 2,2026-02-14,S3012,Synthetic Student 3012,absent,0,qr,1,Saturday,10:00,5
PHY101,Physics I,Section 2,2026-02-14,S3015,Synthetic Student 3015,absent,0,qr,1,Saturday,10:00,4
PHY101,Physics I,Section 2,2026-02-14,S3019,Synthetic Student 3019,present,0,qr,1,Saturday,10:00,3
PHY101,Physics I,Section 2,2026-02-14,S3022,Synthetic Student 3022,present,0,qr,1,Saturday,10:00,3
PHY101,Physics I,Section 2,2026-02-14,S3024,Synthetic Student 3024,present,0,qr,1,Saturday,10:00,5
PHY101,Physics I,Section 2,2026-02-14,S3031,Synthetic Student 3031,present,0,qr,1,Saturday,10:00,5
PHY101,Physics I,Section 2,2026-02-14,S3032,Synthetic Student 3032,absent,0,qr,1,Saturday,10:00,5
PHY101,Physics I,Section 2,2026-02-14,S3034,Synthetic Student 3034,late,25,qr,1,Saturday,10:00,4
PHY101,Physics I,Section 2,2026-02-14,S3035,Synthetic Student 3035,present,0,qr,1,Saturday,10:00,2
PHY101,Physics I,Section 2,2026-02-14,S3039,Synthetic Student 3039,present,0,qr,1,Saturday,10:00,4
PHY101,Physics I,Section 2,2026-02-14,S3040,Synthetic Student 3040,absent,0,qr,1,Saturday,10:00,5
PHY101,Physics I,Section 2,2026-02-14,S3042,Synthetic Student 3042,absent,0,qr,1,Saturday,10:00,5
PHY101,Physics I,Section 2,2026-02-14,S3046,Synthetic Student 3046,present,0,qr,1,Saturday,10:00,3
PHY101,Physics I,Section 2,2026-02-14,S3049,Synthetic Student 3049,present,0,qr,1,Saturday,10:00,4
PHY101,Physics I,Section 2,2026-02-14,S3062,Synthetic Student 3062,absent,0,qr,1,Saturday,10:00,5
PHY101,Physics I,Section 2,2026-02-14,S3063,Synthetic Student 3063,absent,0,qr,1,Saturday,10:00,3
PHY101,Physics I,Section 2,2026-02-14,S3068,Synthetic Student 3068,present,0,qr,1,Saturday,10:00,5
PHY101,Physics I,Section 2,2026-02-14,S3070,Synthetic Student 3070,present,0,qr,1,Saturday,10:00,5
PHY101,Physics I,Section 2,2026-02-14,S3083,Synthetic Student 3083,absent,0,qr,1,Saturday,10:00,5
PHY101,Physics I,Section 2,2026-02-14,S3084,Synthetic Student 3084,present,0,qr,1,Saturday,10:00,5
PHY101,Physics I,Section 2,2026-02-14,S3085,Synthetic Student 3085,present,0,qr,1,Saturday,10:00,5
PHY101,Physics I,Section 2,2026-02-14,S3088,Synthetic Student 3088,present,0,qr,1,Saturday,10:00,4
CS201,Data Structures,Section 1,2026-02-15,S3005,Synthetic Student 3005,absent,0,qr,1,Sunday,10:00,5
CS201,Data Structures,Section 1,2026-02-15,S3008,Synthetic Student 3008,present,0,qr,1,Sunday,10:00,4
CS201,Data Structures,Section 1,2026-02-15,S3009,Synthetic Student 3009,absent,0,qr,1,Sunday,10:00,4
CS201,Data Structures,Section 1,2026-02-15,S3010,Synthetic Student 3010,present,0,qr,1,Sunday,10:00,5
CS201,Data Structures,Section 1,2026-02-15,S3012,Synthetic Student 3012,present,0,qr,1,Sunday,10:00,5
CS201,Data Structures,Section 1,2026-02-15,S3015,Synthetic Student 3015,present,0,qr,1,Sunday,10:00,4
CS201,Data Structures,Section 1,2026-02-15,S3017,Synthetic Student 3017,present,0,qr,1,Sunday,10:00,4
CS201,Data Structures,Section 1,2026-02-15,S3021,Synthetic Student 3021,present,0,qr,1,Sunday,10:00,3
CS201,Data Structures,Section 1,2026-02-15,S3023,Synthetic Student 3023,present,0,qr,1,Sunday,10:00,2
CS201,Data Structures,Section 1,2026-02-15,S3032,Synthetic Student 3032,present,0,qr,1,Sunday,10:00,5
CS201,Data Structures,Section 1,2026-02-15,S3033,Synthetic Student 3033,present,0,qr,1,Sunday,10:00,5
CS201,Data Structures,Section 1,2026-02-15,S3036,Synthetic Student 3036,absent,0,qr,1,Sunday,10:00,4
CS201,Data Structures,Section 1,2026-02-15,S3037,Synthetic Student 3037,present,0,qr,1,Sunday,10:00,3
CS201,Data Structures,Section 1,2026-02-15,S3038,Synthetic Student 3038,present,0,qr,1,Sunday,10:00,4
CS201,Data Structures,Section 1,2026-02-15,S3039,Synthetic Student 3039,present,0,qr,1,Sunday,10:00,4
CS201,Data Structures,Section 1,2026-02-15,S3040,Synthetic Student 3040,present,0,qr,1,Sunday,10:00,5
CS201,Data Structures,Section 1,2026-02-15,S3041,Synthetic Student 3041,present,0,qr,1,Sunday,10:00,5
CS201,Data Structures,Section 1,2026-02-15,S3043,Synthetic Student 3043,present,0,qr,1,Sunday,10:00,4
CS201,Data Structures,Section 1,2026-02-15,S3048,Synthetic Student 3048,absent,0,qr,1,Sunday,10:00,5
CS201,Data Structures,Section 1,2026-02-15,S3053,Synthetic Student 3053,present,0,qr,1,Sunday,10:00,2
CS201,Data Structures,Section 1,2026-02-15,S3057,Synthetic Student 3057,present,0,qr,1,Sunday,10:00,3
CS201,Data Structures,Section 1,2026-02-15,S3068,Synthetic Student 3068,absent,0,qr,1,Sunday,10:00,5
CS201,Data Structures,Section 1,2026-02-15,S3070,Synthetic Student 3070,absent,0,qr,1,Sunday,10:00,5
CS201,Data Structures,Section 1,2026-02-15,S3075,Synthetic Student 3075,present,0,qr,1,Sunday,10:00,4
CS201,Data Structures,Section 1,2026-02-15,S3077,Synthetic Student 3077,present,0,qr,1,Sunday,10:00,3
CS201,Data Structures,Section 1,2026-02-15,S3079,Synthetic Student 3079,present,0,qr,1,Sunday,10:00,5
CS201,Data Structures,Section 1,2026-02-15,S3080,Synthetic Student 3080,late,36,qr,1,Sunday,10:00,4
CS201,Data Structures,Section 1,2026-02-15,S3081,Synthetic Student 3081,present,0,qr,1,Sunday,10:00,5
CS201,Data Structures,Section 1,2026-02-15,S3083,Synthetic Student 3083,present,0,qr,1,Sunday,10:00,5
CS201,Data Structures,Section 1,2026-02-15,S3085,Synthetic Student 3085,present,0,qr,1,Sunday,10:00,5
CS201,Data Structures,Section 2,2026-02-15,S3001,Synthetic Student 3001,absent,0,qr,1,Sunday,08:00,2
CS201,Data Structures,Section 2,2026-02-15,S3002,Synthetic Student 3002,absent,0,qr,1,Sunday,08:00,5
CS201,Data Structures,Section 2,2026-02-15,S3006,Synthetic Student 3006,absent,0,qr,1,Sunday,08:00,2
CS201,Data Structures,Section 2,2026-02-15,S3011,Synthetic Student 3011,absent,0,qr,1,Sunday,08:00,3
CS201,Data Structures,Section 2,2026-02-15,S3013,Synthetic Student 3013,absent,0,qr,1,Sunday,08:00,3
CS201,Data Structures,Section 2,2026-02-15,S3014,Synthetic Student 3014,absent,0,qr,1,Sunday,08:00,2
CS201,Data Structures,Section 2,2026-02-15,S3024,Synthetic Student 3024,present,0,qr,1,Sunday,08:00,5
CS201,Data Structures,Section 2,2026-02-15,S3026,Synthetic Student 3026,absent,0,qr,1,Sunday,08:00,2
CS201,Data Structures,Section 2,2026-02-15,S3027,Synthetic Student 3027,present,0,qr,1,Sunday,08:00,5
CS201,Data Structures,Section 2,2026-02-15,S3028,Synthetic Student 3028,present,0,qr,1,Sunday,08:00,3
CS201,Data Structures,Section 2,2026-02-15,S3031,Synthetic Student 3031,present,0,qr,1,Sunday,08:00,5
CS201,Data Structures,Section 2,2026-02-15,S3042,Synthetic Student 3042,present,0,qr,1,Sunday,08:00,5
CS201,Data Structures,Section 2,2026-02-15,S3045,Synthetic Student 3045,present,0,qr,1,Sunday,08:00,5
CS201,Data Structures,Section 2,2026-02-15,S3049,Synthetic Student 3049,present,0,qr,1,Sunday,08:00,4
CS201,Data Structures,Section 2,2026-02-15,S3050,Synthetic Student 3050,present,0,qr,1,Sunday,08:00,5
CS201,Data Structures,Section 2,2026-02-15,S3051,Synthetic Student 3051,absent,0,qr,1,Sunday,08:00,5
CS201,Data Structures,Section 2,2026-02-15,S3054,Synthetic Student 3054,present,0,qr,1,Sunday,08:00,5
CS201,Data Structures,Section 2,2026-02-15,S3055,Synthetic Student 3055,late,24,qr,1,Sunday,08:00,4
CS201,Data Structures,Section 2,2026-02-15,S3056,Synthetic Student 3056,absent,0,qr,1,Sunday,08:00,4
CS201,Data Structures,Section 2,2026-02-15,S3059,Synthetic Student 3059,present,0,qr,1,Sunday,08:00,5
CS201,Data Structures,Section 2,2026-02-15,S3061,Synthetic Student 3061,absent,0,qr,1,Sunday,08:00,4
CS201,Data Structures,Section 2,2026-02-15,S3062,Synthetic Student 3062,present,0,qr,1,Sunday,08:00,5
CS201,Data Structures,Section 2,2026-02-15,S3066,Synthetic Student 3066,present,0,qr,1,Sunday,08:00,3
CS201,Data Structures,Section 2,2026-02-15,S3067,Synthetic Student 3067,late,27,qr,1,Sunday,08:00,5
CS201,Data Structures,Section 2,2026-02-15,S3069,Synthetic Student 3069,present,0,qr,1,Sunday,08:00,3
CS201,Data Structures,Section 2,2026-02-15,S3072,Synthetic Student 3072,present,0,qr,1,Sunday,08:00,2
CS201,Data Structures,Section 2,2026-02-15,S3073,Synthetic Student 3073,late,40,qr,1,Sunday,08:00,3
CS201,Data Structures,Section 2,2026-02-15,S3074,Synthetic Student 3074,present,0,qr,1,Sunday,08:00,4
CS201,Data Structures,Section 2,2026-02-15,S3076,Synthetic Student 3076,present,0,qr,1,Sunday,08:00,3
CS201,Data Structures,Section 2,2026-02-15,S3084,Synthetic Student 3084,present,0,qr,1,Sunday,08:00,5
CS201,Data Structures,Section 2,2026-02-15,S3087,Synthetic Student 3087,late,25,qr,1,Sunday,08:00,3
CS201,Data Structures,Section 2,2026-02-15,S3088,Synthetic Student 3088,present,0,qr,1,Sunday,08:00,4
ENG101,Technical English,Section 1,2026-02-15,S3002,Synthetic Student 3002,present,0,manual,1,Sunday,08:00,5
ENG101,Technical English,Section 1,2026-02-15,S3005,Synthetic Student 3005,absent,0,qr,1,Sunday,08:00,5
ENG101,Technical English,Section 1,2026-02-15,S3010,Synthetic Student 3010,late,17,qr,1,Sunday,08:00,5
ENG101,Technical English,Section 1,2026-02-15,S3011,Synthetic Student 3011,absent,0,qr,1,Sunday,08:00,3
ENG101,Technical English,Section 1,2026-02-15,S3013,Synthetic Student 3013,absent,0,qr,1,Sunday,08:00,3
ENG101,Technical English,Section 1,2026-02-15,S3015,Synthetic Student 3015,absent,0,qr,1,Sunday,08:00,4
ENG101,Technical English,Section 1,2026-02-15,S3017,Synthetic Student 3017,absent,0,qr,1,Sunday,08:00,4
ENG101,Technical English,Section 1,2026-02-15,S3021,Synthetic Student 3021,present,0,qr,1,Sunday,08:00,3
ENG101,Technical English,Section 1,2026-02-15,S3030,Synthetic Student 3030,absent,0,qr,1,Sunday,08:00,3
ENG101,Technical English,Section 1,2026-02-15,S3032,Synthetic Student 3032,present,0,qr,1,Sunday,08:00,5
ENG101,Technical English,Section 1,2026-02-15,S3034,Synthetic Student 3034,absent,0,qr,1,Sunday,08:00,4
ENG101,Technical English,Section 1,2026-02-15,S3037,Synthetic Student 3037,absent,0,qr,1,Sunday,08:00,3
ENG101,Technical English,Section 1,2026-02-15,S3040,Synthetic Student 3040,present,0,qr,1,Sunday,08:00,5
ENG101,Technical English,Section 1,2026-02-15,S3041,Synthetic Student 3041,absent,0,qr,1,Sunday,08:00,5
ENG101,Technical English,Section 1,2026-02-15,S3044,Synthetic Student 3044,present,0,qr,1,Sunday,08:00,4
ENG101,Technical English,Section 1,2026-02-15,S3045,Synthetic Student 3045,present,0,qr,1,Sunday,08:00,5
ENG101,Technical English,Section 1,2026-02-15,S3048,Synthetic Student 3048,present,0,qr,1,Sunday,08:00,5
ENG101,Technical English,Section 1,2026-02-15,S3050,Synthetic Student 3050,absent,0,qr,1,Sunday,08:00,5
ENG101,Technical English,Section 1,2026-02-15,S3054,Synthetic Student 3054,absent,0,qr,1,Sunday,08:00,5
ENG101,Technical English,Section 1,2026-02-15,S3059,Synthetic Student 3059,present,0,qr,1,Sunday,08:00,5
ENG101,Technical English,Section 1,2026-02-15,S3064,Synthetic Student 3064,present,0,qr,1,Sunday,08:00,2
ENG101,Technical English,Section 1,2026-02-15,S3068,Synthetic Student 3068,late,36,qr,1,Sunday,08:00,5
ENG101,Technical English,Section 1,2026-02-15,S3069,Synthetic Student 3069,present,0,qr,1,Sunday,08:00,3
ENG101,Technical English,Section 1,2026-02-15,S3071,Synthetic Student 3071,present,0,qr,1,Sunday,08:00,3
ENG101,Technical English,Section 1,2026-02-15,S3072,Synthetic Student 3072,present,0,qr,1,Sunday,08:00,2
ENG101,Technical English,Section 1,2026-02-15,S3075,Synthetic Student 3075,present,0,qr,1,Sunday,08:00,4
ENG101,Technical English,Section 1,2026-02-15,S3078,Synthetic Student 3078,present,0,qr,1,Sunday,08:00,2
ENG101,Technical English,Section 1,2026-02-15,S3081,Synthetic Student 3081,absent,0,qr,1,Sunday,08:00,5
ENG101,Technical English,Section 1,2026-02-15,S3083,Synthetic Student 3083,late,22,qr,1,Sunday,08:00,5
ENG101,Technical English,Section 1,2026-02-15,S3086,Synthetic Student 3086,present,0,qr,1,Sunday,08:00,3
ENG101,Technical English,Section 1,2026-02-15,S3090,Synthetic Student 3090,present,0,qr,1,Sunday,08:00,3
ENG101,Technical English,Section 2,2026-02-18,S3003,Synthetic Student 3003,present,0,qr,1,Wednesday,10:00,3
ENG101,Technical English,Section 2,2026-02-18,S3008,Synthetic Student 3008,present,0,qr,1,Wednesday,10:00,4
ENG101,Technical English,Section 2,2026-02-18,S3012,Synthetic Student 3012,late,37,qr,1,Wednesday,10:00,5
ENG101,Technical English,Section 2,2026-02-18,S3016,Synthetic Student 3016,present,0,qr,1,Wednesday,10:00,3
ENG101,Technical English,Section 2,2026-02-18,S3024,Synthetic Student 3024,present,0,qr,1,Wednesday,10:00,5
ENG101,Technical English,Section 2,2026-02-18,S3027,Synthetic Student 3027,present,0,qr,1,Wednesday,10:00,5
ENG101,Technical English,Section 2,2026-02-18,S3028,Synthetic Student 3028,absent,0,qr,1,Wednesday,10:00,3
ENG101,Technical English,Section 2,2026-02-18,S3031,Synthetic Student 3031,present,0,qr,1,Wednesday,10:00,5
ENG101,Technical English,Section 2,2026-02-18,S3033,Synthetic Student 3033,present,0,qr,1,Wednesday,10:00,5
ENG101,Technical English,Section 2,2026-02-18,S3038,Synthetic Student 3038,absent,0,qr,1,Wednesday,10:00,4
ENG101,Technical English,Section 2,2026-02-18,S3039,Synthetic Student 3039,absent,0,qr,1,Wednesday,10:00,4
ENG101,Technical English,Section 2,2026-02-18,S3042,Synthetic Student 3042,present,0,qr,1,Wednesday,10:00,5
ENG101,Technical English,Section 2,2026-02-18,S3043,Synthetic Student 3043,absent,0,qr,1,Wednesday,10:00,4
ENG101,Technical English,Section 2,2026-02-18,S3047,Synthetic Student 3047,present,0,qr,1,Wednesday,10:00,2
ENG101,Technical English,Section 2,2026-02-18,S3051,Synthetic Student 3051,present,0,qr,1,Wednesday,10:00,5
ENG101,Technical English,Section 2,2026-02-18,S3052,Synthetic Student 3052,present,0,qr,1,Wednesday,10:00,2
ENG101,Technical English,Section 2,2026-02-18,S3055,Synthetic Student 3055,absent,0,qr,1,Wednesday,10:00,4
ENG101,Technical English,Section 2,2026-02-18,S3058,Synthetic Student 3058,absent,0,qr,1,Wednesday,10:00,3
ENG101,Technical English,Section 2,2026-02-18,S3062,Synthetic Student 3062,present,0,qr,1,Wednesday,10:00,5
ENG101,Technical English,Section 2,2026-02-18,S3063,Synthetic Student 3063,absent,0,qr,1,Wednesday,10:00,3
ENG101,Technical English,Section 2,2026-02-18,S3067,Synthetic Student 3067,absent,0,qr,1,Wednesday,10:00,5
ENG101,Technical English,Section 2,2026-02-18,S3070,Synthetic Student 3070,absent,0,qr,1,Wednesday,10:00,5
ENG101,Technical English,Section 2,2026-02-18,S3076,Synthetic Student 3076,present,0,qr,1,Wednesday,10:00,3
ENG101,Technical English,Section 2,2026-02-18,S3079,Synthetic Student 3079,absent,0,qr,1,Wednesday,10:00,5
ENG101,Technical English,Section 2,2026-02-18,S3080,Synthetic Student 3080,late,21,qr,1,Wednesday,10:00,4
ENG101,Technical English,Section 2,2026-02-18,S3084,Synthetic Student 3084,present,0,qr,1,Wednesday,10:00,5
ENG101,Technical English,Section 2,2026-02-18,S3085,Synthetic Student 3085,absent,0,qr,1,Wednesday,10:00,5
MATH101,Calculus I,Section 2,2026-02-18,S3002,Synthetic Student 3002,present,0,qr,1,Wednesday,14:00,5
MATH101,Calculus I,Section 2,2026-02-18,S3003,Synthetic Student 3003,present,0,qr,1,Wednesday,14:00,3
MATH101,Calculus I,Section 2,2026-02-18,S3004,Synthetic Student 3004,present,0,qr,1,Wednesday,14:00,3
MATH101,Calculus I,Section 2,2026-02-18,S3009,Synthetic Student 3009,present,0,qr,1,Wednesday,14:00,4
MATH101,Calculus I,Section 2,2026-02-18,S3019,Synthetic Student 3019,present,0,qr,1,Wednesday,14:00,3
MATH101,Calculus I,Section 2,2026-02-18,S3024,Synthetic Student 3024,absent,0,qr,1,Wednesday,14:00,5
MATH101,Calculus I,Section 2,2026-02-18,S3025,Synthetic Student 3025,absent,0,qr,1,Wednesday,14:00,2
MATH101,Calculus I,Section 2,2026-02-18,S3031,Synthetic Student 3031,present,0,qr,1,Wednesday,14:00,5
MATH101,Calculus I,Section 2,2026-02-18,S3033,Synthetic Student 3033,absent,0,qr,1,Wednesday,14:00,5
MATH101,Calculus I,Section 2,2026-02-18,S3034,Synthetic Student 3034,present,0,qr,1,Wednesday,14:00,4
MATH101,Calculus I,Section 2,2026-02-18,S3039,Synthetic Student 3039,absent,0,qr,1,Wednesday,14:00,4
MATH101,Calculus I,Section 2,2026-02-18,S3040,Synthetic Student 3040,present,0,qr,1,Wednesday,14:00,5
MATH101,Calculus I,Section 2,2026-02-18,S3041,Synthetic Student 3041,absent,0,qr,1,Wednesday,14:00,5
MATH101,Calculus I,Section 2,2026-02-18,S3042,Synthetic Student 3042,absent,0,qr,1,Wednesday,14:00,5
MATH101,Calculus I,Section 2,2026-02-18,S3046,Synthetic Student 3046,present,0,qr,1,Wednesday,14:00,3
MATH101,Calculus I,Section 2,2026-02-18,S3049,Synthetic Student 3049,present,0,qr,1,Wednesday,14:00,4
MATH101,Calculus I,Section 2,2026-02-18,S3051,Synthetic Student 3051,late,27,qr,1,Wednesday,14:00,5
MATH101,Calculus I,Section 2,2026-02-18,S3052,Synthetic Student 3052,present,0,qr,1,Wednesday,14:00,2
MATH101,Calculus I,Section 2,2026-02-18,S3053,Synthetic Student 3053,absent,0,qr,1,Wednesday,14:00,2
MATH101,Calculus I,Section 2,2026-02-18,S3055,Synthetic Student 3055,present,0,qr,1,Wednesday,14:00,4
MATH101,Calculus I,Section 2,2026-02-18,S3056,Synthetic Student 3056,absent,0,qr,1,Wednesday,14:00,4
MATH101,Calculus I,Section 2,2026-02-18,S3062,Synthetic Student 3062,present,0,qr,1,Wednesday,14:00,5
MATH101,Calculus I,Section 2,2026-02-18,S3065,Synthetic Student 3065,present,0,qr,1,Wednesday,14:00,2
MATH101,Calculus I,Section 2,2026-02-18,S3066,Synthetic Student 3066,present,0,qr,1,Wednesday,14:00,3
MATH101,Calculus I,Section 2,2026-02-18,S3068,Synthetic Student 3068,absent,0,qr,1,Wednesday,14:00,5
MATH101,Calculus I,Section 2,2026-02-18,S3070,Synthetic Student 3070,absent,0,qr,1,Wednesday,14:00,5
MATH101,Calculus I,Section 2,2026-02-18,S3077,Synthetic Student 3077,present,0,qr,1,Wednesday,14:00,3
MATH101,Calculus I,Section 2,2026-02-18,S3082,Synthetic Student 3082,absent,0,qr,1,Wednesday,14:00,2
MATH101,Calculus I,Section 2,2026-02-18,S3083,Synthetic Student 3083,present,0,qr,1,Wednesday,14:00,5
MATH101,Calculus I,Section 2,2026-02-18,S3085,Synthetic Student 3085,present,0,qr,1,Wednesday,14:00,5
MATH101,Calculus I,Section 2,2026-02-18,S3087,Synthetic Student 3087,present,0,qr,1,Wednesday,14:00,3
MATH101,Calculus I,Section 2,2026-02-18,S3089,Synthetic Student 3089,absent,0,qr,1,Wednesday,14:00,2
CS101,Intro to Programming,Section 1,2026-02-19,S3004,Synthetic Student 3004,present,0,qr,1,Thursday,08:00,3
CS101,Intro to Programming,Section 1,2026-02-19,S3007,Synthetic Student 3007,present,0,qr,1,Thursday,08:00,2
CS101,Intro to Programming,Section 1,2026-02-19,S3008,Synthetic Student 3008,present,0,qr,1,Thursday,08:00,4
CS101,Intro to Programming,Section 1,2026-02-19,S3010,Synthetic Student 3010,absent,0,qr,1,Thursday,08:00,5
CS101,Intro to Programming,Section 1,2026-02-19,S3012,Synthetic Student 3012,present,0,qr,1,Thursday,08:00,5
CS101,Intro to Programming,Section 1,2026-02-19,S3014,Synthetic Student 3014,present,0,qr,1,Thursday,08:00,2
CS101,Intro to Programming,Section 1,2026-02-19,S3020,Synthetic Student 3020,late,27,qr,1,Thursday,08:00,2
CS101,Intro to Programming,Section 1,2026-02-19,S3022,Synthetic Student 3022,present,0,qr,1,Thursday,08:00,3
CS101,Intro to Programming,Section 1,2026-02-19,S3024,Synthetic Student 3024,absent,0,qr,1,Thursday,08:00,5
CS101,Intro to Programming,Section 1,2026-02-19,S3030,Synthetic Student 3030,absent,0,qr,1,Thursday,08:00,3
CS101,Intro to Programming,Section 1,2026-02-19,S3031,Synthetic Student 3031,absent,0,qr,1,Thursday,08:00,5
CS101,Intro to Programming,Section 1,2026-02-19,S3032,Synthetic Student 3032,absent,0,qr,1,Thursday,08:00,5
CS101,Intro to Programming,Section 1,2026-02-19,S3034,Synthetic Student 3034,present,0,qr,1,Thursday,08:00,4
CS101,Intro to Programming,Section 1,2026-02-19,S3036,Synthetic Student 3036,present,0,qr,1,Thursday,08:00,4
CS101,Intro to Programming,Section 1,2026-02-19,S3038,Synthetic Student 3038,present,0,qr,1,Thursday,08:00,4
CS101,Intro to Programming,Section 1,2026-02-19,S3041,Synthetic Student 3041,present,0,qr,1,Thursday,08:00,5
CS101,Intro to Programming,Section 1,2026-02-19,S3045,Synthetic Student 3045,absent,0,qr,1,Thursday,08:00,5
CS101,Intro to Programming,Section 1,2026-02-19,S3056,Synthetic Student 3056,present,0,qr,1,Thursday,08:00,4
CS101,Intro to Programming,Section 1,2026-02-19,S3058,Synthetic Student 3058,absent,0,qr,1,Thursday,08:00,3
CS101,Intro to Programming,Section 1,2026-02-19,S3059,Synthetic Student 3059,present,0,qr,1,Thursday,08:00,5
CS101,Intro to Programming,Section 1,2026-02-19,S3060,Synthetic Student 3060,present,0,qr,1,Thursday,08:00,2
CS101,Intro to Programming,Section 1,2026-02-19,S3061,Synthetic Student 3061,present,0,qr,1,Thursday,08:00,4
CS101,Intro to Programming,Section 1,2026-02-19,S3063,Synthetic Student 3063,absent,0,qr,1,Thursday,08:00,3
CS101,Intro to Programming,Section 1,2026-02-19,S3068,Synthetic Student 3068,absent,0,qr,1,Thursday,08:00,5
CS101,Intro to Programming,Section 1,2026-02-19,S3071,Synthetic Student 3071,late,22,qr,1,Thursday,08:00,3
CS101,Intro to Programming,Section 1,2026-02-19,S3073,Synthetic Student 3073,absent,0,qr,1,Thursday,08:00,3
CS101,Intro to Programming,Section 1,2026-02-19,S3074,Synthetic Student 3074,late,32,qr,1,Thursday,08:00,4
CS101,Intro to Programming,Section 1,2026-02-19,S3080,Synthetic Student 3080,absent,0,qr,1,Thursday,08:00,4
CS101,Intro to Programming,Section 1,2026-02-19,S3082,Synthetic Student 3082,present,0,qr,1,Thursday,08:00,2
CS101,Intro to Programming,Section 1,2026-02-19,S3086,Synthetic Student 3086,absent,0,qr,1,Thursday,08:00,3
CS101,Intro to Programming,Section 1,2026-02-19,S3089,Synthetic Student 3089,present,0,qr,1,Thursday,08:00,2
MATH101,Calculus I,Section 1,2026-02-19,S3005,Synthetic Student 3005,present,0,qr,1,Thursday,08:00,5
MATH101,Calculus I,Section 1,2026-02-19,S3007,Synthetic Student 3007,present,0,qr,1,Thursday,08:00,2
MATH101,Calculus I,Section 1,2026-02-19,S3010,Synthetic Student 3010,present,0,qr,1,Thursday,08:00,5
MATH101,Calculus I,Section 1,2026-02-19,S3012,Synthetic Student 3012,present,0,qr,1,Thursday,08:00,5
MATH101,Calculus I,Section 1,2026-02-19,S3013,Synthetic Student 3013,late,19,qr,1,Thursday,08:00,3
MATH101,Calculus I,Section 1,2026-02-19,S3015,Synthetic Student 3015,present,0,qr,1,Thursday,08:00,4
MATH101,Calculus I,Section 1,2026-02-19,S3016,Synthetic Student 3016,present,0,qr,1,Thursday,08:00,3
MATH101,Calculus I,Section 1,2026-02-19,S3017,Synthetic Student 3017,present,0,qr,1,Thursday,08:00,4
MATH101,Calculus I,Section 1,2026-02-19,S3018,Synthetic Student 3018,present,0,qr,1,Thursday,08:00,3
MATH101,Calculus I,Section 1,2026-02-19,S3022,Synthetic Student 3022,present,0,qr,1,Thursday,08:00,3
MATH101,Calculus I,Section 1,2026-02-19,S3023,Synthetic Student 3023,present,0,qr,1,Thursday,08:00,2
MATH101,Calculus I,Section 1,2026-02-19,S3027,Synthetic Student 3027,present,0,qr,1,Thursday,08:00,5
MATH101,Calculus I,Section 1,2026-02-19,S3028,Synthetic Student 3028,present,0,qr,1,Thursday,08:00,3
MATH101,Calculus I,Section 1,2026-02-19,S3029,Synthetic Student 3029,present,0,qr,1,Thursday,08:00,3
MATH101,Calculus I,Section 1,2026-02-19,S3032,Synthetic Student 3032,absent,0,qr,1,Thursday,08:00,5
MATH101,Calculus I,Section 1,2026-02-19,S3036,Synthetic Student 3036,absent,0,qr,1,Thursday,08:00,4
MATH101,Calculus I,Section 1,2026-02-19,S3038,Synthetic Student 3038,present,0,qr,1,Thursday,08:00,4
MATH101,Calculus I,Section 1,2026-02-19,S3043,Synthetic Student 3043,present,0,qr,1,Thursday,08:00,4
MATH101,Calculus I,Section 1,2026-02-19,S3044,Synthetic Student 3044,absent,0,qr,1,Thursday,08:00,4
MATH101,Calculus I,Section 1,2026-02-19,S3045,Synthetic Student 3045,late,23,qr,1,Thursday,08:00,5
MATH101,Calculus I,Section 1,2026-02-19,S3048,Synthetic Student 3048,absent,0,qr,1,Thursday,08:00,5
MATH101,Calculus I,Section 1,2026-02-19,S3050,Synthetic Student 3050,absent,0,qr,1,Thursday,08:00,5
MATH101,Calculus I,Section 1,2026-02-19,S3054,Synthetic Student 3054,present,0,qr,1,Thursday,08:00,5
MATH101,Calculus I,Section 1,2026-02-19,S3058,Synthetic Student 3058,absent,0,qr,1,Thursday,08:00,3
MATH101,Calculus I,Section 1,2026-02-19,S3059,Synthetic Student 3059,present,0,qr,1,Thursday,08:00,5
MATH101,Calculus I,Section 1,2026-02-19,S3061,Synthetic Student 3061,absent,0,qr,1,Thursday,08:00,4
MATH101,Calculus I,Section 1,2026-02-19,S3067,Synthetic Student 3067,absent,0,qr,1,Thursday,08:00,5
MATH101,Calculus I,Section 1,2026-02-19,S3073,Synthetic Student 3073,present,0,qr,1,Thursday,08:00,3
MATH101,Calculus I,Section 1,2026-02-19,S3074,Synthetic Student 3074,present,0,qr,1,Thursday,08:00,4
MATH101,Calculus I,Section 1,2026-02-19,S3076,Synthetic Student 3076,present,0,qr,1,Thursday,08:00,3
MATH101,Calculus I,Section 1,2026-02-19,S3079,Synthetic Student 3079,late,30,qr,1,Thursday,08:00,5
MATH101,Calculus I,Section 1,2026-02-19,S3081,Synthetic Student 3081,present,0,qr,1,Thursday,08:00,5
MATH101,Calculus I,Section 1,2026-02-19,S3084,Synthetic Student 3084,present,0,qr,1,Thursday,08:00,5
MATH101,Calculus I,Section 1,2026-02-19,S3086,Synthetic Student 3086,present,0,qr,1,Thursday,08:00,3
MATH101,Calculus I,Section 1,2026-02-19,S3088,Synthetic Student 3088,present,0,qr,1,Thursday,08:00,4
MATH101,Calculus I,Section 1,2026-02-19,S3090,Synthetic Student 3090,late,18,qr,1,Thursday,08:00,3
CS101,Intro to Programming,Section 2,2026-02-21,S3002,Synthetic Student 3002,present,0,qr,2,Saturday,12:00,5
CS101,Intro to Programming,Section 2,2026-02-21,S3003,Synthetic Student 3003,present,0,qr,2,Saturday,12:00,3
CS101,Intro to Programming,Section 2,2026-02-21,S3005,Synthetic Student 3005,present,0,qr,2,Saturday,12:00,5
CS101,Intro to Programming,Section 2,2026-02-21,S3006,Synthetic Student 3006,present,0,qr,2,Saturday,12:00,2
CS101,Intro to Programming,Section 2,2026-02-21,S3009,Synthetic Student 3009,present,0,qr,2,Saturday,12:00,4
CS101,Intro to Programming,Section 2,2026-02-21,S3011,Synthetic Student 3011,absent,0,qr,2,Saturday,12:00,3
CS101,Intro to Programming,Section 2,2026-02-21,S3016,Synthetic Student 3016,present,0,qr,2,Saturday,12:00,3
CS101,Intro to Programming,Section 2,2026-02-21,S3017,Synthetic Student 3017,present,0,qr,2,Saturday,12:00,4
CS101,Intro to Programming,Section 2,2026-02-21,S3018,Synthetic Student 3018,absent,0,qr,2,Saturday,12:00,3
CS101,Intro to Programming,Section 2,2026-02-21,S3019,Synthetic Student 3019,present,0,qr,2,Saturday,12:00,3
CS101,Intro to Programming,Section 2,2026-02-21,S3021,Synthetic Student 3021,present,0,qr,2,Saturday,12:00,3
CS101,Intro to Programming,Section 2,2026-02-21,S3025,Synthetic Student 3025,present,0,qr,2,Saturday,12:00,2
CS101,Intro to Programming,Section 2,2026-02-21,S3027,Synthetic Student 3027,late,23,qr,2,Saturday,12:00,5
CS101,Intro to Programming,Section 2,2026-02-21,S3029,Synthetic Student 3029,present,0,qr,2,Saturday,12:00,3
CS101,Intro to Programming,Section 2,2026-02-21,S3033,Synthetic Student 3033,present,0,qr,2,Saturday,12:00,5
CS101,Intro to Programming,Section 2,2026-02-21,S3035,Synthetic Student 3035,absent,0,qr,2,Saturday,12:00,2
CS101,Intro to Programming,Section 2,2026-02-21,S3040,Synthetic Student 3040,present,0,qr,2,Saturday,12:00,5
CS101,Intro to Programming,Section 2,2026-02-21,S3042,Synthetic Student 3042,present,0,qr,2,Saturday,12:00,5
CS101,Intro to Programming,Section 2,2026-02-21,S3044,Synthetic Student 3044,present,0,qr,2,Saturday,12:00,4
CS101,Intro to Programming,Section 2,2026-02-21,S3046,Synthetic Student 3046,present,0,qr,2,Saturday,12:00,3
CS101,Intro to Programming,Section 2,2026-02-21,S3047,Synthetic Student 3047,absent,0,qr,2,Saturday,12:00,2
CS101,Intro to Programming,Section 2,2026-02-21,S3048,Synthetic Student 3048,present,0,qr,2,Saturday,12:00,5
CS101,Intro to Programming,Section 2,2026-02-21,S3049,Synthetic Student 3049,present,0,qr,2,Saturday,12:00,4
CS101,Intro to Programming,Section 2,2026-02-21,S3050,Synthetic Student 3050,present,0,qr,2,Saturday,12:00,5
CS101,Intro to Programming,Section 2,2026-02-21,S3051,Synthetic Student 3051,present,0,qr,2,Saturday,12:00,5
CS101,Intro to Programming,Section 2,2026-02-21,S3054,Synthetic Student 3054,present,0,qr,2,Saturday,12:00,5
CS101,Intro to Programming,Section 2,2026-02-21,S3057,Synthetic Student 3057,present,0,qr,2,Saturday,12:00,3
CS101,Intro to Programming,Section 2,2026-02-21,S3062,Synthetic Student 3062,present,0,qr,2,Saturday,12:00,5
CS101,Intro to Programming,Section 2,2026-02-21,S3067,Synthetic Student 3067,absent,0,qr,2,Saturday,12:00,5
CS101,Intro to Programming,Section 2,2026-02-21,S3070,Synthetic Student 3070,late,27,qr,2,Saturday,12:00,5
CS101,Intro to Programming,Section 2,2026-02-21,S3075,Synthetic Student 3075,absent,0,qr,2,Saturday,12:00,4
CS101,Intro to Programming,Section 2,2026-02-21,S3078,Synthetic Student 3078,present,0,qr,2,Saturday,12:00,2
CS101,Intro to Programming,Section 2,2026-02-21,S3079,Synthetic Student 3079,present,0,qr,2,Saturday,12:00,5
CS101,Intro to Programming,Section 2,2026-02-21,S3081,Synthetic Student 3081,present,0,qr,2,Saturday,12:00,5
CS101,Intro to Programming,Section 2,2026-02-21,S3083,Synthetic Student 3083,present,0,qr,2,Saturday,12:00,5
CS101,Intro to Programming,Section 2,2026-02-21,S3084,Synthetic Student 3084,present,0,qr,2,Saturday,12:00,5
CS101,Intro to Programming,Section 2,2026-02-21,S3085,Synthetic Student 3085,present,0,qr,2,Saturday,12:00,5
CS101,Intro to Programming,Section 2,2026-02-21,S3087,Synthetic Student 3087,absent,0,qr,2,Saturday,12:00,3
CS101,Intro to Programming,Section 2,2026-02-21,S3088,Synthetic Student 3088,late,17,qr,2,Saturday,12:00,4
PHY101,Physics I,Section 1,2026-02-21,S3001,Synthetic Student 3001,present,0,qr,2,Saturday,08:00,2
PHY101,Physics I,Section 1,2026-02-21,S3009,Synthetic Student 3009,present,0,qr,2,Saturday,08:00,4
PHY101,Physics I,Section 1,2026-02-21,S3010,Synthetic Student 3010,late,27,qr,2,Saturday,08:00,5
PHY101,Physics I,Section 1,2026-02-21,S3018,Synthetic Student 3018,present,0,qr,2,Saturday,08:00,3
PHY101,Physics I,Section 1,2026-02-21,S3020,Synthetic Student 3020,present,0,qr,2,Saturday,08:00,2
PHY101,Physics I,Section 1,2026-02-21,S3026,Synthetic Student 3026,present,0,qr,2,Saturday,08:00,2
PHY101,Physics I,Section 1,2026-02-21,S3027,Synthetic Student 3027,absent,0,qr,2,Saturday,08:00,5
PHY101,Physics I,Section 1,2026-02-21,S3029,Synthetic Student 3029,present,0,qr,2,Saturday,08:00,3
PHY101,Physics I,Section 1,2026-02-21,S3030,Synthetic Student 3030,absent,0,qr,2,Saturday,08:00,3
PHY101,Physics I,Section 1,2026-02-21,S3033,Synthetic Student 3033,present,0,qr,2,Saturday,08:00,5
PHY101,Physics I,Section 1,2026-02-21,S3036,Synthetic Student 3036,absent,0,qr,2,Saturday,08:00,4
PHY101,Physics I,Section 1,2026-02-21,S3037,Synthetic Student 3037,present,0,qr,2,Saturday,08:00,3
PHY101,Physics I,Section 1,2026-02-21,S3041,Synthetic Student 3041,present,0,qr,2,Saturday,08:00,5
PHY101,Physics I,Section 1,2026-02-21,S3043,Synthetic Student 3043,absent,0,qr,2,Saturday,08:00,4
PHY101,Physics I,Section 1,2026-02-21,S3044,Synthetic Student 3044,present,0,qr,2,Saturday,08:00,4
PHY101,Physics I,Section 1,2026-02-21,S3045,Synthetic Student 3045,late,20,qr,2,Saturday,08:00,5
PHY101,Physics I,Section 1,2026-02-21,S3048,Synthetic Student 3048,present,0,qr,2,Saturday,08:00,5
PHY101,Physics I,Section 1,2026-02-21,S3050,Synthetic Student 3050,present,0,qr,2,Saturday,08:00,5
PHY101,Physics I,Section 1,2026-02-21,S3051,Synthetic Student 3051,absent,0,qr,2,Saturday,08:00,5
PHY101,Physics I,Section 1,2026-02-21,S3054,Synthetic Student 3054,present,0,qr,2,Saturday,08:00,5
PHY101,Physics I,Section 1,2026-02-21,S3055,Synthetic Student 3055,absent,0,qr,2,Saturday,08:00,4
PHY101,Physics I,Section 1,2026-02-21,S3056,Synthetic Student 3056,late,37,qr,2,Saturday,08:00,4
PHY101,Physics I,Section 1,2026-02-21,S3057,Synthetic Student 3057,present,0,qr,2,Saturday,08:00,3
PHY101,Physics I,Section 1,2026-02-21,S3059,Synthetic Student 3059,absent,0,qr,2,Saturday,08:00,5
PHY101,Physics I,Section 1,2026-02-21,S3060,Synthetic Student 3060,present,0,qr,2,Saturday,08:00,2
PHY101,Physics I,Section 1,2026-02-21,S3061,Synthetic Student 3061,late,39,qr,2,Saturday,08:00,4
PHY101,Physics I,Section 1,2026-02-21,S3064,Synthetic Student 3064,present,0,qr,2,Saturday,08:00,2
PHY101,Physics I,Section 1,2026-02-21,S3065,Synthetic Student 3065,present,0,qr,2,Saturday,08:00,2
PHY101,Physics I,Section 1,2026-02-21,S3066,Synthetic Student 3066,late,30,qr,2,Saturday,08:00,3
PHY101,Physics I,Section 1,2026-02-21,S3067,Synthetic Student 3067,late,26,qr,2,Saturday,08:00,5
PHY101,Physics I,Section 1,2026-02-21,S3069,Synthetic Student 3069,absent,0,qr,2,Saturday,08:00,3
PHY101,Physics I,Section 1,2026-02-21,S3071,Synthetic Student 3071,late,39,qr,2,Saturday,08:00,3
PHY101,Physics I,Section 1,2026-02-21,S3074,Synthetic Student 3074,absent,0,qr,2,Saturday,08:00,4
PHY101,Physics I,Section 1,2026-02-21,S3075,Synthetic Student 3075,present,0,qr,2,Saturday,08:00,4
PHY101,Physics I,Section 1,2026-02-21,S3077,Synthetic Student 3077,present,0,qr,2,Saturday,08:00,3
PHY101,Physics I,Section 1,2026-02-21,S3079,Synthetic Student 3079,present,0,qr,2,Saturday,08:00,5
PHY101,Physics I,Section 1,2026-02-21,S3080,Synthetic Student 3080,absent,0,qr,2,Saturday,08:00,4
PHY101,Physics I,Section 1,2026-02-21,S3081,Synthetic Student 3081,late,27,qr,2,Saturday,08:00,5
PHY101,Physics I,Section 1,2026-02-21,S3090,Synthetic Student 3090,present,0,qr,2,Saturday,08:00,3
PHY101,Physics I,Section 2,2026-02-21,S3002,Synthetic Student 3002,present,0,qr,2,Saturday,10:00,5
PHY101,Physics I,Section 2,2026-02-21,S3004,Synthetic Student 3004,present,0,qr,2,Saturday,10:00,3
PHY101,Physics I,Section 2,2026-02-21,S3005,Synthetic Student 3005,present,0,qr,2,Saturday,10:00,5
PHY101,Physics I,Section 2,2026-02-21,S3008,Synthetic Student 3008,present,0,qr,2,Saturday,10:00,4
PHY101,Physics I,Section 2,2026-02-21,S3012,Synthetic Student 3012,present,0,qr,2,Saturday,10:00,5
PHY101,Physics I,Section 2,2026-02-21,S3015,Synthetic Student 3015,present,0,qr,2,Saturday,10:00,4
PHY101,Physics I,Section 2,2026-02-21,S3019,Synthetic Student 3019,late,16,qr,2,Saturday,10:00,3
PHY101,Physics I,Section 2,2026-02-21,S3022,Synthetic Student 3022,absent,0,qr,2,Saturday,10:00,3
PHY101,Physics I,Section 2,2026-02-21,S3024,Synthetic Student 3024,present,0,qr,2,Saturday,10:00,5
PHY101,Physics I,Section 2,2026-02-21,S3031,Synthetic Student 3031,absent,0,qr,2,Saturday,10:00,5
PHY101,Physics I,Section 2,2026-02-21,S3032,Synthetic Student 3032,absent,0,qr,2,Saturday,10:00,5
PHY101,Physics I,Section 2,2026-02-21,S3034,Synthetic Student 3034,present,0,qr,2,Saturday,10:00,4
PHY101,Physics I,Section 2,2026-02-21,S3035,Synthetic Student 3035,absent,0,qr,2,Saturday,10:00,2
PHY101,Physics I,Section 2,2026-02-21,S3039,Synthetic Student 3039,absent,0,qr,2,Saturday,10:00,4
PHY101,Physics I,Section 2,2026-02-21,S3040,Synthetic Student 3040,present,0,qr,2,Saturday,10:00,5
PHY101,Physics I,Section 2,2026-02-21,S3042,Synthetic Student 3042,present,0,qr,2,Saturday,10:00,5
PHY101,Physics I,Section 2,2026-02-21,S3046,Synthetic Student 3046,late,28,qr,2,Saturday,10:00,3
PHY101,Physics I,Section 2,2026-02-21,S3049,Synthetic Student 3049,present,0,qr,2,Saturday,10:00,4
PHY101,Physics I,Section 2,2026-02-21,S3062,Synthetic Student 3062,absent,0,qr,2,Saturday,10:00,5
PHY101,Physics I,Section 2,2026-02-21,S3063,Synthetic Student 3063,absent,0,qr,2,Saturday,10:00,3
PHY101,Physics I,Section 2,2026-02-21,S3068,Synthetic Student 3068,present,0,qr,2,Saturday,10:00,5
PHY101,Physics I,Section 2,2026-02-21,S3070,Synthetic Student 3070,present,0,qr,2,Saturday,10:00,5
PHY101,Physics I,Section 2,2026-02-21,S3083,Synthetic Student 3083,absent,0,qr,2,Saturday,10:00,5
PHY101,Physics I,Section 2,2026-02-21,S3084,Synthetic Student 3084,present,0,qr,2,Saturday,10:00,5
PHY101,Physics I,Section 2,2026-02-21,S3085,Synthetic Student 3085,present,0,qr,2,Saturday,10:00,5
PHY101,Physics I,Section 2,2026-02-21,S3088,Synthetic Student 3088,absent,0,qr,2,Saturday,10:00,4
CS201,Data Structures,Section 1,2026-02-22,S3005,Synthetic Student 3005,absent,0,qr,2,Sunday,10:00,5
CS201,Data Structures,Section 1,2026-02-22,S3008,Synthetic Student 3008,late,40,qr,2,Sunday,10:00,4
CS201,Data Structures,Section 1,2026-02-22,S3009,Synthetic Student 3009,present,0,qr,2,Sunday,10:00,4
CS201,Data Structures,Section 1,2026-02-22,S3010,Synthetic Student 3010,present,0,qr,2,Sunday,10:00,5
CS201,Data Structures,Section 1,2026-02-22,S3012,Synthetic Student 3012,absent,0,qr,2,Sunday,10:00,5
CS201,Data Structures,Section 1,2026-02-22,S3015,Synthetic Student 3015,absent,0,qr,2,Sunday,10:00,4
CS201,Data Structures,Section 1,2026-02-22,S3017,Synthetic Student 3017,present,0,qr,2,Sunday,10:00,4
CS201,Data Structures,Section 1,2026-02-22,S3021,Synthetic Student 3021,present,0,qr,2,Sunday,10:00,3
CS201,Data Structures,Section 1,2026-02-22,S3023,Synthetic Student 3023,present,0,qr,2,Sunday,10:00,2
CS201,Data Structures,Section 1,2026-02-22,S3032,Synthetic Student 3032,present,0,qr,2,Sunday,10:00,5
CS201,Data Structures,Section 1,2026-02-22,S3033,Synthetic Student 3033,present,0,qr,2,Sunday,10:00,5
CS201,Data Structures,Section 1,2026-02-22,S3036,Synthetic Student 3036,absent,0,qr,2,Sunday,10:00,4
CS201,Data Structures,Section 1,2026-02-22,S3037,Synthetic Student 3037,present,0,qr,2,Sunday,10:00,3
CS201,Data Structures,Section 1,2026-02-22,S3038,Synthetic Student 3038,present,0,qr,2,Sunday,10:00,4
CS201,Data Structures,Section 1,2026-02-22,S3039,Synthetic Student 3039,present,0,qr,2,Sunday,10:00,4
CS201,Data Structures,Section 1,2026-02-22,S3040,Synthetic Student 3040,present,0,qr,2,Sunday,10:00,5
CS201,Data Structures,Section 1,2026-02-22,S3041,Synthetic Student 3041,present,0,qr,2,Sunday,10:00,5
CS201,Data Structures,Section 1,2026-02-22,S3043,Synthetic Student 3043,present,0,qr,2,Sunday,10:00,4
CS201,Data Structures,Section 1,2026-02-22,S3048,Synthetic Student 3048,present,0,qr,2,Sunday,10:00,5
CS201,Data Structures,Section 1,2026-02-22,S3053,Synthetic Student 3053,late,39,qr,2,Sunday,10:00,2
CS201,Data Structures,Section 1,2026-02-22,S3057,Synthetic Student 3057,absent,0,qr,2,Sunday,10:00,3
CS201,Data Structures,Section 1,2026-02-22,S3068,Synthetic Student 3068,present,0,qr,2,Sunday,10:00,5
CS201,Data Structures,Section 1,2026-02-22,S3070,Synthetic Student 3070,present,0,qr,2,Sunday,10:00,5
CS201,Data Structures,Section 1,2026-02-22,S3075,Synthetic Student 3075,present,0,qr,2,Sunday,10:00,4
CS201,Data Structures,Section 1,2026-02-22,S3077,Synthetic Student 3077,present,0,qr,2,Sunday,10:00,3
CS201,Data Structures,Section 1,2026-02-22,S3079,Synthetic Student 3079,present,0,qr,2,Sunday,10:00,5
CS201,Data Structures,Section 1,2026-02-22,S3080,Synthetic Student 3080,late,21,qr,2,Sunday,10:00,4
CS201,Data Structures,Section 1,2026-02-22,S3081,Synthetic Student 3081,present,0,qr,2,Sunday,10:00,5
CS201,Data Structures,Section 1,2026-02-22,S3083,Synthetic Student 3083,present,0,qr,2,Sunday,10:00,5
CS201,Data Structures,Section 1,2026-02-22,S3085,Synthetic Student 3085,present,0,qr,2,Sunday,10:00,5
CS201,Data Structures,Section 2,2026-02-22,S3001,Synthetic Student 3001,late,23,qr,2,Sunday,08:00,2
CS201,Data Structures,Section 2,2026-02-22,S3002,Synthetic Student 3002,present,0,qr,2,Sunday,08:00,5
CS201,Data Structures,Section 2,2026-02-22,S3006,Synthetic Student 3006,absent,0,qr,2,Sunday,08:00,2
CS201,Data Structures,Section 2,2026-02-22,S3011,Synthetic Student 3011,absent,0,qr,2,Sunday,08:00,3
CS201,Data Structures,Section 2,2026-02-22,S3013,Synthetic Student 3013,late,27,qr,2,Sunday,08:00,3
CS201,Data Structures,Section 2,2026-02-22,S3014,Synthetic Student 3014,present,0,qr,2,Sunday,08:00,2
CS201,Data Structures,Section 2,2026-02-22,S3024,Synthetic Student 3024,absent,0,qr,2,Sunday,08:00,5
CS201,Data Structures,Section 2,2026-02-22,S3026,Synthetic Student 3026,late,19,qr,2,Sunday,08:00,2
CS201,Data Structures,Section 2,2026-02-22,S3027,Synthetic Student 3027,present,0,qr,2,Sunday,08:00,5
CS201,Data Structures,Section 2,2026-02-22,S3028,Synthetic Student 3028,late,18,qr,2,Sunday,08:00,3
CS201,Data Structures,Section 2,2026-02-22,S3031,Synthetic Student 3031,late,31,qr,2,Sunday,08:00,5
CS201,Data Structures,Section 2,2026-02-22,S3042,Synthetic Student 3042,late,19,qr,2,Sunday,08:00,5
CS201,Data Structures,Section 2,2026-02-22,S3045,Synthetic Student 3045,present,0,qr,2,Sunday,08:00,5
CS201,Data Structures,Section 2,2026-02-22,S3049,Synthetic Student 3049,excused,0,manual,2,Sunday,08:00,4
CS201,Data Structures,Section 2,2026-02-22,S3050,Synthetic Student 3050,late,35,qr,2,Sunday,08:00,5
CS201,Data Structures,Section 2,2026-02-22,S3051,Synthetic Student 3051,present,0,qr,2,Sunday,08:00,5
CS201,Data Structures,Section 2,2026-02-22,S3054,Synthetic Student 3054,present,0,qr,2,Sunday,08:00,5
CS201,Data Structures,Section 2,2026-02-22,S3055,Synthetic Student 3055,absent,0,qr,2,Sunday,08:00,4
CS201,Data Structures,Section 2,2026-02-22,S3056,Synthetic Student 3056,absent,0,qr,2,Sunday,08:00,4
CS201,Data Structures,Section 2,2026-02-22,S3059,Synthetic Student 3059,present,0,qr,2,Sunday,08:00,5
CS201,Data Structures,Section 2,2026-02-22,S3061,Synthetic Student 3061,present,0,qr,2,Sunday,08:00,4
CS201,Data Structures,Section 2,2026-02-22,S3062,Synthetic Student 3062,absent,0,qr,2,Sunday,08:00,5
CS201,Data Structures,Section 2,2026-02-22,S3066,Synthetic Student 3066,present,0,qr,2,Sunday,08:00,3
CS201,Data Structures,Section 2,2026-02-22,S3067,Synthetic Student 3067,present,0,qr,2,Sunday,08:00,5
CS201,Data Structures,Section 2,2026-02-22,S3069,Synthetic Student 3069,present,0,qr,2,Sunday,08:00,3
CS201,Data Structures,Section 2,2026-02-22,S3072,Synthetic Student 3072,present,0,qr,2,Sunday,08:00,2
CS201,Data Structures,Section 2,2026-02-22,S3073,Synthetic Student 3073,absent,0,qr,2,Sunday,08:00,3
CS201,Data Structures,Section 2,2026-02-22,S3074,Synthetic Student 3074,present,0,qr,2,Sunday,08:00,4
CS201,Data Structures,Section 2,2026-02-22,S3076,Synthetic Student 3076,present,0,qr,2,Sunday,08:00,3
CS201,Data Structures,Section 2,2026-02-22,S3084,Synthetic Student 3084,present,0,qr,2,Sunday,08:00,5
CS201,Data Structures,Section 2,2026-02-22,S3087,Synthetic Student 3087,absent,0,qr,2,Sunday,08:00,3
CS201,Data Structures,Section 2,2026-02-22,S3088,Synthetic Student 3088,present,0,qr,2,Sunday,08:00,4
ENG101,Technical English,Section 1,2026-02-22,S3002,Synthetic Student 3002,present,0,qr,2,Sunday,08:00,5
ENG101,Technical English,Section 1,2026-02-22,S3005,Synthetic Student 3005,absent,0,qr,2,Sunday,08:00,5
ENG101,Technical English,Section 1,2026-02-22,S3010,Synthetic Student 3010,present,0,qr,2,Sunday,08:00,5
ENG101,Technical English,Section 1,2026-02-22,S3011,Synthetic Student 3011,absent,0,qr,2,Sunday,08:00,3
ENG101,Technical English,Section 1,2026-02-22,S3013,Synthetic Student 3013,absent,0,qr,2,Sunday,08:00,3
ENG101,Technical English,Section 1,2026-02-22,S3015,Synthetic Student 3015,present,0,qr,2,Sunday,08:00,4
ENG101,Technical English,Section 1,2026-02-22,S3017,Synthetic Student 3017,present,0,qr,2,Sunday,08:00,4
ENG101,Technical English,Section 1,2026-02-22,S3021,Synthetic Student 3021,late,20,qr,2,Sunday,08:00,3
ENG101,Technical English,Section 1,2026-02-22,S3030,Synthetic Student 3030,present,0,qr,2,Sunday,08:00,3
ENG101,Technical English,Section 1,2026-02-22,S3032,Synthetic Student 3032,present,0,qr,2,Sunday,08:00,5
ENG101,Technical English,Section 1,2026-02-22,S3034,Synthetic Student 3034,present,0,qr,2,Sunday,08:00,4
ENG101,Technical English,Section 1,2026-02-22,S3037,Synthetic Student 3037,absent,0,qr,2,Sunday,08:00,3
ENG101,Technical English,Section 1,2026-02-22,S3040,Synthetic Student 3040,present,0,qr,2,Sunday,08:00,5
ENG101,Technical English,Section 1,2026-02-22,S3041,Synthetic Student 3041,late,30,qr,2,Sunday,08:00,5
ENG101,Technical English,Section 1,2026-02-22,S3044,Synthetic Student 3044,absent,0,qr,2,Sunday,08:00,4
ENG101,Technical English,Section 1,2026-02-22,S3045,Synthetic Student 3045,absent,0,qr,2,Sunday,08:00,5
ENG101,Technical English,Section 1,2026-02-22,S3048,Synthetic Student 3048,absent,0,qr,2,Sunday,08:00,5
ENG101,Technical English,Section 1,2026-02-22,S3050,Synthetic Student 3050,present,0,qr,2,Sunday,08:00,5
ENG101,Technical English,Section 1,2026-02-22,S3054,Synthetic Student 3054,present,0,qr,2,Sunday,08:00,5
ENG101,Technical English,Section 1,2026-02-22,S3059,Synthetic Student 3059,late,31,qr,2,Sunday,08:00,5
ENG101,Technical English,Section 1,2026-02-22,S3064,Synthetic Student 3064,present,0,qr,2,Sunday,08:00,2
ENG101,Technical English,Section 1,2026-02-22,S3068,Synthetic Student 3068,excused,0,manual,2,Sunday,08:00,5
ENG101,Technical English,Section 1,2026-02-22,S3069,Synthetic Student 3069,present,0,qr,2,Sunday,08:00,3
ENG101,Technical English,Section 1,2026-02-22,S3071,Synthetic Student 3071,present,0,qr,2,Sunday,08:00,3
ENG101,Technical English,Section 1,2026-02-22,S3072,Synthetic Student 3072,present,0,qr,2,Sunday,08:00,2
ENG101,Technical English,Section 1,2026-02-22,S3075,Synthetic Student 3075,present,0,qr,2,Sunday,08:00,4
ENG101,Technical English,Section 1,2026-02-22,S3078,Synthetic Student 3078,present,0,qr,2,Sunday,08:00,2
ENG101,Technical English,Section 1,2026-02-22,S3081,Synthetic Student 3081,late,31,qr,2,Sunday,08:00,5
ENG101,Technical English,Section 1,2026-02-22,S3083,Synthetic Student 3083,absent,0,qr,2,Sunday,08:00,5
ENG101,Technical English,Section 1,2026-02-22,S3086,Synthetic Student 3086,present,0,qr,2,Sunday,08:00,3
ENG101,Technical English,Section 1,2026-02-22,S3090,Synthetic Student 3090,present,0,qr,2,Sunday,08:00,3
ENG101,Technical English,Section 2,2026-02-25,S3003,Synthetic Student 3003,present,0,qr,2,Wednesday,10:00,3
ENG101,Technical English,Section 2,2026-02-25,S3008,Synthetic Student 3008,present,0,qr,2,Wednesday,10:00,4
ENG101,Technical English,Section 2,2026-02-25,S3012,Synthetic Student 3012,late,36,qr,2,Wednesday,10:00,5
ENG101,Technical English,Section 2,2026-02-25,S3016,Synthetic Student 3016,absent,0,qr,2,Wednesday,10:00,3
ENG101,Technical English,Section 2,2026-02-25,S3024,Synthetic Student 3024,absent,0,qr,2,Wednesday,10:00,5
ENG101,Technical English,Section 2,2026-02-25,S3027,Synthetic Student 3027,present,0,qr,2,Wednesday,10:00,5
ENG101,Technical English,Section 2,2026-02-25,S3028,Synthetic Student 3028,absent,0,qr,2,Wednesday,10:00,3
ENG101,Technical English,Section 2,2026-02-25,S3031,Synthetic Student 3031,present,0,qr,2,Wednesday,10:00,5
ENG101,Technical English,Section 2,2026-02-25,S3033,Synthetic Student 3033,absent,0,qr,2,Wednesday,10:00,5
ENG101,Technical English,Section 2,2026-02-25,S3038,Synthetic Student 3038,present,0,qr,2,Wednesday,10:00,4
ENG101,Technical English,Section 2,2026-02-25,S3039,Synthetic Student 3039,present,0,qr,2,Wednesday,10:00,4
ENG101,Technical English,Section 2,2026-02-25,S3042,Synthetic Student 3042,present,0,qr,2,Wednesday,10:00,5
ENG101,Technical English,Section 2,2026-02-25,S3043,Synthetic Student 3043,present,0,qr,2,Wednesday,10:00,4
ENG101,Technical English,Section 2,2026-02-25,S3047,Synthetic Student 3047,late,27,qr,2,Wednesday,10:00,2
ENG101,Technical English,Section 2,2026-02-25,S3051,Synthetic Student 3051,present,0,qr,2,Wednesday,10:00,5
ENG101,Technical English,Section 2,2026-02-25,S3052,Synthetic Student 3052,absent,0,qr,2,Wednesday,10:00,2
ENG101,Technical English,Section 2,2026-02-25,S3055,Synthetic Student 3055,present,0,qr,2,Wednesday,10:00,4
ENG101,Technical English,Section 2,2026-02-25,S3058,Synthetic Student 3058,present,0,qr,2,Wednesday,10:00,3
ENG101,Technical English,Section 2,2026-02-25,S3062,Synthetic Student 3062,absent,0,qr,2,Wednesday,10:00,5
ENG101,Technical English,Section 2,2026-02-25,S3063,Synthetic Student 3063,absent,0,qr,2,Wednesday,10:00,3
ENG101,Technical English,Section 2,2026-02-25,S3067,Synthetic Student 3067,present,0,qr,2,Wednesday,10:00,5
ENG101,Technical English,Section 2,2026-02-25,S3070,Synthetic Student 3070,present,0,qr,2,Wednesday,10:00,5
ENG101,Technical English,Section 2,2026-02-25,S3076,Synthetic Student 3076,present,0,qr,2,Wednesday,10:00,3
ENG101,Technical English,Section 2,2026-02-25,S3079,Synthetic Student 3079,present,0,qr,2,Wednesday,10:00,5
ENG101,Technical English,Section 2,2026-02-25,S3080,Synthetic Student 3080,present,0,qr,2,Wednesday,10:00,4
ENG101,Technical English,Section 2,2026-02-25,S3084,Synthetic Student 3084,present,0,qr,2,Wednesday,10:00,5
ENG101,Technical English,Section 2,2026-02-25,S3085,Synthetic Student 3085,excused,0,manual,2,Wednesday,10:00,5
MATH101,Calculus I,Section 2,2026-02-25,S3002,Synthetic Student 3002,late,27,qr,2,Wednesday,14:00,5
MATH101,Calculus I,Section 2,2026-02-25,S3003,Synthetic Student 3003,absent,0,qr,2,Wednesday,14:00,3
MATH101,Calculus I,Section 2,2026-02-25,S3004,Synthetic Student 3004,absent,0,qr,2,Wednesday,14:00,3
MATH101,Calculus I,Section 2,2026-02-25,S3009,Synthetic Student 3009,present,0,qr,2,Wednesday,14:00,4
MATH101,Calculus I,Section 2,2026-02-25,S3019,Synthetic Student 3019,present,0,qr,2,Wednesday,14:00,3
MATH101,Calculus I,Section 2,2026-02-25,S3024,Synthetic Student 3024,present,0,qr,2,Wednesday,14:00,5
MATH101,Calculus I,Section 2,2026-02-25,S3025,Synthetic Student 3025,present,0,qr,2,Wednesday,14:00,2
MATH101,Calculus I,Section 2,2026-02-25,S3031,Synthetic Student 3031,present,0,qr,2,Wednesday,14:00,5
MATH101,Calculus I,Section 2,2026-02-25,S3033,Synthetic Student 3033,present,0,qr,2,Wednesday,14:00,5
MATH101,Calculus I,Section 2,2026-02-25,S3034,Synthetic Student 3034,present,0,qr,2,Wednesday,14:00,4
MATH101,Calculus I,Section 2,2026-02-25,S3039,Synthetic Student 3039,present,0,qr,2,Wednesday,14:00,4
MATH101,Calculus I,Section 2,2026-02-25,S3040,Synthetic Student 3040,present,0,qr,2,Wednesday,14:00,5
MATH101,Calculus I,Section 2,2026-02-25,S3041,Synthetic Student 3041,present,0,qr,2,Wednesday,14:00,5
MATH101,Calculus I,Section 2,2026-02-25,S3042,Synthetic Student 3042,present,0,qr,2,Wednesday,14:00,5
MATH101,Calculus I,Section 2,2026-02-25,S3046,Synthetic Student 3046,present,0,qr,2,Wednesday,14:00,3
MATH101,Calculus I,Section 2,2026-02-25,S3049,Synthetic Student 3049,late,16,qr,2,Wednesday,14:00,4
MATH101,Calculus I,Section 2,2026-02-25,S3051,Synthetic Student 3051,present,0,qr,2,Wednesday,14:00,5
MATH101,Calculus I,Section 2,2026-02-25,S3052,Synthetic Student 3052,absent,0,qr,2,Wednesday,14:00,2
MATH101,Calculus I,Section 2,2026-02-25,S3053,Synthetic Student 3053,present,0,qr,2,Wednesday,14:00,2
MATH101,Calculus I,Section 2,2026-02-25,S3055,Synthetic Student 3055,present,0,qr,2,Wednesday,14:00,4
MATH101,Calculus I,Section 2,2026-02-25,S3056,Synthetic Student 3056,present,0,qr,2,Wednesday,14:00,4
MATH101,Calculus I,Section 2,2026-02-25,S3062,Synthetic Student 3062,absent,0,qr,2,Wednesday,14:00,5
MATH101,Calculus I,Section 2,2026-02-25,S3065,Synthetic Student 3065,absent,0,qr,2,Wednesday,14:00,2
MATH101,Calculus I,Section 2,2026-02-25,S3066,Synthetic Student 3066,present,0,qr,2,Wednesday,14:00,3
MATH101,Calculus I,Section 2,2026-02-25,S3068,Synthetic Student 3068,present,0,qr,2,Wednesday,14:00,5
MATH101,Calculus I,Section 2,2026-02-25,S3070,Synthetic Student 3070,absent,0,qr,2,Wednesday,14:00,5
MATH101,Calculus I,Section 2,2026-02-25,S3077,Synthetic Student 3077,present,0,qr,2,Wednesday,14:00,3
MATH101,Calculus I,Section 2,2026-02-25,S3082,Synthetic Student 3082,late,36,qr,2,Wednesday,14:00,2
MATH101,Calculus I,Section 2,2026-02-25,S3083,Synthetic Student 3083,present,0,qr,2,Wednesday,14:00,5
MATH101,Calculus I,Section 2,2026-02-25,S3085,Synthetic Student 3085,absent,0,qr,2,Wednesday,14:00,5
MATH101,Calculus I,Section 2,2026-02-25,S3087,Synthetic Student 3087,present,0,qr,2,Wednesday,14:00,3
MATH101,Calculus I,Section 2,2026-02-25,S3089,Synthetic Student 3089,present,0,qr,2,Wednesday,14:00,2
CS101,Intro to Programming,Section 1,2026-02-26,S3004,Synthetic Student 3004,present,0,qr,2,Thursday,08:00,3
CS101,Intro to Programming,Section 1,2026-02-26,S3007,Synthetic Student 3007,absent,0,qr,2,Thursday,08:00,2
CS101,Intro to Programming,Section 1,2026-02-26,S3008,Synthetic Student 3008,absent,0,qr,2,Thursday,08:00,4
CS101,Intro to Programming,Section 1,2026-02-26,S3010,Synthetic Student 3010,present,0,qr,2,Thursday,08:00,5
CS101,Intro to Programming,Section 1,2026-02-26,S3012,Synthetic Student 3012,excused,0,manual,2,Thursday,08:00,5
CS101,Intro to Programming,Section 1,2026-02-26,S3014,Synthetic Student 3014,absent,0,qr,2,Thursday,08:00,2
CS101,Intro to Programming,Section 1,2026-02-26,S3020,Synthetic Student 3020,late,25,qr,2,Thursday,08:00,2
CS101,Intro to Programming,Section 1,2026-02-26,S3022,Synthetic Student 3022,present,0,qr,2,Thursday,08:00,3
CS101,Intro to Programming,Section 1,2026-02-26,S3024,Synthetic Student 3024,absent,0,qr,2,Thursday,08:00,5
CS101,Intro to Programming,Section 1,2026-02-26,S3030,Synthetic Student 3030,absent,0,qr,2,Thursday,08:00,3
CS101,Intro to Programming,Section 1,2026-02-26,S3031,Synthetic Student 3031,late,27,qr,2,Thursday,08:00,5
CS101,Intro to Programming,Section 1,2026-02-26,S3032,Synthetic Student 3032,late,27,qr,2,Thursday,08:00,5
CS101,Intro to Programming,Section 1,2026-02-26,S3034,Synthetic Student 3034,present,0,qr,2,Thursday,08:00,4
CS101,Intro to Programming,Section 1,2026-02-26,S3036,Synthetic Student 3036,absent,0,qr,2,Thursday,08:00,4
CS101,Intro to Programming,Section 1,2026-02-26,S3038,Synthetic Student 3038,present,0,qr,2,Thursday,08:00,4
CS101,Intro to Programming,Section 1,2026-02-26,S3041,Synthetic Student 3041,absent,0,qr,2,Thursday,08:00,5
CS101,Intro to Programming,Section 1,2026-02-26,S3045,Synthetic Student 3045,present,0,qr,2,Thursday,08:00,5
CS101,Intro to Programming,Section 1,2026-02-26,S3056,Synthetic Student 3056,present,0,qr,2,Thursday,08:00,4
CS101,Intro to Programming,Section 1,2026-02-26,S3058,Synthetic Student 3058,absent,0,qr,2,Thursday,08:00,3
CS101,Intro to Programming,Section 1,2026-02-26,S3059,Synthetic Student 3059,present,0,qr,2,Thursday,08:00,5
CS101,Intro to Programming,Section 1,2026-02-26,S3060,Synthetic Student 3060,present,0,qr,2,Thursday,08:00,2
CS101,Intro to Programming,Section 1,2026-02-26,S3061,Synthetic Student 3061,present,0,qr,2,Thursday,08:00,4
CS101,Intro to Programming,Section 1,2026-02-26,S3063,Synthetic Student 3063,present,0,qr,2,Thursday,08:00,3
CS101,Intro to Programming,Section 1,2026-02-26,S3068,Synthetic Student 3068,absent,0,qr,2,Thursday,08:00,5
CS101,Intro to Programming,Section 1,2026-02-26,S3071,Synthetic Student 3071,present,0,qr,2,Thursday,08:00,3
CS101,Intro to Programming,Section 1,2026-02-26,S3073,Synthetic Student 3073,late,27,qr,2,Thursday,08:00,3
CS101,Intro to Programming,Section 1,2026-02-26,S3074,Synthetic Student 3074,present,0,qr,2,Thursday,08:00,4
CS101,Intro to Programming,Section 1,2026-02-26,S3080,Synthetic Student 3080,present,0,qr,2,Thursday,08:00,4
CS101,Intro to Programming,Section 1,2026-02-26,S3082,Synthetic Student 3082,absent,0,qr,2,Thursday,08:00,2
CS101,Intro to Programming,Section 1,2026-02-26,S3086,Synthetic Student 3086,present,0,qr,2,Thursday,08:00,3
CS101,Intro to Programming,Section 1,2026-02-26,S3089,Synthetic Student 3089,absent,0,qr,2,Thursday,08:00,2
MATH101,Calculus I,Section 1,2026-02-26,S3005,Synthetic Student 3005,absent,0,qr,2,Thursday,08:00,5
MATH101,Calculus I,Section 1,2026-02-26,S3007,Synthetic Student 3007,late,27,qr,2,Thursday,08:00,2
MATH101,Calculus I,Section 1,2026-02-26,S3010,Synthetic Student 3010,present,0,qr,2,Thursday,08:00,5
MATH101,Calculus I,Section 1,2026-02-26,S3012,Synthetic Student 3012,present,0,qr,2,Thursday,08:00,5
MATH101,Calculus I,Section 1,2026-02-26,S3013,Synthetic Student 3013,absent,0,qr,2,Thursday,08:00,3
MATH101,Calculus I,Section 1,2026-02-26,S3015,Synthetic Student 3015,absent,0,qr,2,Thursday,08:00,4
MATH101,Calculus I,Section 1,2026-02-26,S3016,Synthetic Student 3016,absent,0,qr,2,Thursday,08:00,3
MATH101,Calculus I,Section 1,2026-02-26,S3017,Synthetic Student 3017,present,0,qr,2,Thursday,08:00,4
MATH101,Calculus I,Section 1,2026-02-26,S3018,Synthetic Student 3018,absent,0,qr,2,Thursday,08:00,3
MATH101,Calculus I,Section 1,2026-02-26,S3022,Synthetic Student 3022,present,0,qr,2,Thursday,08:00,3
MATH101,Calculus I,Section 1,2026-02-26,S3023,Synthetic Student 3023,present,0,qr,2,Thursday,08:00,2
MATH101,Calculus I,Section 1,2026-02-26,S3027,Synthetic Student 3027,absent,0,qr,2,Thursday,08:00,5
MATH101,Calculus I,Section 1,2026-02-26,S3028,Synthetic Student 3028,present,0,qr,2,Thursday,08:00,3
MATH101,Calculus I,Section 1,2026-02-26,S3029,Synthetic Student 3029,present,0,qr,2,Thursday,08:00,3
MATH101,Calculus I,Section 1,2026-02-26,S3032,Synthetic Student 3032,present,0,qr,2,Thursday,08:00,5
MATH101,Calculus I,Section 1,2026-02-26,S3036,Synthetic Student 3036,present,0,qr,2,Thursday,08:00,4
MATH101,Calculus I,Section 1,2026-02-26,S3038,Synthetic Student 3038,present,0,qr,2,Thursday,08:00,4
MATH101,Calculus I,Section 1,2026-02-26,S3043,Synthetic Student 3043,present,0,qr,2,Thursday,08:00,4
MATH101,Calculus I,Section 1,2026-02-26,S3044,Synthetic Student 3044,present,0,qr,2,Thursday,08:00,4
MATH101,Calculus I,Section 1,2026-02-26,S3045,Synthetic Student 3045,present,0,qr,2,Thursday,08:00,5
MATH101,Calculus I,Section 1,2026-02-26,S3048,Synthetic Student 3048,absent,0,qr,2,Thursday,08:00,5
MATH101,Calculus I,Section 1,2026-02-26,S3050,Synthetic Student 3050,present,0,qr,2,Thursday,08:00,5
MATH101,Calculus I,Section 1,2026-02-26,S3054,Synthetic Student 3054,present,0,qr,2,Thursday,08:00,5
MATH101,Calculus I,Section 1,2026-02-26,S3058,Synthetic Student 3058,present,0,qr,2,Thursday,08:00,3
MATH101,Calculus I,Section 1,2026-02-26,S3059,Synthetic Student 3059,present,0,qr,2,Thursday,08:00,5
MATH101,Calculus I,Section 1,2026-02-26,S3061,Synthetic Student 3061,late,33,qr,2,Thursday,08:00,4
MATH101,Calculus I,Section 1,2026-02-26,S3067,Synthetic Student 3067,excused,0,manual,2,Thursday,08:00,5
MATH101,Calculus I,Section 1,2026-02-26,S3073,Synthetic Student 3073,present,0,qr,2,Thursday,08:00,3
MATH101,Calculus I,Section 1,2026-02-26,S3074,Synthetic Student 3074,present,0,qr,2,Thursday,08:00,4
MATH101,Calculus I,Section 1,2026-02-26,S3076,Synthetic Student 3076,present,0,qr,2,Thursday,08:00,3
MATH101,Calculus I,Section 1,2026-02-26,S3079,Synthetic Student 3079,absent,0,qr,2,Thursday,08:00,5
MATH101,Calculus I,Section 1,2026-02-26,S3081,Synthetic Student 3081,present,0,qr,2,Thursday,08:00,5
MATH101,Calculus I,Section 1,2026-02-26,S3084,Synthetic Student 3084,absent,0,qr,2,Thursday,08:00,5
MATH101,Calculus I,Section 1,2026-02-26,S3086,Synthetic Student 3086,present,0,qr,2,Thursday,08:00,3
MATH101,Calculus I,Section 1,2026-02-26,S3088,Synthetic Student 3088,absent,0,qr,2,Thursday,08:00,4
MATH101,Calculus I,Section 1,2026-02-26,S3090,Synthetic Student 3090,absent,0,qr,2,Thursday,08:00,3
CS101,Intro to Programming,Section 2,2026-02-28,S3002,Synthetic Student 3002,absent,0,qr,3,Saturday,12:00,5
CS101,Intro to Programming,Section 2,2026-02-28,S3003,Synthetic Student 3003,present,0,qr,3,Saturday,12:00,3
CS101,Intro to Programming,Section 2,2026-02-28,S3005,Synthetic Student 3005,present,0,qr,3,Saturday,12:00,5
CS101,Intro to Programming,Section 2,2026-02-28,S3006,Synthetic Student 3006,present,0,qr,3,Saturday,12:00,2
CS101,Intro to Programming,Section 2,2026-02-28,S3009,Synthetic Student 3009,present,0,qr,3,Saturday,12:00,4
CS101,Intro to Programming,Section 2,2026-02-28,S3011,Synthetic Student 3011,present,0,qr,3,Saturday,12:00,3
CS101,Intro to Programming,Section 2,2026-02-28,S3016,Synthetic Student 3016,present,0,qr,3,Saturday,12:00,3
CS101,Intro to Programming,Section 2,2026-02-28,S3017,Synthetic Student 3017,present,0,qr,3,Saturday,12:00,4
CS101,Intro to Programming,Section 2,2026-02-28,S3018,Synthetic Student 3018,present,0,qr,3,Saturday,12:00,3
CS101,Intro to Programming,Section 2,2026-02-28,S3019,Synthetic Student 3019,present,0,qr,3,Saturday,12:00,3
CS101,Intro to Programming,Section 2,2026-02-28,S3021,Synthetic Student 3021,present,0,qr,3,Saturday,12:00,3
CS101,Intro to Programming,Section 2,2026-02-28,S3025,Synthetic Student 3025,present,0,qr,3,Saturday,12:00,2
CS101,Intro to Programming,Section 2,2026-02-28,S3027,Synthetic Student 3027,late,19,qr,3,Saturday,12:00,5
CS101,Intro to Programming,Section 2,2026-02-28,S3029,Synthetic Student 3029,present,0,qr,3,Saturday,12:00,3
CS101,Intro to Programming,Section 2,2026-02-28,S3033,Synthetic Student 3033,present,0,qr,3,Saturday,12:00,5
CS101,Intro to Programming,Section 2,2026-02-28,S3035,Synthetic Student 3035,present,0,qr,3,Saturday,12:00,2
CS101,Intro to Programming,Section 2,2026-02-28,S3040,Synthetic Student 3040,present,0,qr,3,Saturday,12:00,5
CS101,Intro to Programming,Section 2,2026-02-28,S3042,Synthetic Student 3042,present,0,qr,3,Saturday,12:00,5
CS101,Intro to Programming,Section 2,2026-02-28,S3044,Synthetic Student 3044,late,27,qr,3,Saturday,12:00,4
CS101,Intro to Programming,Section 2,2026-02-28,S3046,Synthetic Student 3046,absent,0,qr,3,Saturday,12:00,3
CS101,Intro to Programming,Section 2,2026-02-28,S3047,Synthetic Student 3047,present,0,qr,3,Saturday,12:00,2
CS101,Intro to Programming,Section 2,2026-02-28,S3048,Synthetic Student 3048,absent,0,qr,3,Saturday,12:00,5
CS101,Intro to Programming,Section 2,2026-02-28,S3049,Synthetic Student 3049,present,0,qr,3,Saturday,12:00,4
CS101,Intro to Programming,Section 2,2026-02-28,S3050,Synthetic Student 3050,late,34,qr,3,Saturday,12:00,5
CS101,Intro to Programming,Section 2,2026-02-28,S3051,Synthetic Student 3051,present,0,qr,3,Saturday,12:00,5
CS101,Intro to Programming,Section 2,2026-02-28,S3054,Synthetic Student 3054,present,0,qr,3,Saturday,12:00,5
CS101,Intro to Programming,Section 2,2026-02-28,S3057,Synthetic Student 3057,absent,0,qr,3,Saturday,12:00,3
CS101,Intro to Programming,Section 2,2026-02-28,S3062,Synthetic Student 3062,present,0,qr,3,Saturday,12:00,5
CS101,Intro to Programming,Section 2,2026-02-28,S3067,Synthetic Student 3067,absent,0,qr,3,Saturday,12:00,5
CS101,Intro to Programming,Section 2,2026-02-28,S3070,Synthetic Student 3070,absent,0,qr,3,Saturday,12:00,5
CS101,Intro to Programming,Section 2,2026-02-28,S3075,Synthetic Student 3075,present,0,qr,3,Saturday,12:00,4
CS101,Intro to Programming,Section 2,2026-02-28,S3078,Synthetic Student 3078,present,0,qr,3,Saturday,12:00,2
CS101,Intro to Programming,Section 2,2026-02-28,S3079,Synthetic Student 3079,present,0,qr,3,Saturday,12:00,5
CS101,Intro to Programming,Section 2,2026-02-28,S3081,Synthetic Student 3081,present,0,qr,3,Saturday,12:00,5
CS101,Intro to Programming,Section 2,2026-02-28,S3083,Synthetic Student 3083,absent,0,qr,3,Saturday,12:00,5
CS101,Intro to Programming,Section 2,2026-02-28,S3084,Synthetic Student 3084,present,0,qr,3,Saturday,12:00,5
CS101,Intro to Programming,Section 2,2026-02-28,S3085,Synthetic Student 3085,present,0,qr,3,Saturday,12:00,5
CS101,Intro to Programming,Section 2,2026-02-28,S3087,Synthetic Student 3087,present,0,qr,3,Saturday,12:00,3
CS101,Intro to Programming,Section 2,2026-02-28,S3088,Synthetic Student 3088,present,0,qr,3,Saturday,12:00,4
PHY101,Physics I,Section 1,2026-02-28,S3001,Synthetic Student 3001,present,0,qr,3,Saturday,08:00,2
PHY101,Physics I,Section 1,2026-02-28,S3009,Synthetic Student 3009,present,0,qr,3,Saturday,08:00,4
PHY101,Physics I,Section 1,2026-02-28,S3010,Synthetic Student 3010,present,0,qr,3,Saturday,08:00,5
PHY101,Physics I,Section 1,2026-02-28,S3018,Synthetic Student 3018,present,0,qr,3,Saturday,08:00,3
PHY101,Physics I,Section 1,2026-02-28,S3020,Synthetic Student 3020,absent,0,qr,3,Saturday,08:00,2
PHY101,Physics I,Section 1,2026-02-28,S3026,Synthetic Student 3026,late,40,qr,3,Saturday,08:00,2
PHY101,Physics I,Section 1,2026-02-28,S3027,Synthetic Student 3027,present,0,qr,3,Saturday,08:00,5
PHY101,Physics I,Section 1,2026-02-28,S3029,Synthetic Student 3029,present,0,qr,3,Saturday,08:00,3
PHY101,Physics I,Section 1,2026-02-28,S3030,Synthetic Student 3030,present,0,qr,3,Saturday,08:00,3
PHY101,Physics I,Section 1,2026-02-28,S3033,Synthetic Student 3033,present,0,qr,3,Saturday,08:00,5
PHY101,Physics I,Section 1,2026-02-28,S3036,Synthetic Student 3036,absent,0,qr,3,Saturday,08:00,4
PHY101,Physics I,Section 1,2026-02-28,S3037,Synthetic Student 3037,present,0,qr,3,Saturday,08:00,3
PHY101,Physics I,Section 1,2026-02-28,S3041,Synthetic Student 3041,late,33,qr,3,Saturday,08:00,5
PHY101,Physics I,Section 1,2026-02-28,S3043,Synthetic Student 3043,late,35,qr,3,Saturday,08:00,4
PHY101,Physics I,Section 1,2026-02-28,S3044,Synthetic Student 3044,present,0,qr,3,Saturday,08:00,4
PHY101,Physics I,Section 1,2026-02-28,S3045,Synthetic Student 3045,absent,0,qr,3,Saturday,08:00,5
PHY101,Physics I,Section 1,2026-02-28,S3048,Synthetic Student 3048,present,0,qr,3,Saturday,08:00,5
PHY101,Physics I,Section 1,2026-02-28,S3050,Synthetic Student 3050,present,0,qr,3,Saturday,08:00,5
PHY101,Physics I,Section 1,2026-02-28,S3051,Synthetic Student 3051,present,0,qr,3,Saturday,08:00,5
PHY101,Physics I,Section 1,2026-02-28,S3054,Synthetic Student 3054,absent,0,qr,3,Saturday,08:00,5
PHY101,Physics I,Section 1,2026-02-28,S3055,Synthetic Student 3055,absent,0,qr,3,Saturday,08:00,4
PHY101,Physics I,Section 1,2026-02-28,S3056,Synthetic Student 3056,present,0,qr,3,Saturday,08:00,4
PHY101,Physics I,Section 1,2026-02-28,S3057,Synthetic Student 3057,present,0,qr,3,Saturday,08:00,3
PHY101,Physics I,Section 1,2026-02-28,S3059,Synthetic Student 3059,absent,0,qr,3,Saturday,08:00,5
PHY101,Physics I,Section 1,2026-02-28,S3060,Synthetic Student 3060,late,20,qr,3,Saturday,08:00,2
PHY101,Physics I,Section 1,2026-02-28,S3061,Synthetic Student 3061,late,25,qr,3,Saturday,08:00,4
PHY101,Physics I,Section 1,2026-02-28,S3064,Synthetic Student 3064,late,23,qr,3,Saturday,08:00,2
PHY101,Physics I,Section 1,2026-02-28,S3065,Synthetic Student 3065,present,0,qr,3,Saturday,08:00,2
PHY101,Physics I,Section 1,2026-02-28,S3066,Synthetic Student 3066,late,33,qr,3,Saturday,08:00,3
PHY101,Physics I,Section 1,2026-02-28,S3067,Synthetic Student 3067,absent,0,qr,3,Saturday,08:00,5
PHY101,Physics I,Section 1,2026-02-28,S3069,Synthetic Student 3069,absent,0,qr,3,Saturday,08:00,3
PHY101,Physics I,Section 1,2026-02-28,S3071,Synthetic Student 3071,present,0,qr,3,Saturday,08:00,3
PHY101,Physics I,Section 1,2026-02-28,S3074,Synthetic Student 3074,absent,0,qr,3,Saturday,08:00,4
PHY101,Physics I,Section 1,2026-02-28,S3075,Synthetic Student 3075,present,0,qr,3,Saturday,08:00,4
PHY101,Physics I,Section 1,2026-02-28,S3077,Synthetic Student 3077,present,0,qr,3,Saturday,08:00,3
PHY101,Physics I,Section 1,2026-02-28,S3079,Synthetic Student 3079,present,0,qr,3,Saturday,08:00,5
PHY101,Physics I,Section 1,2026-02-28,S3080,Synthetic Student 3080,present,0,qr,3,Saturday,08:00,4
PHY101,Physics I,Section 1,2026-02-28,S3081,Synthetic Student 3081,present,0,qr,3,Saturday,08:00,5
PHY101,Physics I,Section 1,2026-02-28,S3090,Synthetic Student 3090,present,0,qr,3,Saturday,08:00,3
PHY101,Physics I,Section 2,2026-02-28,S3002,Synthetic Student 3002,present,0,qr,3,Saturday,10:00,5
PHY101,Physics I,Section 2,2026-02-28,S3004,Synthetic Student 3004,present,0,qr,3,Saturday,10:00,3
PHY101,Physics I,Section 2,2026-02-28,S3005,Synthetic Student 3005,excused,0,manual,3,Saturday,10:00,5
PHY101,Physics I,Section 2,2026-02-28,S3008,Synthetic Student 3008,present,0,qr,3,Saturday,10:00,4
PHY101,Physics I,Section 2,2026-02-28,S3012,Synthetic Student 3012,present,0,qr,3,Saturday,10:00,5
PHY101,Physics I,Section 2,2026-02-28,S3015,Synthetic Student 3015,present,0,qr,3,Saturday,10:00,4
PHY101,Physics I,Section 2,2026-02-28,S3019,Synthetic Student 3019,present,0,qr,3,Saturday,10:00,3
PHY101,Physics I,Section 2,2026-02-28,S3022,Synthetic Student 3022,present,0,qr,3,Saturday,10:00,3
PHY101,Physics I,Section 2,2026-02-28,S3024,Synthetic Student 3024,present,0,qr,3,Saturday,10:00,5
PHY101,Physics I,Section 2,2026-02-28,S3031,Synthetic Student 3031,present,0,qr,3,Saturday,10:00,5
PHY101,Physics I,Section 2,2026-02-28,S3032,Synthetic Student 3032,present,0,qr,3,Saturday,10:00,5
PHY101,Physics I,Section 2,2026-02-28,S3034,Synthetic Student 3034,present,0,qr,3,Saturday,10:00,4
PHY101,Physics I,Section 2,2026-02-28,S3035,Synthetic Student 3035,present,0,qr,3,Saturday,10:00,2
PHY101,Physics I,Section 2,2026-02-28,S3039,Synthetic Student 3039,present,0,qr,3,Saturday,10:00,4
PHY101,Physics I,Section 2,2026-02-28,S3040,Synthetic Student 3040,present,0,qr,3,Saturday,10:00,5
PHY101,Physics I,Section 2,2026-02-28,S3042,Synthetic Student 3042,present,0,qr,3,Saturday,10:00,5
PHY101,Physics I,Section 2,2026-02-28,S3046,Synthetic Student 3046,excused,0,manual,3,Saturday,10:00,3
PHY101,Physics I,Section 2,2026-02-28,S3049,Synthetic Student 3049,present,0,qr,3,Saturday,10:00,4
PHY101,Physics I,Section 2,2026-02-28,S3062,Synthetic Student 3062,present,0,qr,3,Saturday,10:00,5
PHY101,Physics I,Section 2,2026-02-28,S3063,Synthetic Student 3063,late,18,qr,3,Saturday,10:00,3
PHY101,Physics I,Section 2,2026-02-28,S3068,Synthetic Student 3068,absent,0,qr,3,Saturday,10:00,5
PHY101,Physics I,Section 2,2026-02-28,S3070,Synthetic Student 3070,present,0,qr,3,Saturday,10:00,5
PHY101,Physics I,Section 2,2026-02-28,S3083,Synthetic Student 3083,absent,0,qr,3,Saturday,10:00,5
PHY101,Physics I,Section 2,2026-02-28,S3084,Synthetic Student 3084,present,0,qr,3,Saturday,10:00,5
PHY101,Physics I,Section 2,2026-02-28,S3085,Synthetic Student 3085,late,18,qr,3,Saturday,10:00,5
PHY101,Physics I,Section 2,2026-02-28,S3088,Synthetic Student 3088,present,0,qr,3,Saturday,10:00,4
CS201,Data Structures,Section 1,2026-03-01,S3005,Synthetic Student 3005,present,0,qr,3,Sunday,10:00,5
CS201,Data Structures,Section 1,2026-03-01,S3008,Synthetic Student 3008,present,0,qr,3,Sunday,10:00,4
CS201,Data Structures,Section 1,2026-03-01,S3009,Synthetic Student 3009,present,0,qr,3,Sunday,10:00,4
CS201,Data Structures,Section 1,2026-03-01,S3010,Synthetic Student 3010,present,0,qr,3,Sunday,10:00,5
CS201,Data Structures,Section 1,2026-03-01,S3012,Synthetic Student 3012,present,0,qr,3,Sunday,10:00,5
CS201,Data Structures,Section 1,2026-03-01,S3015,Synthetic Student 3015,present,0,qr,3,Sunday,10:00,4
CS201,Data Structures,Section 1,2026-03-01,S3017,Synthetic Student 3017,present,0,qr,3,Sunday,10:00,4
CS201,Data Structures,Section 1,2026-03-01,S3021,Synthetic Student 3021,late,37,qr,3,Sunday,10:00,3
CS201,Data Structures,Section 1,2026-03-01,S3023,Synthetic Student 3023,present,0,qr,3,Sunday,10:00,2
CS201,Data Structures,Section 1,2026-03-01,S3032,Synthetic Student 3032,present,0,qr,3,Sunday,10:00,5
CS201,Data Structures,Section 1,2026-03-01,S3033,Synthetic Student 3033,absent,0,qr,3,Sunday,10:00,5
CS201,Data Structures,Section 1,2026-03-01,S3036,Synthetic Student 3036,absent,0,qr,3,Sunday,10:00,4
CS201,Data Structures,Section 1,2026-03-01,S3037,Synthetic Student 3037,present,0,qr,3,Sunday,10:00,3
CS201,Data Structures,Section 1,2026-03-01,S3038,Synthetic Student 3038,absent,0,qr,3,Sunday,10:00,4
CS201,Data Structures,Section 1,2026-03-01,S3039,Synthetic Student 3039,present,0,qr,3,Sunday,10:00,4
CS201,Data Structures,Section 1,2026-03-01,S3040,Synthetic Student 3040,absent,0,qr,3,Sunday,10:00,5
CS201,Data Structures,Section 1,2026-03-01,S3041,Synthetic Student 3041,present,0,qr,3,Sunday,10:00,5
CS201,Data Structures,Section 1,2026-03-01,S3043,Synthetic Student 3043,absent,0,qr,3,Sunday,10:00,4
CS201,Data Structures,Section 1,2026-03-01,S3048,Synthetic Student 3048,absent,0,qr,3,Sunday,10:00,5
CS201,Data Structures,Section 1,2026-03-01,S3053,Synthetic Student 3053,absent,0,qr,3,Sunday,10:00,2
CS201,Data Structures,Section 1,2026-03-01,S3057,Synthetic Student 3057,present,0,qr,3,Sunday,10:00,3
CS201,Data Structures,Section 1,2026-03-01,S3068,Synthetic Student 3068,absent,0,qr,3,Sunday,10:00,5
CS201,Data Structures,Section 1,2026-03-01,S3070,Synthetic Student 3070,present,0,qr,3,Sunday,10:00,5
CS201,Data Structures,Section 1,2026-03-01,S3075,Synthetic Student 3075,absent,0,qr,3,Sunday,10:00,4
CS201,Data Structures,Section 1,2026-03-01,S3077,Synthetic Student 3077,present,0,qr,3,Sunday,10:00,3
CS201,Data Structures,Section 1,2026-03-01,S3079,Synthetic Student 3079,present,0,qr,3,Sunday,10:00,5
CS201,Data Structures,Section 1,2026-03-01,S3080,Synthetic Student 3080,present,0,qr,3,Sunday,10:00,4
CS201,Data Structures,Section 1,2026-03-01,S3081,Synthetic Student 3081,present,0,qr,3,Sunday,10:00,5
CS201,Data Structures,Section 1,2026-03-01,S3083,Synthetic Student 3083,present,0,qr,3,Sunday,10:00,5
CS201,Data Structures,Section 1,2026-03-01,S3085,Synthetic Student 3085,absent,0,qr,3,Sunday,10:00,5
CS201,Data Structures,Section 2,2026-03-01,S3001,Synthetic Student 3001,present,0,qr,3,Sunday,08:00,2
CS201,Data Structures,Section 2,2026-03-01,S3002,Synthetic Student 3002,late,37,qr,3,Sunday,08:00,5
CS201,Data Structures,Section 2,2026-03-01,S3006,Synthetic Student 3006,present,0,qr,3,Sunday,08:00,2
CS201,Data Structures,Section 2,2026-03-01,S3011,Synthetic Student 3011,late,28,qr,3,Sunday,08:00,3
CS201,Data Structures,Section 2,2026-03-01,S3013,Synthetic Student 3013,absent,0,qr,3,Sunday,08:00,3
CS201,Data Structures,Section 2,2026-03-01,S3014,Synthetic Student 3014,present,0,qr,3,Sunday,08:00,2
CS201,Data Structures,Section 2,2026-03-01,S3024,Synthetic Student 3024,present,0,qr,3,Sunday,08:00,5
CS201,Data Structures,Section 2,2026-03-01,S3026,Synthetic Student 3026,present,0,qr,3,Sunday,08:00,2
CS201,Data Structures,Section 2,2026-03-01,S3027,Synthetic Student 3027,present,0,qr,3,Sunday,08:00,5
CS201,Data Structures,Section 2,2026-03-01,S3028,Synthetic Student 3028,absent,0,qr,3,Sunday,08:00,3
CS201,Data Structures,Section 2,2026-03-01,S3031,Synthetic Student 3031,absent,0,qr,3,Sunday,08:00,5
CS201,Data Structures,Section 2,2026-03-01,S3042,Synthetic Student 3042,late,31,qr,3,Sunday,08:00,5
CS201,Data Structures,Section 2,2026-03-01,S3045,Synthetic Student 3045,late,17,qr,3,Sunday,08:00,5
CS201,Data Structures,Section 2,2026-03-01,S3049,Synthetic Student 3049,absent,0,qr,3,Sunday,08:00,4
CS201,Data Structures,Section 2,2026-03-01,S3050,Synthetic Student 3050,present,0,qr,3,Sunday,08:00,5
CS201,Data Structures,Section 2,2026-03-01,S3051,Synthetic Student 3051,present,0,qr,3,Sunday,08:00,5
CS201,Data Structures,Section 2,2026-03-01,S3054,Synthetic Student 3054,present,0,qr,3,Sunday,08:00,5
CS201,Data Structures,Section 2,2026-03-01,S3055,Synthetic Student 3055,present,0,qr,3,Sunday,08:00,4
CS201,Data Structures,Section 2,2026-03-01,S3056,Synthetic Student 3056,absent,0,qr,3,Sunday,08:00,4
CS201,Data Structures,Section 2,2026-03-01,S3059,Synthetic Student 3059,present,0,qr,3,Sunday,08:00,5
CS201,Data Structures,Section 2,2026-03-01,S3061,Synthetic Student 3061,present,0,qr,3,Sunday,08:00,4
CS201,Data Structures,Section 2,2026-03-01,S3062,Synthetic Student 3062,late,21,qr,3,Sunday,08:00,5
CS201,Data Structures,Section 2,2026-03-01,S3066,Synthetic Student 3066,present,0,qr,3,Sunday,08:00,3
CS201,Data Structures,Section 2,2026-03-01,S3067,Synthetic Student 3067,late,38,qr,3,Sunday,08:00,5
CS201,Data Structures,Section 2,2026-03-01,S3069,Synthetic Student 3069,absent,0,qr,3,Sunday,08:00,3
CS201,Data Structures,Section 2,2026-03-01,S3072,Synthetic Student 3072,present,0,qr,3,Sunday,08:00,2
CS201,Data Structures,Section 2,2026-03-01,S3073,Synthetic Student 3073,present,0,qr,3,Sunday,08:00,3
CS201,Data Structures,Section 2,2026-03-01,S3074,Synthetic Student 3074,present,0,qr,3,Sunday,08:00,4
CS201,Data Structures,Section 2,2026-03-01,S3076,Synthetic Student 3076,late,34,qr,3,Sunday,08:00,3
CS201,Data Structures,Section 2,2026-03-01,S3084,Synthetic Student 3084,present,0,qr,3,Sunday,08:00,5
CS201,Data Structures,Section 2,2026-03-01,S3087,Synthetic Student 3087,present,0,qr,3,Sunday,08:00,3
CS201,Data Structures,Section 2,2026-03-01,S3088,Synthetic Student 3088,late,27,qr,3,Sunday,08:00,4
ENG101,Technical English,Section 1,2026-03-01,S3002,Synthetic Student 3002,present,0,qr,3,Sunday,08:00,5
ENG101,Technical English,Section 1,2026-03-01,S3005,Synthetic Student 3005,absent,0,qr,3,Sunday,08:00,5
ENG101,Technical English,Section 1,2026-03-01,S3010,Synthetic Student 3010,present,0,qr,3,Sunday,08:00,5
ENG101,Technical English,Section 1,2026-03-01,S3011,Synthetic Student 3011,absent,0,qr,3,Sunday,08:00,3
ENG101,Technical English,Section 1,2026-03-01,S3013,Synthetic Student 3013,late,39,qr,3,Sunday,08:00,3
ENG101,Technical English,Section 1,2026-03-01,S3015,Synthetic Student 3015,present,0,qr,3,Sunday,08:00,4
ENG101,Technical English,Section 1,2026-03-01,S3017,Synthetic Student 3017,absent,0,qr,3,Sunday,08:00,4
ENG101,Technical English,Section 1,2026-03-01,S3021,Synthetic Student 3021,excused,0,manual,3,Sunday,08:00,3
ENG101,Technical English,Section 1,2026-03-01,S3030,Synthetic Student 3030,absent,0,qr,3,Sunday,08:00,3
ENG101,Technical English,Section 1,2026-03-01,S3032,Synthetic Student 3032,absent,0,qr,3,Sunday,08:00,5
ENG101,Technical English,Section 1,2026-03-01,S3034,Synthetic Student 3034,late,34,qr,3,Sunday,08:00,4
ENG101,Technical English,Section 1,2026-03-01,S3037,Synthetic Student 3037,late,16,qr,3,Sunday,08:00,3
ENG101,Technical English,Section 1,2026-03-01,S3040,Synthetic Student 3040,present,0,qr,3,Sunday,08:00,5
ENG101,Technical English,Section 1,2026-03-01,S3041,Synthetic Student 3041,absent,0,qr,3,Sunday,08:00,5
ENG101,Technical English,Section 1,2026-03-01,S3044,Synthetic Student 3044,absent,0,qr,3,Sunday,08:00,4
ENG101,Technical English,Section 1,2026-03-01,S3045,Synthetic Student 3045,present,0,qr,3,Sunday,08:00,5
ENG101,Technical English,Section 1,2026-03-01,S3048,Synthetic Student 3048,present,0,qr,3,Sunday,08:00,5
ENG101,Technical English,Section 1,2026-03-01,S3050,Synthetic Student 3050,late,26,qr,3,Sunday,08:00,5
ENG101,Technical English,Section 1,2026-03-01,S3054,Synthetic Student 3054,absent,0,qr,3,Sunday,08:00,5
ENG101,Technical English,Section 1,2026-03-01,S3059,Synthetic Student 3059,present,0,qr,3,Sunday,08:00,5
ENG101,Technical English,Section 1,2026-03-01,S3064,Synthetic Student 3064,present,0,qr,3,Sunday,08:00,2
ENG101,Technical English,Section 1,2026-03-01,S3068,Synthetic Student 3068,present,0,qr,3,Sunday,08:00,5
ENG101,Technical English,Section 1,2026-03-01,S3069,Synthetic Student 3069,late,34,qr,3,Sunday,08:00,3
ENG101,Technical English,Section 1,2026-03-01,S3071,Synthetic Student 3071,absent,0,qr,3,Sunday,08:00,3
ENG101,Technical English,Section 1,2026-03-01,S3072,Synthetic Student 3072,present,0,qr,3,Sunday,08:00,2
ENG101,Technical English,Section 1,2026-03-01,S3075,Synthetic Student 3075,present,0,qr,3,Sunday,08:00,4
ENG101,Technical English,Section 1,2026-03-01,S3078,Synthetic Student 3078,absent,0,qr,3,Sunday,08:00,2
ENG101,Technical English,Section 1,2026-03-01,S3081,Synthetic Student 3081,absent,0,qr,3,Sunday,08:00,5
ENG101,Technical English,Section 1,2026-03-01,S3083,Synthetic Student 3083,present,0,qr,3,Sunday,08:00,5
ENG101,Technical English,Section 1,2026-03-01,S3086,Synthetic Student 3086,late,24,qr,3,Sunday,08:00,3
ENG101,Technical English,Section 1,2026-03-01,S3090,Synthetic Student 3090,present,0,qr,3,Sunday,08:00,3
ENG101,Technical English,Section 2,2026-03-04,S3003,Synthetic Student 3003,absent,0,qr,3,Wednesday,10:00,3
ENG101,Technical English,Section 2,2026-03-04,S3008,Synthetic Student 3008,absent,0,qr,3,Wednesday,10:00,4
ENG101,Technical English,Section 2,2026-03-04,S3012,Synthetic Student 3012,absent,0,qr,3,Wednesday,10:00,5
ENG101,Technical English,Section 2,2026-03-04,S3016,Synthetic Student 3016,present,0,qr,3,Wednesday,10:00,3
ENG101,Technical English,Section 2,2026-03-04,S3024,Synthetic Student 3024,present,0,qr,3,Wednesday,10:00,5
ENG101,Technical English,Section 2,2026-03-04,S3027,Synthetic Student 3027,present,0,qr,3,Wednesday,10:00,5
ENG101,Technical English,Section 2,2026-03-04,S3028,Synthetic Student 3028,present,0,qr,3,Wednesday,10:00,3
ENG101,Technical English,Section 2,2026-03-04,S3031,Synthetic Student 3031,present,0,qr,3,Wednesday,10:00,5
ENG101,Technical English,Section 2,2026-03-04,S3033,Synthetic Student 3033,present,0,qr,3,Wednesday,10:00,5
ENG101,Technical English,Section 2,2026-03-04,S3038,Synthetic Student 3038,present,0,qr,3,Wednesday,10:00,4
ENG101,Technical English,Section 2,2026-03-04,S3039,Synthetic Student 3039,present,0,qr,3,Wednesday,10:00,4
ENG101,Technical English,Section 2,2026-03-04,S3042,Synthetic Student 3042,absent,0,qr,3,Wednesday,10:00,5
ENG101,Technical English,Section 2,2026-03-04,S3043,Synthetic Student 3043,present,0,qr,3,Wednesday,10:00,4
ENG101,Technical English,Section 2,2026-03-04,S3047,Synthetic Student 3047,present,0,qr,3,Wednesday,10:00,2
ENG101,Technical English,Section 2,2026-03-04,S3051,Synthetic Student 3051,present,0,qr,3,Wednesday,10:00,5
ENG101,Technical English,Section 2,2026-03-04,S3052,Synthetic Student 3052,present,0,qr,3,Wednesday,10:00,2
ENG101,Technical English,Section 2,2026-03-04,S3055,Synthetic Student 3055,present,0,qr,3,Wednesday,10:00,4
ENG101,Technical English,Section 2,2026-03-04,S3058,Synthetic Student 3058,present,0,qr,3,Wednesday,10:00,3
ENG101,Technical English,Section 2,2026-03-04,S3062,Synthetic Student 3062,present,0,qr,3,Wednesday,10:00,5
ENG101,Technical English,Section 2,2026-03-04,S3063,Synthetic Student 3063,absent,0,qr,3,Wednesday,10:00,3
ENG101,Technical English,Section 2,2026-03-04,S3067,Synthetic Student 3067,present,0,qr,3,Wednesday,10:00,5
ENG101,Technical English,Section 2,2026-03-04,S3070,Synthetic Student 3070,present,0,qr,3,Wednesday,10:00,5
ENG101,Technical English,Section 2,2026-03-04,S3076,Synthetic Student 3076,present,0,qr,3,Wednesday,10:00,3
ENG101,Technical English,Section 2,2026-03-04,S3079,Synthetic Student 3079,present,0,qr,3,Wednesday,10:00,5
ENG101,Technical English,Section 2,2026-03-04,S3080,Synthetic Student 3080,present,0,qr,3,Wednesday,10:00,4
ENG101,Technical English,Section 2,2026-03-04,S3084,Synthetic Student 3084,present,0,qr,3,Wednesday,10:00,5
ENG101,Technical English,Section 2,2026-03-04,S3085,Synthetic Student 3085,absent,0,qr,3,Wednesday,10:00,5
MATH101,Calculus I,Section 2,2026-03-04,S3002,Synthetic Student 3002,present,0,qr,3,Wednesday,14:00,5
MATH101,Calculus I,Section 2,2026-03-04,S3003,Synthetic Student 3003,present,0,qr,3,Wednesday,14:00,3
MATH101,Calculus I,Section 2,2026-03-04,S3004,Synthetic Student 3004,late,32,qr,3,Wednesday,14:00,3
MATH101,Calculus I,Section 2,2026-03-04,S3009,Synthetic Student 3009,present,0,qr,3,Wednesday,14:00,4
MATH101,Calculus I,Section 2,2026-03-04,S3019,Synthetic Student 3019,present,0,qr,3,Wednesday,14:00,3
MATH101,Calculus I,Section 2,2026-03-04,S3024,Synthetic Student 3024,present,0,qr,3,Wednesday,14:00,5
MATH101,Calculus I,Section 2,2026-03-04,S3025,Synthetic Student 3025,late,38,qr,3,Wednesday,14:00,2
MATH101,Calculus I,Section 2,2026-03-04,S3031,Synthetic Student 3031,present,0,qr,3,Wednesday,14:00,5
MATH101,Calculus I,Section 2,2026-03-04,S3033,Synthetic Student 3033,present,0,qr,3,Wednesday,14:00,5
MATH101,Calculus I,Section 2,2026-03-04,S3034,Synthetic Student 3034,present,0,qr,3,Wednesday,14:00,4
MATH101,Calculus I,Section 2,2026-03-04,S3039,Synthetic Student 3039,present,0,qr,3,Wednesday,14:00,4
MATH101,Calculus I,Section 2,2026-03-04,S3040,Synthetic Student 3040,present,0,qr,3,Wednesday,14:00,5
MATH101,Calculus I,Section 2,2026-03-04,S3041,Synthetic Student 3041,absent,0,qr,3,Wednesday,14:00,5
MATH101,Calculus I,Section 2,2026-03-04,S3042,Synthetic Student 3042,present,0,qr,3,Wednesday,14:00,5
MATH101,Calculus I,Section 2,2026-03-04,S3046,Synthetic Student 3046,absent,0,qr,3,Wednesday,14:00,3
MATH101,Calculus I,Section 2,2026-03-04,S3049,Synthetic Student 3049,present,0,qr,3,Wednesday,14:00,4
MATH101,Calculus I,Section 2,2026-03-04,S3051,Synthetic Student 3051,present,0,qr,3,Wednesday,14:00,5
MATH101,Calculus I,Section 2,2026-03-04,S3052,Synthetic Student 3052,present,0,qr,3,Wednesday,14:00,2
MATH101,Calculus I,Section 2,2026-03-04,S3053,Synthetic Student 3053,absent,0,qr,3,Wednesday,14:00,2
MATH101,Calculus I,Section 2,2026-03-04,S3055,Synthetic Student 3055,present,0,qr,3,Wednesday,14:00,4
MATH101,Calculus I,Section 2,2026-03-04,S3056,Synthetic Student 3056,present,0,qr,3,Wednesday,14:00,4
MATH101,Calculus I,Section 2,2026-03-04,S3062,Synthetic Student 3062,present,0,qr,3,Wednesday,14:00,5
MATH101,Calculus I,Section 2,2026-03-04,S3065,Synthetic Student 3065,present,0,qr,3,Wednesday,14:00,2
MATH101,Calculus I,Section 2,2026-03-04,S3066,Synthetic Student 3066,present,0,qr,3,Wednesday,14:00,3
MATH101,Calculus I,Section 2,2026-03-04,S3068,Synthetic Student 3068,present,0,qr,3,Wednesday,14:00,5
MATH101,Calculus I,Section 2,2026-03-04,S3070,Synthetic Student 3070,present,0,qr,3,Wednesday,14:00,5
MATH101,Calculus I,Section 2,2026-03-04,S3077,Synthetic Student 3077,absent,0,qr,3,Wednesday,14:00,3
MATH101,Calculus I,Section 2,2026-03-04,S3082,Synthetic Student 3082,absent,0,qr,3,Wednesday,14:00,2
MATH101,Calculus I,Section 2,2026-03-04,S3083,Synthetic Student 3083,present,0,qr,3,Wednesday,14:00,5
MATH101,Calculus I,Section 2,2026-03-04,S3085,Synthetic Student 3085,present,0,qr,3,Wednesday,14:00,5
MATH101,Calculus I,Section 2,2026-03-04,S3087,Synthetic Student 3087,present,0,qr,3,Wednesday,14:00,3
MATH101,Calculus I,Section 2,2026-03-04,S3089,Synthetic Student 3089,present,0,qr,3,Wednesday,14:00,2
CS101,Intro to Programming,Section 1,2026-03-05,S3004,Synthetic Student 3004,present,0,qr,3,Thursday,08:00,3
CS101,Intro to Programming,Section 1,2026-03-05,S3007,Synthetic Student 3007,late,30,qr,3,Thursday,08:00,2
CS101,Intro to Programming,Section 1,2026-03-05,S3008,Synthetic Student 3008,absent,0,qr,3,Thursday,08:00,4
CS101,Intro to Programming,Section 1,2026-03-05,S3010,Synthetic Student 3010,present,0,qr,3,Thursday,08:00,5
CS101,Intro to Programming,Section 1,2026-03-05,S3012,Synthetic Student 3012,absent,0,qr,3,Thursday,08:00,5
CS101,Intro to Programming,Section 1,2026-03-05,S3014,Synthetic Student 3014,present,0,qr,3,Thursday,08:00,2
CS101,Intro to Programming,Section 1,2026-03-05,S3020,Synthetic Student 3020,excused,0,manual,3,Thursday,08:00,2
CS101,Intro to Programming,Section 1,2026-03-05,S3022,Synthetic Student 3022,present,0,qr,3,Thursday,08:00,3
CS101,Intro to Programming,Section 1,2026-03-05,S3024,Synthetic Student 3024,absent,0,qr,3,Thursday,08:00,5
CS101,Intro to Programming,Section 1,2026-03-05,S3030,Synthetic Student 3030,absent,0,qr,3,Thursday,08:00,3
CS101,Intro to Programming,Section 1,2026-03-05,S3031,Synthetic Student 3031,present,0,qr,3,Thursday,08:00,5
CS101,Intro to Programming,Section 1,2026-03-05,S3032,Synthetic Student 3032,late,39,qr,3,Thursday,08:00,5
CS101,Intro to Programming,Section 1,2026-03-05,S3034,Synthetic Student 3034,absent,0,qr,3,Thursday,08:00,4
CS101,Intro to Programming,Section 1,2026-03-05,S3036,Synthetic Student 3036,absent,0,qr,3,Thursday,08:00,4
CS101,Intro to Programming,Section 1,2026-03-05,S3038,Synthetic Student 3038,late,18,qr,3,Thursday,08:00,4
CS101,Intro to Programming,Section 1,2026-03-05,S3041,Synthetic Student 3041,present,0,qr,3,Thursday,08:00,5
CS101,Intro to Programming,Section 1,2026-03-05,S3045,Synthetic Student 3045,present,0,qr,3,Thursday,08:00,5
CS101,Intro to Programming,Section 1,2026-03-05,S3056,Synthetic Student 3056,present,0,qr,3,Thursday,08:00,4
CS101,Intro to Programming,Section 1,2026-03-05,S3058,Synthetic Student 3058,absent,0,qr,3,Thursday,08:00,3
CS101,Intro to Programming,Section 1,2026-03-05,S3059,Synthetic Student 3059,absent,0,qr,3,Thursday,08:00,5
CS101,Intro to Programming,Section 1,2026-03-05,S3060,Synthetic Student 3060,late,31,qr,3,Thursday,08:00,2
CS101,Intro to Programming,Section 1,2026-03-05,S3061,Synthetic Student 3061,present,0,qr,3,Thursday,08:00,4
CS101,Intro to Programming,Section 1,2026-03-05,S3063,Synthetic Student 3063,absent,0,qr,3,Thursday,08:00,3
CS101,Intro to Programming,Section 1,2026-03-05,S3068,Synthetic Student 3068,present,0,qr,3,Thursday,08:00,5
CS101,Intro to Programming,Section 1,2026-03-05,S3071,Synthetic Student 3071,absent,0,qr,3,Thursday,08:00,3
CS101,Intro to Programming,Section 1,2026-03-05,S3073,Synthetic Student 3073,absent,0,qr,3,Thursday,08:00,3
CS101,Intro to Programming,Section 1,2026-03-05,S3074,Synthetic Student 3074,absent,0,qr,3,Thursday,08:00,4
CS101,Intro to Programming,Section 1,2026-03-05,S3080,Synthetic Student 3080,present,0,qr,3,Thursday,08:00,4
CS101,Intro to Programming,Section 1,2026-03-05,S3082,Synthetic Student 3082,late,20,qr,3,Thursday,08:00,2
CS101,Intro to Programming,Section 1,2026-03-05,S3086,Synthetic Student 3086,late,38,qr,3,Thursday,08:00,3
CS101,Intro to Programming,Section 1,2026-03-05,S3089,Synthetic Student 3089,present,0,qr,3,Thursday,08:00,2
MATH101,Calculus I,Section 1,2026-03-05,S3005,Synthetic Student 3005,absent,0,qr,3,Thursday,08:00,5
MATH101,Calculus I,Section 1,2026-03-05,S3007,Synthetic Student 3007,present,0,qr,3,Thursday,08:00,2
MATH101,Calculus I,Section 1,2026-03-05,S3010,Synthetic Student 3010,late,36,qr,3,Thursday,08:00,5
MATH101,Calculus I,Section 1,2026-03-05,S3012,Synthetic Student 3012,absent,0,qr,3,Thursday,08:00,5
MATH101,Calculus I,Section 1,2026-03-05,S3013,Synthetic Student 3013,present,0,qr,3,Thursday,08:00,3
MATH101,Calculus I,Section 1,2026-03-05,S3015,Synthetic Student 3015,present,0,qr,3,Thursday,08:00,4
MATH101,Calculus I,Section 1,2026-03-05,S3016,Synthetic Student 3016,present,0,qr,3,Thursday,08:00,3
MATH101,Calculus I,Section 1,2026-03-05,S3017,Synthetic Student 3017,present,0,qr,3,Thursday,08:00,4
MATH101,Calculus I,Section 1,2026-03-05,S3018,Synthetic Student 3018,present,0,qr,3,Thursday,08:00,3
MATH101,Calculus I,Section 1,2026-03-05,S3022,Synthetic Student 3022,present,0,qr,3,Thursday,08:00,3
MATH101,Calculus I,Section 1,2026-03-05,S3023,Synthetic Student 3023,absent,0,qr,3,Thursday,08:00,2
MATH101,Calculus I,Section 1,2026-03-05,S3027,Synthetic Student 3027,present,0,qr,3,Thursday,08:00,5
MATH101,Calculus I,Section 1,2026-03-05,S3028,Synthetic Student 3028,late,40,qr,3,Thursday,08:00,3
MATH101,Calculus I,Section 1,2026-03-05,S3029,Synthetic Student 3029,absent,0,qr,3,Thursday,08:00,3
MATH101,Calculus I,Section 1,2026-03-05,S3032,Synthetic Student 3032,present,0,qr,3,Thursday,08:00,5
MATH101,Calculus I,Section 1,2026-03-05,S3036,Synthetic Student 3036,absent,0,qr,3,Thursday,08:00,4
MATH101,Calculus I,Section 1,2026-03-05,S3038,Synthetic Student 3038,present,0,qr,3,Thursday,08:00,4
MATH101,Calculus I,Section 1,2026-03-05,S3043,Synthetic Student 3043,absent,0,qr,3,Thursday,08:00,4
MATH101,Calculus I,Section 1,2026-03-05,S3044,Synthetic Student 3044,present,0,qr,3,Thursday,08:00,4
MATH101,Calculus I,Section 1,2026-03-05,S3045,Synthetic Student 3045,present,0,qr,3,Thursday,08:00,5
MATH101,Calculus I,Section 1,2026-03-05,S3048,Synthetic Student 3048,present,0,qr,3,Thursday,08:00,5
MATH101,Calculus I,Section 1,2026-03-05,S3050,Synthetic Student 3050,late,19,qr,3,Thursday,08:00,5
MATH101,Calculus I,Section 1,2026-03-05,S3054,Synthetic Student 3054,present,0,qr,3,Thursday,08:00,5
MATH101,Calculus I,Section 1,2026-03-05,S3058,Synthetic Student 3058,late,27,qr,3,Thursday,08:00,3
MATH101,Calculus I,Section 1,2026-03-05,S3059,Synthetic Student 3059,absent,0,qr,3,Thursday,08:00,5
MATH101,Calculus I,Section 1,2026-03-05,S3061,Synthetic Student 3061,present,0,qr,3,Thursday,08:00,4
MATH101,Calculus I,Section 1,2026-03-05,S3067,Synthetic Student 3067,absent,0,qr,3,Thursday,08:00,5
MATH101,Calculus I,Section 1,2026-03-05,S3073,Synthetic Student 3073,present,0,qr,3,Thursday,08:00,3
MATH101,Calculus I,Section 1,2026-03-05,S3074,Synthetic Student 3074,present,0,qr,3,Thursday,08:00,4
MATH101,Calculus I,Section 1,2026-03-05,S3076,Synthetic Student 3076,absent,0,qr,3,Thursday,08:00,3
MATH101,Calculus I,Section 1,2026-03-05,S3079,Synthetic Student 3079,absent,0,qr,3,Thursday,08:00,5
MATH101,Calculus I,Section 1,2026-03-05,S3081,Synthetic Student 3081,absent,0,qr,3,Thursday,08:00,5
MATH101,Calculus I,Section 1,2026-03-05,S3084,Synthetic Student 3084,present,0,qr,3,Thursday,08:00,5
MATH101,Calculus I,Section 1,2026-03-05,S3086,Synthetic Student 3086,absent,0,qr,3,Thursday,08:00,3
MATH101,Calculus I,Section 1,2026-03-05,S3088,Synthetic Student 3088,absent,0,qr,3,Thursday,08:00,4
MATH101,Calculus I,Section 1,2026-03-05,S3090,Synthetic Student 3090,present,0,qr,3,Thursday,08:00,3
CS101,Intro to Programming,Section 2,2026-03-07,S3002,Synthetic Student 3002,late,26,qr,4,Saturday,12:00,5
CS101,Intro to Programming,Section 2,2026-03-07,S3003,Synthetic Student 3003,present,0,qr,4,Saturday,12:00,3
CS101,Intro to Programming,Section 2,2026-03-07,S3005,Synthetic Student 3005,present,0,qr,4,Saturday,12:00,5
CS101,Intro to Programming,Section 2,2026-03-07,S3006,Synthetic Student 3006,present,0,qr,4,Saturday,12:00,2
CS101,Intro to Programming,Section 2,2026-03-07,S3009,Synthetic Student 3009,present,0,qr,4,Saturday,12:00,4
CS101,Intro to Programming,Section 2,2026-03-07,S3011,Synthetic Student 3011,absent,0,qr,4,Saturday,12:00,3
CS101,Intro to Programming,Section 2,2026-03-07,S3016,Synthetic Student 3016,present,0,qr,4,Saturday,12:00,3
CS101,Intro to Programming,Section 2,2026-03-07,S3017,Synthetic Student 3017,absent,0,qr,4,Saturday,12:00,4
CS101,Intro to Programming,Section 2,2026-03-07,S3018,Synthetic Student 3018,present,0,qr,4,Saturday,12:00,3
CS101,Intro to Programming,Section 2,2026-03-07,S3019,Synthetic Student 3019,present,0,qr,4,Saturday,12:00,3
CS101,Intro to Programming,Section 2,2026-03-07,S3021,Synthetic Student 3021,present,0,qr,4,Saturday,12:00,3
CS101,Intro to Programming,Section 2,2026-03-07,S3025,Synthetic Student 3025,present,0,qr,4,Saturday,12:00,2
CS101,Intro to Programming,Section 2,2026-03-07,S3027,Synthetic Student 3027,late,17,qr,4,Saturday,12:00,5
CS101,Intro to Programming,Section 2,2026-03-07,S3029,Synthetic Student 3029,present,0,qr,4,Saturday,12:00,3
CS101,Intro to Programming,Section 2,2026-03-07,S3033,Synthetic Student 3033,present,0,qr,4,Saturday,12:00,5
CS101,Intro to Programming,Section 2,2026-03-07,S3035,Synthetic Student 3035,present,0,qr,4,Saturday,12:00,2
CS101,Intro to Programming,Section 2,2026-03-07,S3040,Synthetic Student 3040,present,0,qr,4,Saturday,12:00,5
CS101,Intro to Programming,Section 2,2026-03-07,S3042,Synthetic Student 3042,present,0,qr,4,Saturday,12:00,5
CS101,Intro to Programming,Section 2,2026-03-07,S3044,Synthetic Student 3044,absent,0,qr,4,Saturday,12:00,4
CS101,Intro to Programming,Section 2,2026-03-07,S3046,Synthetic Student 3046,present,0,qr,4,Saturday,12:00,3
CS101,Intro to Programming,Section 2,2026-03-07,S3047,Synthetic Student 3047,absent,0,qr,4,Saturday,12:00,2
CS101,Intro to Programming,Section 2,2026-03-07,S3048,Synthetic Student 3048,late,40,qr,4,Saturday,12:00,5
CS101,Intro to Programming,Section 2,2026-03-07,S3049,Synthetic Student 3049,absent,0,qr,4,Saturday,12:00,4
CS101,Intro to Programming,Section 2,2026-03-07,S3050,Synthetic Student 3050,present,0,qr,4,Saturday,12:00,5
CS101,Intro to Programming,Section 2,2026-03-07,S3051,Synthetic Student 3051,present,0,qr,4,Saturday,12:00,5
CS101,Intro to Programming,Section 2,2026-03-07,S3054,Synthetic Student 3054,present,0,qr,4,Saturday,12:00,5
CS101,Intro to Programming,Section 2,2026-03-07,S3057,Synthetic Student 3057,absent,0,qr,4,Saturday,12:00,3
CS101,Intro to Programming,Section 2,2026-03-07,S3062,Synthetic Student 3062,present,0,qr,4,Saturday,12:00,5
CS101,Intro to Programming,Section 2,2026-03-07,S3067,Synthetic Student 3067,present,0,qr,4,Saturday,12:00,5
CS101,Intro to Programming,Section 2,2026-03-07,S3070,Synthetic Student 3070,present,0,qr,4,Saturday,12:00,5
CS101,Intro to Programming,Section 2,2026-03-07,S3075,Synthetic Student 3075,present,0,qr,4,Saturday,12:00,4
CS101,Intro to Programming,Section 2,2026-03-07,S3078,Synthetic Student 3078,present,0,qr,4,Saturday,12:00,2
CS101,Intro to Programming,Section 2,2026-03-07,S3079,Synthetic Student 3079,present,0,qr,4,Saturday,12:00,5
CS101,Intro to Programming,Section 2,2026-03-07,S3081,Synthetic Student 3081,present,0,qr,4,Saturday,12:00,5
CS101,Intro to Programming,Section 2,2026-03-07,S3083,Synthetic Student 3083,late,35,qr,4,Saturday,12:00,5
CS101,Intro to Programming,Section 2,2026-03-07,S3084,Synthetic Student 3084,late,31,qr,4,Saturday,12:00,5
CS101,Intro to Programming,Section 2,2026-03-07,S3085,Synthetic Student 3085,absent,0,qr,4,Saturday,12:00,5
CS101,Intro to Programming,Section 2,2026-03-07,S3087,Synthetic Student 3087,absent,0,qr,4,Saturday,12:00,3
CS101,Intro to Programming,Section 2,2026-03-07,S3088,Synthetic Student 3088,absent,0,qr,4,Saturday,12:00,4
PHY101,Physics I,Section 1,2026-03-07,S3001,Synthetic Student 3001,present,0,qr,4,Saturday,08:00,2
PHY101,Physics I,Section 1,2026-03-07,S3009,Synthetic Student 3009,present,0,qr,4,Saturday,08:00,4
PHY101,Physics I,Section 1,2026-03-07,S3010,Synthetic Student 3010,present,0,qr,4,Saturday,08:00,5
PHY101,Physics I,Section 1,2026-03-07,S3018,Synthetic Student 3018,late,37,qr,4,Saturday,08:00,3
PHY101,Physics I,Section 1,2026-03-07,S3020,Synthetic Student 3020,late,18,qr,4,Saturday,08:00,2
PHY101,Physics I,Section 1,2026-03-07,S3026,Synthetic Student 3026,present,0,qr,4,Saturday,08:00,2
PHY101,Physics I,Section 1,2026-03-07,S3027,Synthetic Student 3027,absent,0,qr,4,Saturday,08:00,5
PHY101,Physics I,Section 1,2026-03-07,S3029,Synthetic Student 3029,present,0,qr,4,Saturday,08:00,3
PHY101,Physics I,Section 1,2026-03-07,S3030,Synthetic Student 3030,absent,0,qr,4,Saturday,08:00,3
PHY101,Physics I,Section 1,2026-03-07,S3033,Synthetic Student 3033,present,0,qr,4,Saturday,08:00,5
PHY101,Physics I,Section 1,2026-03-07,S3036,Synthetic Student 3036,absent,0,qr,4,Saturday,08:00,4
PHY101,Physics I,Section 1,2026-03-07,S3037,Synthetic Student 3037,absent,0,qr,4,Saturday,08:00,3
PHY101,Physics I,Section 1,2026-03-07,S3041,Synthetic Student 3041,present,0,qr,4,Saturday,08:00,5
PHY101,Physics I,Section 1,2026-03-07,S3043,Synthetic Student 3043,present,0,qr,4,Saturday,08:00,4
PHY101,Physics I,Section 1,2026-03-07,S3044,Synthetic Student 3044,absent,0,qr,4,Saturday,08:00,4
PHY101,Physics I,Section 1,2026-03-07,S3045,Synthetic Student 3045,present,0,qr,4,Saturday,08:00,5
PHY101,Physics I,Section 1,2026-03-07,S3048,Synthetic Student 3048,present,0,qr,4,Saturday,08:00,5
PHY101,Physics I,Section 1,2026-03-07,S3050,Synthetic Student 3050,present,0,qr,4,Saturday,08:00,5
PHY101,Physics I,Section 1,2026-03-07,S3051,Synthetic Student 3051,present,0,qr,4,Saturday,08:00,5
PHY101,Physics I,Section 1,2026-03-07,S3054,Synthetic Student 3054,present,0,qr,4,Saturday,08:00,5
PHY101,Physics I,Section 1,2026-03-07,S3055,Synthetic Student 3055,absent,0,qr,4,Saturday,08:00,4
PHY101,Physics I,Section 1,2026-03-07,S3056,Synthetic Student 3056,absent,0,qr,4,Saturday,08:00,4
PHY101,Physics I,Section 1,2026-03-07,S3057,Synthetic Student 3057,present,0,qr,4,Saturday,08:00,3
PHY101,Physics I,Section 1,2026-03-07,S3059,Synthetic Student 3059,present,0,qr,4,Saturday,08:00,5
PHY101,Physics I,Section 1,2026-03-07,S3060,Synthetic Student 3060,present,0,qr,4,Saturday,08:00,2
PHY101,Physics I,Section 1,2026-03-07,S3061,Synthetic Student 3061,absent,0,qr,4,Saturday,08:00,4
PHY101,Physics I,Section 1,2026-03-07,S3064,Synthetic Student 3064,late,26,qr,4,Saturday,08:00,2
PHY101,Physics I,Section 1,2026-03-07,S3065,Synthetic Student 3065,absent,0,qr,4,Saturday,08:00,2
PHY101,Physics I,Section 1,2026-03-07,S3066,Synthetic Student 3066,present,0,qr,4,Saturday,08:00,3
PHY101,Physics I,Section 1,2026-03-07,S3067,Synthetic Student 3067,absent,0,qr,4,Saturday,08:00,5
PHY101,Physics I,Section 1,2026-03-07,S3069,Synthetic Student 3069,absent,0,qr,4,Saturday,08:00,3
PHY101,Physics I,Section 1,2026-03-07,S3071,Synthetic Student 3071,late,22,qr,4,Saturday,08:00,3
PHY101,Physics I,Section 1,2026-03-07,S3074,Synthetic Student 3074,present,0,qr,4,Saturday,08:00,4
PHY101,Physics I,Section 1,2026-03-07,S3075,Synthetic Student 3075,present,0,qr,4,Saturday,08:00,4
PHY101,Physics I,Section 1,2026-03-07,S3077,Synthetic Student 3077,present,0,qr,4,Saturday,08:00,3
PHY101,Physics I,Section 1,2026-03-07,S3079,Synthetic Student 3079,present,0,qr,4,Saturday,08:00,5
PHY101,Physics I,Section 1,2026-03-07,S3080,Synthetic Student 3080,present,0,qr,4,Saturday,08:00,4
PHY101,Physics I,Section 1,2026-03-07,S3081,Synthetic Student 3081,present,0,qr,4,Saturday,08:00,5
PHY101,Physics I,Section 1,2026-03-07,S3090,Synthetic Student 3090,present,0,qr,4,Saturday,08:00,3
PHY101,Physics I,Section 2,2026-03-07,S3002,Synthetic Student 3002,present,0,qr,4,Saturday,10:00,5
PHY101,Physics I,Section 2,2026-03-07,S3004,Synthetic Student 3004,present,0,qr,4,Saturday,10:00,3
PHY101,Physics I,Section 2,2026-03-07,S3005,Synthetic Student 3005,present,0,qr,4,Saturday,10:00,5
PHY101,Physics I,Section 2,2026-03-07,S3008,Synthetic Student 3008,present,0,qr,4,Saturday,10:00,4
PHY101,Physics I,Section 2,2026-03-07,S3012,Synthetic Student 3012,late,21,qr,4,Saturday,10:00,5
PHY101,Physics I,Section 2,2026-03-07,S3015,Synthetic Student 3015,absent,0,qr,4,Saturday,10:00,4
PHY101,Physics I,Section 2,2026-03-07,S3019,Synthetic Student 3019,present,0,qr,4,Saturday,10:00,3
PHY101,Physics I,Section 2,2026-03-07,S3022,Synthetic Student 3022,present,0,qr,4,Saturday,10:00,3
PHY101,Physics I,Section 2,2026-03-07,S3024,Synthetic Student 3024,present,0,qr,4,Saturday,10:00,5
PHY101,Physics I,Section 2,2026-03-07,S3031,Synthetic Student 3031,present,0,qr,4,Saturday,10:00,5
PHY101,Physics I,Section 2,2026-03-07,S3032,Synthetic Student 3032,present,0,qr,4,Saturday,10:00,5
PHY101,Physics I,Section 2,2026-03-07,S3034,Synthetic Student 3034,late,37,qr,4,Saturday,10:00,4
PHY101,Physics I,Section 2,2026-03-07,S3035,Synthetic Student 3035,late,27,qr,4,Saturday,10:00,2
PHY101,Physics I,Section 2,2026-03-07,S3039,Synthetic Student 3039,late,40,qr,4,Saturday,10:00,4
PHY101,Physics I,Section 2,2026-03-07,S3040,Synthetic Student 3040,present,0,qr,4,Saturday,10:00,5
PHY101,Physics I,Section 2,2026-03-07,S3042,Synthetic Student 3042,present,0,qr,4,Saturday,10:00,5
PHY101,Physics I,Section 2,2026-03-07,S3046,Synthetic Student 3046,absent,0,qr,4,Saturday,10:00,3
PHY101,Physics I,Section 2,2026-03-07,S3049,Synthetic Student 3049,absent,0,qr,4,Saturday,10:00,4
PHY101,Physics I,Section 2,2026-03-07,S3062,Synthetic Student 3062,present,0,qr,4,Saturday,10:00,5
PHY101,Physics I,Section 2,2026-03-07,S3063,Synthetic Student 3063,present,0,qr,4,Saturday,10:00,3
PHY101,Physics I,Section 2,2026-03-07,S3068,Synthetic Student 3068,present,0,qr,4,Saturday,10:00,5
PHY101,Physics I,Section 2,2026-03-07,S3070,Synthetic Student 3070,present,0,qr,4,Saturday,10:00,5
PHY101,Physics I,Section 2,2026-03-07,S3083,Synthetic Student 3083,absent,0,qr,4,Saturday,10:00,5
PHY101,Physics I,Section 2,2026-03-07,S3084,Synthetic Student 3084,present,0,qr,4,Saturday,10:00,5
PHY101,Physics I,Section 2,2026-03-07,S3085,Synthetic Student 3085,absent,0,qr,4,Saturday,10:00,5
PHY101,Physics I,Section 2,2026-03-07,S3088,Synthetic Student 3088,present,0,qr,4,Saturday,10:00,4
CS201,Data Structures,Section 1,2026-03-08,S3005,Synthetic Student 3005,late,40,qr,4,Sunday,10:00,5
CS201,Data Structures,Section 1,2026-03-08,S3008,Synthetic Student 3008,absent,0,qr,4,Sunday,10:00,4
CS201,Data Structures,Section 1,2026-03-08,S3009,Synthetic Student 3009,present,0,qr,4,Sunday,10:00,4
CS201,Data Structures,Section 1,2026-03-08,S3010,Synthetic Student 3010,present,0,qr,4,Sunday,10:00,5
CS201,Data Structures,Section 1,2026-03-08,S3012,Synthetic Student 3012,absent,0,qr,4,Sunday,10:00,5
CS201,Data Structures,Section 1,2026-03-08,S3015,Synthetic Student 3015,present,0,qr,4,Sunday,10:00,4
CS201,Data Structures,Section 1,2026-03-08,S3017,Synthetic Student 3017,present,0,qr,4,Sunday,10:00,4
CS201,Data Structures,Section 1,2026-03-08,S3021,Synthetic Student 3021,absent,0,qr,4,Sunday,10:00,3
CS201,Data Structures,Section 1,2026-03-08,S3023,Synthetic Student 3023,present,0,qr,4,Sunday,10:00,2
CS201,Data Structures,Section 1,2026-03-08,S3032,Synthetic Student 3032,present,0,qr,4,Sunday,10:00,5
CS201,Data Structures,Section 1,2026-03-08,S3033,Synthetic Student 3033,present,0,qr,4,Sunday,10:00,5
CS201,Data Structures,Section 1,2026-03-08,S3036,Synthetic Student 3036,present,0,qr,4,Sunday,10:00,4
CS201,Data Structures,Section 1,2026-03-08,S3037,Synthetic Student 3037,present,0,qr,4,Sunday,10:00,3
CS201,Data Structures,Section 1,2026-03-08,S3038,Synthetic Student 3038,absent,0,qr,4,Sunday,10:00,4
CS201,Data Structures,Section 1,2026-03-08,S3039,Synthetic Student 3039,present,0,qr,4,Sunday,10:00,4
CS201,Data Structures,Section 1,2026-03-08,S3040,Synthetic Student 3040,absent,0,qr,4,Sunday,10:00,5
CS201,Data Structures,Section 1,2026-03-08,S3041,Synthetic Student 3041,present,0,qr,4,Sunday,10:00,5
CS201,Data Structures,Section 1,2026-03-08,S3043,Synthetic Student 3043,absent,0,qr,4,Sunday,10:00,4
CS201,Data Structures,Section 1,2026-03-08,S3048,Synthetic Student 3048,present,0,qr,4,Sunday,10:00,5
CS201,Data Structures,Section 1,2026-03-08,S3053,Synthetic Student 3053,absent,0,qr,4,Sunday,10:00,2
CS201,Data Structures,Section 1,2026-03-08,S3057,Synthetic Student 3057,absent,0,qr,4,Sunday,10:00,3
CS201,Data Structures,Section 1,2026-03-08,S3068,Synthetic Student 3068,present,0,qr,4,Sunday,10:00,5
CS201,Data Structures,Section 1,2026-03-08,S3070,Synthetic Student 3070,present,0,qr,4,Sunday,10:00,5
CS201,Data Structures,Section 1,2026-03-08,S3075,Synthetic Student 3075,absent,0,qr,4,Sunday,10:00,4
CS201,Data Structures,Section 1,2026-03-08,S3077,Synthetic Student 3077,present,0,qr,4,Sunday,10:00,3
CS201,Data Structures,Section 1,2026-03-08,S3079,Synthetic Student 3079,absent,0,qr,4,Sunday,10:00,5
CS201,Data Structures,Section 1,2026-03-08,S3080,Synthetic Student 3080,present,0,qr,4,Sunday,10:00,4
CS201,Data Structures,Section 1,2026-03-08,S3081,Synthetic Student 3081,present,0,qr,4,Sunday,10:00,5
CS201,Data Structures,Section 1,2026-03-08,S3083,Synthetic Student 3083,present,0,manual,4,Sunday,10:00,5
CS201,Data Structures,Section 1,2026-03-08,S3085,Synthetic Student 3085,excused,0,manual,4,Sunday,10:00,5
CS201,Data Structures,Section 2,2026-03-08,S3001,Synthetic Student 3001,present,0,qr,4,Sunday,08:00,2
CS201,Data Structures,Section 2,2026-03-08,S3002,Synthetic Student 3002,present,0,qr,4,Sunday,08:00,5
CS201,Data Structures,Section 2,2026-03-08,S3006,Synthetic Student 3006,absent,0,qr,4,Sunday,08:00,2
CS201,Data Structures,Section 2,2026-03-08,S3011,Synthetic Student 3011,excused,0,manual,4,Sunday,08:00,3
CS201,Data Structures,Section 2,2026-03-08,S3013,Synthetic Student 3013,present,0,qr,4,Sunday,08:00,3
CS201,Data Structures,Section 2,2026-03-08,S3014,Synthetic Student 3014,present,0,qr,4,Sunday,08:00,2
CS201,Data Structures,Section 2,2026-03-08,S3024,Synthetic Student 3024,present,0,qr,4,Sunday,08:00,5
CS201,Data Structures,Section 2,2026-03-08,S3026,Synthetic Student 3026,present,0,qr,4,Sunday,08:00,2
CS201,Data Structures,Section 2,2026-03-08,S3027,Synthetic Student 3027,present,0,qr,4,Sunday,08:00,5
CS201,Data Structures,Section 2,2026-03-08,S3028,Synthetic Student 3028,absent,0,qr,4,Sunday,08:00,3
CS201,Data Structures,Section 2,2026-03-08,S3031,Synthetic Student 3031,present,0,qr,4,Sunday,08:00,5
CS201,Data Structures,Section 2,2026-03-08,S3042,Synthetic Student 3042,present,0,qr,4,Sunday,08:00,5
CS201,Data Structures,Section 2,2026-03-08,S3045,Synthetic Student 3045,present,0,qr,4,Sunday,08:00,5
CS201,Data Structures,Section 2,2026-03-08,S3049,Synthetic Student 3049,absent,0,qr,4,Sunday,08:00,4
CS201,Data Structures,Section 2,2026-03-08,S3050,Synthetic Student 3050,present,0,qr,4,Sunday,08:00,5
CS201,Data Structures,Section 2,2026-03-08,S3051,Synthetic Student 3051,present,0,qr,4,Sunday,08:00,5
CS201,Data Structures,Section 2,2026-03-08,S3054,Synthetic Student 3054,present,0,qr,4,Sunday,08:00,5
CS201,Data Structures,Section 2,2026-03-08,S3055,Synthetic Student 3055,absent,0,qr,4,Sunday,08:00,4
CS201,Data Structures,Section 2,2026-03-08,S3056,Synthetic Student 3056,present,0,qr,4,Sunday,08:00,4
CS201,Data Structures,Section 2,2026-03-08,S3059,Synthetic Student 3059,present,0,qr,4,Sunday,08:00,5
CS201,Data Structures,Section 2,2026-03-08,S3061,Synthetic Student 3061,present,0,qr,4,Sunday,08:00,4
CS201,Data Structures,Section 2,2026-03-08,S3062,Synthetic Student 3062,present,0,qr,4,Sunday,08:00,5
CS201,Data Structures,Section 2,2026-03-08,S3066,Synthetic Student 3066,present,0,qr,4,Sunday,08:00,3
CS201,Data Structures,Section 2,2026-03-08,S3067,Synthetic Student 3067,absent,0,qr,4,Sunday,08:00,5
CS201,Data Structures,Section 2,2026-03-08,S3069,Synthetic Student 3069,present,0,qr,4,Sunday,08:00,3
CS201,Data Structures,Section 2,2026-03-08,S3072,Synthetic Student 3072,present,0,qr,4,Sunday,08:00,2
CS201,Data Structures,Section 2,2026-03-08,S3073,Synthetic Student 3073,absent,0,qr,4,Sunday,08:00,3
CS201,Data Structures,Section 2,2026-03-08,S3074,Synthetic Student 3074,absent,0,qr,4,Sunday,08:00,4
CS201,Data Structures,Section 2,2026-03-08,S3076,Synthetic Student 3076,present,0,qr,4,Sunday,08:00,3
CS201,Data Structures,Section 2,2026-03-08,S3084,Synthetic Student 3084,present,0,qr,4,Sunday,08:00,5
CS201,Data Structures,Section 2,2026-03-08,S3087,Synthetic Student 3087,absent,0,qr,4,Sunday,08:00,3
CS201,Data Structures,Section 2,2026-03-08,S3088,Synthetic Student 3088,absent,0,qr,4,Sunday,08:00,4
ENG101,Technical English,Section 1,2026-03-08,S3002,Synthetic Student 3002,present,0,qr,4,Sunday,08:00,5
ENG101,Technical English,Section 1,2026-03-08,S3005,Synthetic Student 3005,absent,0,qr,4,Sunday,08:00,5
ENG101,Technical English,Section 1,2026-03-08,S3010,Synthetic Student 3010,absent,0,qr,4,Sunday,08:00,5
ENG101,Technical English,Section 1,2026-03-08,S3011,Synthetic Student 3011,present,0,qr,4,Sunday,08:00,3
ENG101,Technical English,Section 1,2026-03-08,S3013,Synthetic Student 3013,present,0,qr,4,Sunday,08:00,3
ENG101,Technical English,Section 1,2026-03-08,S3015,Synthetic Student 3015,present,0,qr,4,Sunday,08:00,4
ENG101,Technical English,Section 1,2026-03-08,S3017,Synthetic Student 3017,present,0,qr,4,Sunday,08:00,4
ENG101,Technical English,Section 1,2026-03-08,S3021,Synthetic Student 3021,late,27,qr,4,Sunday,08:00,3
ENG101,Technical English,Section 1,2026-03-08,S3030,Synthetic Student 3030,absent,0,qr,4,Sunday,08:00,3
ENG101,Technical English,Section 1,2026-03-08,S3032,Synthetic Student 3032,present,0,qr,4,Sunday,08:00,5
ENG101,Technical English,Section 1,2026-03-08,S3034,Synthetic Student 3034,present,0,qr,4,Sunday,08:00,4
ENG101,Technical English,Section 1,2026-03-08,S3037,Synthetic Student 3037,present,0,qr,4,Sunday,08:00,3
ENG101,Technical English,Section 1,2026-03-08,S3040,Synthetic Student 3040,absent,0,qr,4,Sunday,08:00,5
ENG101,Technical English,Section 1,2026-03-08,S3041,Synthetic Student 3041,absent,0,qr,4,Sunday,08:00,5
ENG101,Technical English,Section 1,2026-03-08,S3044,Synthetic Student 3044,absent,0,qr,4,Sunday,08:00,4
ENG101,Technical English,Section 1,2026-03-08,S3045,Synthetic Student 3045,present,0,qr,4,Sunday,08:00,5
ENG101,Technical English,Section 1,2026-03-08,S3048,Synthetic Student 3048,absent,0,qr,4,Sunday,08:00,5
ENG101,Technical English,Section 1,2026-03-08,S3050,Synthetic Student 3050,absent,0,qr,4,Sunday,08:00,5
ENG101,Technical English,Section 1,2026-03-08,S3054,Synthetic Student 3054,present,0,qr,4,Sunday,08:00,5
ENG101,Technical English,Section 1,2026-03-08,S3059,Synthetic Student 3059,late,23,qr,4,Sunday,08:00,5
ENG101,Technical English,Section 1,2026-03-08,S3064,Synthetic Student 3064,present,0,qr,4,Sunday,08:00,2
ENG101,Technical English,Section 1,2026-03-08,S3068,Synthetic Student 3068,present,0,qr,4,Sunday,08:00,5
ENG101,Technical English,Section 1,2026-03-08,S3069,Synthetic Student 3069,present,0,manual,4,Sunday,08:00,3
ENG101,Technical English,Section 1,2026-03-08,S3071,Synthetic Student 3071,absent,0,qr,4,Sunday,08:00,3
ENG101,Technical English,Section 1,2026-03-08,S3072,Synthetic Student 3072,excused,0,manual,4,Sunday,08:00,2
ENG101,Technical English,Section 1,2026-03-08,S3075,Synthetic Student 3075,present,0,qr,4,Sunday,08:00,4
ENG101,Technical English,Section 1,2026-03-08,S3078,Synthetic Student 3078,absent,0,qr,4,Sunday,08:00,2
ENG101,Technical English,Section 1,2026-03-08,S3081,Synthetic Student 3081,present,0,qr,4,Sunday,08:00,5
ENG101,Technical English,Section 1,2026-03-08,S3083,Synthetic Student 3083,absent,0,qr,4,Sunday,08:00,5
ENG101,Technical English,Section 1,2026-03-08,S3086,Synthetic Student 3086,late,29,qr,4,Sunday,08:00,3
ENG101,Technical English,Section 1,2026-03-08,S3090,Synthetic Student 3090,present,0,qr,4,Sunday,08:00,3
ENG101,Technical English,Section 2,2026-03-11,S3003,Synthetic Student 3003,late,32,qr,4,Wednesday,10:00,3
ENG101,Technical English,Section 2,2026-03-11,S3008,Synthetic Student 3008,present,0,qr,4,Wednesday,10:00,4
ENG101,Technical English,Section 2,2026-03-11,S3012,Synthetic Student 3012,present,0,qr,4,Wednesday,10:00,5
ENG101,Technical English,Section 2,2026-03-11,S3016,Synthetic Student 3016,present,0,qr,4,Wednesday,10:00,3
ENG101,Technical English,Section 2,2026-03-11,S3024,Synthetic Student 3024,absent,0,qr,4,Wednesday,10:00,5
ENG101,Technical English,Section 2,2026-03-11,S3027,Synthetic Student 3027,present,0,qr,4,Wednesday,10:00,5
ENG101,Technical English,Section 2,2026-03-11,S3028,Synthetic Student 3028,absent,0,qr,4,Wednesday,10:00,3
ENG101,Technical English,Section 2,2026-03-11,S3031,Synthetic Student 3031,late,35,qr,4,Wednesday,10:00,5
ENG101,Technical English,Section 2,2026-03-11,S3033,Synthetic Student 3033,present,0,qr,4,Wednesday,10:00,5
ENG101,Technical English,Section 2,2026-03-11,S3038,Synthetic Student 3038,present,0,qr,4,Wednesday,10:00,4
ENG101,Technical English,Section 2,2026-03-11,S3039,Synthetic Student 3039,late,27,qr,4,Wednesday,10:00,4
ENG101,Technical English,Section 2,2026-03-11,S3042,Synthetic Student 3042,present,0,qr,4,Wednesday,10:00,5
ENG101,Technical English,Section 2,2026-03-11,S3043,Synthetic Student 3043,present,0,qr,4,Wednesday,10:00,4
ENG101,Technical English,Section 2,2026-03-11,S3047,Synthetic Student 3047,present,0,manual,4,Wednesday,10:00,2
ENG101,Technical English,Section 2,2026-03-11,S3051,Synthetic Student 3051,present,0,qr,4,Wednesday,10:00,5
ENG101,Technical English,Section 2,2026-03-11,S3052,Synthetic Student 3052,absent,0,qr,4,Wednesday,10:00,2
ENG101,Technical English,Section 2,2026-03-11,S3055,Synthetic Student 3055,absent,0,qr,4,Wednesday,10:00,4
ENG101,Technical English,Section 2,2026-03-11,S3058,Synthetic Student 3058,absent,0,qr,4,Wednesday,10:00,3
ENG101,Technical English,Section 2,2026-03-11,S3062,Synthetic Student 3062,present,0,qr,4,Wednesday,10:00,5
ENG101,Technical English,Section 2,2026-03-11,S3063,Synthetic Student 3063,absent,0,qr,4,Wednesday,10:00,3
ENG101,Technical English,Section 2,2026-03-11,S3067,Synthetic Student 3067,present,0,qr,4,Wednesday,10:00,5
ENG101,Technical English,Section 2,2026-03-11,S3070,Synthetic Student 3070,present,0,qr,4,Wednesday,10:00,5
ENG101,Technical English,Section 2,2026-03-11,S3076,Synthetic Student 3076,present,0,qr,4,Wednesday,10:00,3
ENG101,Technical English,Section 2,2026-03-11,S3079,Synthetic Student 3079,absent,0,qr,4,Wednesday,10:00,5
ENG101,Technical English,Section 2,2026-03-11,S3080,Synthetic Student 3080,present,0,qr,4,Wednesday,10:00,4
ENG101,Technical English,Section 2,2026-03-11,S3084,Synthetic Student 3084,present,0,qr,4,Wednesday,10:00,5
ENG101,Technical English,Section 2,2026-03-11,S3085,Synthetic Student 3085,present,0,qr,4,Wednesday,10:00,5
MATH101,Calculus I,Section 2,2026-03-11,S3002,Synthetic Student 3002,absent,0,qr,4,Wednesday,14:00,5
MATH101,Calculus I,Section 2,2026-03-11,S3003,Synthetic Student 3003,present,0,qr,4,Wednesday,14:00,3
MATH101,Calculus I,Section 2,2026-03-11,S3004,Synthetic Student 3004,excused,0,manual,4,Wednesday,14:00,3
MATH101,Calculus I,Section 2,2026-03-11,S3009,Synthetic Student 3009,late,19,qr,4,Wednesday,14:00,4
MATH101,Calculus I,Section 2,2026-03-11,S3019,Synthetic Student 3019,present,0,qr,4,Wednesday,14:00,3
MATH101,Calculus I,Section 2,2026-03-11,S3024,Synthetic Student 3024,late,40,qr,4,Wednesday,14:00,5
MATH101,Calculus I,Section 2,2026-03-11,S3025,Synthetic Student 3025,present,0,qr,4,Wednesday,14:00,2
MATH101,Calculus I,Section 2,2026-03-11,S3031,Synthetic Student 3031,present,0,qr,4,Wednesday,14:00,5
MATH101,Calculus I,Section 2,2026-03-11,S3033,Synthetic Student 3033,present,0,qr,4,Wednesday,14:00,5
MATH101,Calculus I,Section 2,2026-03-11,S3034,Synthetic Student 3034,late,16,qr,4,Wednesday,14:00,4
MATH101,Calculus I,Section 2,2026-03-11,S3039,Synthetic Student 3039,present,0,qr,4,Wednesday,14:00,4
MATH101,Calculus I,Section 2,2026-03-11,S3040,Synthetic Student 3040,late,39,qr,4,Wednesday,14:00,5
MATH101,Calculus I,Section 2,2026-03-11,S3041,Synthetic Student 3041,absent,0,qr,4,Wednesday,14:00,5
MATH101,Calculus I,Section 2,2026-03-11,S3042,Synthetic Student 3042,absent,0,qr,4,Wednesday,14:00,5
MATH101,Calculus I,Section 2,2026-03-11,S3046,Synthetic Student 3046,present,0,qr,4,Wednesday,14:00,3
MATH101,Calculus I,Section 2,2026-03-11,S3049,Synthetic Student 3049,present,0,qr,4,Wednesday,14:00,4
MATH101,Calculus I,Section 2,2026-03-11,S3051,Synthetic Student 3051,present,0,qr,4,Wednesday,14:00,5
MATH101,Calculus I,Section 2,2026-03-11,S3052,Synthetic Student 3052,present,0,qr,4,Wednesday,14:00,2
MATH101,Calculus I,Section 2,2026-03-11,S3053,Synthetic Student 3053,absent,0,qr,4,Wednesday,14:00,2
MATH101,Calculus I,Section 2,2026-03-11,S3055,Synthetic Student 3055,present,0,qr,4,Wednesday,14:00,4
MATH101,Calculus I,Section 2,2026-03-11,S3056,Synthetic Student 3056,absent,0,qr,4,Wednesday,14:00,4
MATH101,Calculus I,Section 2,2026-03-11,S3062,Synthetic Student 3062,present,0,qr,4,Wednesday,14:00,5
MATH101,Calculus I,Section 2,2026-03-11,S3065,Synthetic Student 3065,present,0,qr,4,Wednesday,14:00,2
MATH101,Calculus I,Section 2,2026-03-11,S3066,Synthetic Student 3066,present,0,qr,4,Wednesday,14:00,3
MATH101,Calculus I,Section 2,2026-03-11,S3068,Synthetic Student 3068,absent,0,qr,4,Wednesday,14:00,5
MATH101,Calculus I,Section 2,2026-03-11,S3070,Synthetic Student 3070,present,0,qr,4,Wednesday,14:00,5
MATH101,Calculus I,Section 2,2026-03-11,S3077,Synthetic Student 3077,present,0,qr,4,Wednesday,14:00,3
MATH101,Calculus I,Section 2,2026-03-11,S3082,Synthetic Student 3082,present,0,qr,4,Wednesday,14:00,2
MATH101,Calculus I,Section 2,2026-03-11,S3083,Synthetic Student 3083,present,0,qr,4,Wednesday,14:00,5
MATH101,Calculus I,Section 2,2026-03-11,S3085,Synthetic Student 3085,present,0,qr,4,Wednesday,14:00,5
MATH101,Calculus I,Section 2,2026-03-11,S3087,Synthetic Student 3087,absent,0,qr,4,Wednesday,14:00,3
MATH101,Calculus I,Section 2,2026-03-11,S3089,Synthetic Student 3089,present,0,qr,4,Wednesday,14:00,2
CS101,Intro to Programming,Section 1,2026-03-12,S3004,Synthetic Student 3004,present,0,qr,4,Thursday,08:00,3
CS101,Intro to Programming,Section 1,2026-03-12,S3007,Synthetic Student 3007,present,0,qr,4,Thursday,08:00,2
CS101,Intro to Programming,Section 1,2026-03-12,S3008,Synthetic Student 3008,present,0,qr,4,Thursday,08:00,4
CS101,Intro to Programming,Section 1,2026-03-12,S3010,Synthetic Student 3010,present,0,qr,4,Thursday,08:00,5
CS101,Intro to Programming,Section 1,2026-03-12,S3012,Synthetic Student 3012,absent,0,qr,4,Thursday,08:00,5
CS101,Intro to Programming,Section 1,2026-03-12,S3014,Synthetic Student 3014,present,0,qr,4,Thursday,08:00,2
CS101,Intro to Programming,Section 1,2026-03-12,S3020,Synthetic Student 3020,absent,0,qr,4,Thursday,08:00,2
CS101,Intro to Programming,Section 1,2026-03-12,S3022,Synthetic Student 3022,present,0,qr,4,Thursday,08:00,3
CS101,Intro to Programming,Section 1,2026-03-12,S3024,Synthetic Student 3024,absent,0,qr,4,Thursday,08:00,5
CS101,Intro to Programming,Section 1,2026-03-12,S3030,Synthetic Student 3030,present,0,qr,4,Thursday,08:00,3
CS101,Intro to Programming,Section 1,2026-03-12,S3031,Synthetic Student 3031,late,29,qr,4,Thursday,08:00,5
CS101,Intro to Programming,Section 1,2026-03-12,S3032,Synthetic Student 3032,present,0,qr,4,Thursday,08:00,5
CS101,Intro to Programming,Section 1,2026-03-12,S3034,Synthetic Student 3034,absent,0,qr,4,Thursday,08:00,4
CS101,Intro to Programming,Section 1,2026-03-12,S3036,Synthetic Student 3036,absent,0,qr,4,Thursday,08:00,4
CS101,Intro to Programming,Section 1,2026-03-12,S3038,Synthetic Student 3038,present,0,qr,4,Thursday,08:00,4
CS101,Intro to Programming,Section 1,2026-03-12,S3041,Synthetic Student 3041,present,0,qr,4,Thursday,08:00,5
CS101,Intro to Programming,Section 1,2026-03-12,S3045,Synthetic Student 3045,present,0,qr,4,Thursday,08:00,5
CS101,Intro to Programming,Section 1,2026-03-12,S3056,Synthetic Student 3056,present,0,qr,4,Thursday,08:00,4
CS101,Intro to Programming,Section 1,2026-03-12,S3058,Synthetic Student 3058,present,0,qr,4,Thursday,08:00,3
CS101,Intro to Programming,Section 1,2026-03-12,S3059,Synthetic Student 3059,present,0,qr,4,Thursday,08:00,5
CS101,Intro to Programming,Section 1,2026-03-12,S3060,Synthetic Student 3060,present,0,qr,4,Thursday,08:00,2
CS101,Intro to Programming,Section 1,2026-03-12,S3061,Synthetic Student 3061,present,0,qr,4,Thursday,08:00,4
CS101,Intro to Programming,Section 1,2026-03-12,S3063,Synthetic Student 3063,present,0,qr,4,Thursday,08:00,3
CS101,Intro to Programming,Section 1,2026-03-12,S3068,Synthetic Student 3068,present,0,qr,4,Thursday,08:00,5
CS101,Intro to Programming,Section 1,2026-03-12,S3071,Synthetic Student 3071,absent,0,qr,4,Thursday,08:00,3
CS101,Intro to Programming,Section 1,2026-03-12,S3073,Synthetic Student 3073,present,0,qr,4,Thursday,08:00,3
CS101,Intro to Programming,Section 1,2026-03-12,S3074,Synthetic Student 3074,absent,0,qr,4,Thursday,08:00,4
CS101,Intro to Programming,Section 1,2026-03-12,S3080,Synthetic Student 3080,present,0,qr,4,Thursday,08:00,4
CS101,Intro to Programming,Section 1,2026-03-12,S3082,Synthetic Student 3082,absent,0,qr,4,Thursday,08:00,2
CS101,Intro to Programming,Section 1,2026-03-12,S3086,Synthetic Student 3086,absent,0,qr,4,Thursday,08:00,3
CS101,Intro to Programming,Section 1,2026-03-12,S3089,Synthetic Student 3089,absent,0,qr,4,Thursday,08:00,2
MATH101,Calculus I,Section 1,2026-03-12,S3005,Synthetic Student 3005,present,0,qr,4,Thursday,08:00,5
MATH101,Calculus I,Section 1,2026-03-12,S3007,Synthetic Student 3007,present,0,qr,4,Thursday,08:00,2
MATH101,Calculus I,Section 1,2026-03-12,S3010,Synthetic Student 3010,present,0,qr,4,Thursday,08:00,5
MATH101,Calculus I,Section 1,2026-03-12,S3012,Synthetic Student 3012,present,0,qr,4,Thursday,08:00,5
MATH101,Calculus I,Section 1,2026-03-12,S3013,Synthetic Student 3013,absent,0,qr,4,Thursday,08:00,3
MATH101,Calculus I,Section 1,2026-03-12,S3015,Synthetic Student 3015,absent,0,qr,4,Thursday,08:00,4
MATH101,Calculus I,Section 1,2026-03-12,S3016,Synthetic Student 3016,present,0,qr,4,Thursday,08:00,3
MATH101,Calculus I,Section 1,2026-03-12,S3017,Synthetic Student 3017,absent,0,qr,4,Thursday,08:00,4
MATH101,Calculus I,Section 1,2026-03-12,S3018,Synthetic Student 3018,absent,0,qr,4,Thursday,08:00,3
MATH101,Calculus I,Section 1,2026-03-12,S3022,Synthetic Student 3022,present,0,qr,4,Thursday,08:00,3
MATH101,Calculus I,Section 1,2026-03-12,S3023,Synthetic Student 3023,absent,0,qr,4,Thursday,08:00,2
MATH101,Calculus I,Section 1,2026-03-12,S3027,Synthetic Student 3027,late,40,qr,4,Thursday,08:00,5
MATH101,Calculus I,Section 1,2026-03-12,S3028,Synthetic Student 3028,absent,0,qr,4,Thursday,08:00,3
MATH101,Calculus I,Section 1,2026-03-12,S3029,Synthetic Student 3029,present,0,qr,4,Thursday,08:00,3
MATH101,Calculus I,Section 1,2026-03-12,S3032,Synthetic Student 3032,late,39,qr,4,Thursday,08:00,5
MATH101,Calculus I,Section 1,2026-03-12,S3036,Synthetic Student 3036,absent,0,qr,4,Thursday,08:00,4
MATH101,Calculus I,Section 1,2026-03-12,S3038,Synthetic Student 3038,present,0,qr,4,Thursday,08:00,4
MATH101,Calculus I,Section 1,2026-03-12,S3043,Synthetic Student 3043,present,0,qr,4,Thursday,08:00,4
MATH101,Calculus I,Section 1,2026-03-12,S3044,Synthetic Student 3044,present,0,qr,4,Thursday,08:00,4
MATH101,Calculus I,Section 1,2026-03-12,S3045,Synthetic Student 3045,present,0,qr,4,Thursday,08:00,5
MATH101,Calculus I,Section 1,2026-03-12,S3048,Synthetic Student 3048,absent,0,qr,4,Thursday,08:00,5
MATH101,Calculus I,Section 1,2026-03-12,S3050,Synthetic Student 3050,present,0,qr,4,Thursday,08:00,5
MATH101,Calculus I,Section 1,2026-03-12,S3054,Synthetic Student 3054,late,31,qr,4,Thursday,08:00,5
MATH101,Calculus I,Section 1,2026-03-12,S3058,Synthetic Student 3058,present,0,qr,4,Thursday,08:00,3
MATH101,Calculus I,Section 1,2026-03-12,S3059,Synthetic Student 3059,late,34,qr,4,Thursday,08:00,5
MATH101,Calculus I,Section 1,2026-03-12,S3061,Synthetic Student 3061,present,0,qr,4,Thursday,08:00,4
MATH101,Calculus I,Section 1,2026-03-12,S3067,Synthetic Student 3067,present,0,qr,4,Thursday,08:00,5
MATH101,Calculus I,Section 1,2026-03-12,S3073,Synthetic Student 3073,present,0,qr,4,Thursday,08:00,3
MATH101,Calculus I,Section 1,2026-03-12,S3074,Synthetic Student 3074,present,0,qr,4,Thursday,08:00,4
MATH101,Calculus I,Section 1,2026-03-12,S3076,Synthetic Student 3076,absent,0,qr,4,Thursday,08:00,3
MATH101,Calculus I,Section 1,2026-03-12,S3079,Synthetic Student 3079,present,0,qr,4,Thursday,08:00,5
MATH101,Calculus I,Section 1,2026-03-12,S3081,Synthetic Student 3081,present,0,qr,4,Thursday,08:00,5
MATH101,Calculus I,Section 1,2026-03-12,S3084,Synthetic Student 3084,present,0,qr,4,Thursday,08:00,5
MATH101,Calculus I,Section 1,2026-03-12,S3086,Synthetic Student 3086,present,0,qr,4,Thursday,08:00,3
MATH101,Calculus I,Section 1,2026-03-12,S3088,Synthetic Student 3088,absent,0,qr,4,Thursday,08:00,4
MATH101,Calculus I,Section 1,2026-03-12,S3090,Synthetic Student 3090,late,28,qr,4,Thursday,08:00,3
CS101,Intro to Programming,Section 2,2026-03-14,S3002,Synthetic Student 3002,present,0,qr,5,Saturday,12:00,5
CS101,Intro to Programming,Section 2,2026-03-14,S3003,Synthetic Student 3003,absent,0,qr,5,Saturday,12:00,3
CS101,Intro to Programming,Section 2,2026-03-14,S3005,Synthetic Student 3005,present,0,qr,5,Saturday,12:00,5
CS101,Intro to Programming,Section 2,2026-03-14,S3006,Synthetic Student 3006,present,0,qr,5,Saturday,12:00,2
CS101,Intro to Programming,Section 2,2026-03-14,S3009,Synthetic Student 3009,late,27,qr,5,Saturday,12:00,4
CS101,Intro to Programming,Section 2,2026-03-14,S3011,Synthetic Student 3011,present,0,qr,5,Saturday,12:00,3
CS101,Intro to Programming,Section 2,2026-03-14,S3016,Synthetic Student 3016,present,0,qr,5,Saturday,12:00,3
CS101,Intro to Programming,Section 2,2026-03-14,S3017,Synthetic Student 3017,present,0,qr,5,Saturday,12:00,4
CS101,Intro to Programming,Section 2,2026-03-14,S3018,Synthetic Student 3018,absent,0,qr,5,Saturday,12:00,3
CS101,Intro to Programming,Section 2,2026-03-14,S3019,Synthetic Student 3019,present,0,qr,5,Saturday,12:00,3
CS101,Intro to Programming,Section 2,2026-03-14,S3021,Synthetic Student 3021,present,0,qr,5,Saturday,12:00,3
CS101,Intro to Programming,Section 2,2026-03-14,S3025,Synthetic Student 3025,present,0,qr,5,Saturday,12:00,2
CS101,Intro to Programming,Section 2,2026-03-14,S3027,Synthetic Student 3027,absent,0,qr,5,Saturday,12:00,5
CS101,Intro to Programming,Section 2,2026-03-14,S3029,Synthetic Student 3029,present,0,qr,5,Saturday,12:00,3
CS101,Intro to Programming,Section 2,2026-03-14,S3033,Synthetic Student 3033,absent,0,qr,5,Saturday,12:00,5
CS101,Intro to Programming,Section 2,2026-03-14,S3035,Synthetic Student 3035,present,0,qr,5,Saturday,12:00,2
CS101,Intro to Programming,Section 2,2026-03-14,S3040,Synthetic Student 3040,present,0,qr,5,Saturday,12:00,5
CS101,Intro to Programming,Section 2,2026-03-14,S3042,Synthetic Student 3042,absent,0,qr,5,Saturday,12:00,5
CS101,Intro to Programming,Section 2,2026-03-14,S3044,Synthetic Student 3044,late,33,qr,5,Saturday,12:00,4
CS101,Intro to Programming,Section 2,2026-03-14,S3046,Synthetic Student 3046,present,0,qr,5,Saturday,12:00,3
CS101,Intro to Programming,Section 2,2026-03-14,S3047,Synthetic Student 3047,present,0,qr,5,Saturday,12:00,2
CS101,Intro to Programming,Section 2,2026-03-14,S3048,Synthetic Student 3048,absent,0,qr,5,Saturday,12:00,5
CS101,Intro to Programming,Section 2,2026-03-14,S3049,Synthetic Student 3049,present,0,qr,5,Saturday,12:00,4
CS101,Intro to Programming,Section 2,2026-03-14,S3050,Synthetic Student 3050,present,0,qr,5,Saturday,12:00,5
CS101,Intro to Programming,Section 2,2026-03-14,S3051,Synthetic Student 3051,present,0,qr,5,Saturday,12:00,5
CS101,Intro to Programming,Section 2,2026-03-14,S3054,Synthetic Student 3054,present,0,qr,5,Saturday,12:00,5
CS101,Intro to Programming,Section 2,2026-03-14,S3057,Synthetic Student 3057,present,0,qr,5,Saturday,12:00,3
CS101,Intro to Programming,Section 2,2026-03-14,S3062,Synthetic Student 3062,present,0,qr,5,Saturday,12:00,5
CS101,Intro to Programming,Section 2,2026-03-14,S3067,Synthetic Student 3067,present,0,qr,5,Saturday,12:00,5
CS101,Intro to Programming,Section 2,2026-03-14,S3070,Synthetic Student 3070,absent,0,qr,5,Saturday,12:00,5
CS101,Intro to Programming,Section 2,2026-03-14,S3075,Synthetic Student 3075,present,0,qr,5,Saturday,12:00,4
CS101,Intro to Programming,Section 2,2026-03-14,S3078,Synthetic Student 3078,present,0,qr,5,Saturday,12:00,2
CS101,Intro to Programming,Section 2,2026-03-14,S3079,Synthetic Student 3079,present,0,qr,5,Saturday,12:00,5
CS101,Intro to Programming,Section 2,2026-03-14,S3081,Synthetic Student 3081,present,0,qr,5,Saturday,12:00,5
CS101,Intro to Programming,Section 2,2026-03-14,S3083,Synthetic Student 3083,present,0,qr,5,Saturday,12:00,5
CS101,Intro to Programming,Section 2,2026-03-14,S3084,Synthetic Student 3084,present,0,qr,5,Saturday,12:00,5
CS101,Intro to Programming,Section 2,2026-03-14,S3085,Synthetic Student 3085,present,0,qr,5,Saturday,12:00,5
CS101,Intro to Programming,Section 2,2026-03-14,S3087,Synthetic Student 3087,present,0,qr,5,Saturday,12:00,3
CS101,Intro to Programming,Section 2,2026-03-14,S3088,Synthetic Student 3088,present,0,qr,5,Saturday,12:00,4
PHY101,Physics I,Section 1,2026-03-14,S3001,Synthetic Student 3001,present,0,qr,5,Saturday,08:00,2
PHY101,Physics I,Section 1,2026-03-14,S3009,Synthetic Student 3009,absent,0,qr,5,Saturday,08:00,4
PHY101,Physics I,Section 1,2026-03-14,S3010,Synthetic Student 3010,present,0,qr,5,Saturday,08:00,5
PHY101,Physics I,Section 1,2026-03-14,S3018,Synthetic Student 3018,absent,0,qr,5,Saturday,08:00,3
PHY101,Physics I,Section 1,2026-03-14,S3020,Synthetic Student 3020,present,0,qr,5,Saturday,08:00,2
PHY101,Physics I,Section 1,2026-03-14,S3026,Synthetic Student 3026,present,0,qr,5,Saturday,08:00,2
PHY101,Physics I,Section 1,2026-03-14,S3027,Synthetic Student 3027,present,0,qr,5,Saturday,08:00,5
PHY101,Physics I,Section 1,2026-03-14,S3029,Synthetic Student 3029,present,0,qr,5,Saturday,08:00,3
PHY101,Physics I,Section 1,2026-03-14,S3030,Synthetic Student 3030,present,0,qr,5,Saturday,08:00,3
PHY101,Physics I,Section 1,2026-03-14,S3033,Synthetic Student 3033,late,31,qr,5,Saturday,08:00,5
PHY101,Physics I,Section 1,2026-03-14,S3036,Synthetic Student 3036,present,0,qr,5,Saturday,08:00,4
PHY101,Physics I,Section 1,2026-03-14,S3037,Synthetic Student 3037,present,0,qr,5,Saturday,08:00,3
PHY101,Physics I,Section 1,2026-03-14,S3041,Synthetic Student 3041,present,0,qr,5,Saturday,08:00,5
PHY101,Physics I,Section 1,2026-03-14,S3043,Synthetic Student 3043,present,0,qr,5,Saturday,08:00,4
PHY101,Physics I,Section 1,2026-03-14,S3044,Synthetic Student 3044,present,0,qr,5,Saturday,08:00,4
PHY101,Physics I,Section 1,2026-03-14,S3045,Synthetic Student 3045,present,0,qr,5,Saturday,08:00,5
PHY101,Physics I,Section 1,2026-03-14,S3048,Synthetic Student 3048,present,0,qr,5,Saturday,08:00,5
PHY101,Physics I,Section 1,2026-03-14,S3050,Synthetic Student 3050,late,22,qr,5,Saturday,08:00,5
PHY101,Physics I,Section 1,2026-03-14,S3051,Synthetic Student 3051,present,0,qr,5,Saturday,08:00,5
PHY101,Physics I,Section 1,2026-03-14,S3054,Synthetic Student 3054,absent,0,qr,5,Saturday,08:00,5
PHY101,Physics I,Section 1,2026-03-14,S3055,Synthetic Student 3055,present,0,qr,5,Saturday,08:00,4
PHY101,Physics I,Section 1,2026-03-14,S3056,Synthetic Student 3056,present,0,qr,5,Saturday,08:00,4
PHY101,Physics I,Section 1,2026-03-14,S3057,Synthetic Student 3057,absent,0,qr,5,Saturday,08:00,3
PHY101,Physics I,Section 1,2026-03-14,S3059,Synthetic Student 3059,present,0,qr,5,Saturday,08:00,5
PHY101,Physics I,Section 1,2026-03-14,S3060,Synthetic Student 3060,present,0,qr,5,Saturday,08:00,2
PHY101,Physics I,Section 1,2026-03-14,S3061,Synthetic Student 3061,absent,0,qr,5,Saturday,08:00,4
PHY101,Physics I,Section 1,2026-03-14,S3064,Synthetic Student 3064,present,0,qr,5,Saturday,08:00,2
PHY101,Physics I,Section 1,2026-03-14,S3065,Synthetic Student 3065,present,0,qr,5,Saturday,08:00,2
PHY101,Physics I,Section 1,2026-03-14,S3066,Synthetic Student 3066,present,0,qr,5,Saturday,08:00,3
PHY101,Physics I,Section 1,2026-03-14,S3067,Synthetic Student 3067,late,23,qr,5,Saturday,08:00,5
PHY101,Physics I,Section 1,2026-03-14,S3069,Synthetic Student 3069,absent,0,qr,5,Saturday,08:00,3
PHY101,Physics I,Section 1,2026-03-14,S3071,Synthetic Student 3071,absent,0,qr,5,Saturday,08:00,3
PHY101,Physics I,Section 1,2026-03-14,S3074,Synthetic Student 3074,present,0,qr,5,Saturday,08:00,4
PHY101,Physics I,Section 1,2026-03-14,S3075,Synthetic Student 3075,present,0,qr,5,Saturday,08:00,4
PHY101,Physics I,Section 1,2026-03-14,S3077,Synthetic Student 3077,absent,0,qr,5,Saturday,08:00,3
PHY101,Physics I,Section 1,2026-03-14,S3079,Synthetic Student 3079,present,0,qr,5,Saturday,08:00,5
PHY101,Physics I,Section 1,2026-03-14,S3080,Synthetic Student 3080,absent,0,qr,5,Saturday,08:00,4
PHY101,Physics I,Section 1,2026-03-14,S3081,Synthetic Student 3081,absent,0,qr,5,Saturday,08:00,5
PHY101,Physics I,Section 1,2026-03-14,S3090,Synthetic Student 3090,absent,0,qr,5,Saturday,08:00,3
PHY101,Physics I,Section 2,2026-03-14,S3002,Synthetic Student 3002,late,37,qr,5,Saturday,10:00,5
PHY101,Physics I,Section 2,2026-03-14,S3004,Synthetic Student 3004,absent,0,qr,5,Saturday,10:00,3
PHY101,Physics I,Section 2,2026-03-14,S3005,Synthetic Student 3005,present,0,qr,5,Saturday,10:00,5
PHY101,Physics I,Section 2,2026-03-14,S3008,Synthetic Student 3008,present,0,qr,5,Saturday,10:00,4
PHY101,Physics I,Section 2,2026-03-14,S3012,Synthetic Student 3012,absent,0,qr,5,Saturday,10:00,5
PHY101,Physics I,Section 2,2026-03-14,S3015,Synthetic Student 3015,present,0,qr,5,Saturday,10:00,4
PHY101,Physics I,Section 2,2026-03-14,S3019,Synthetic Student 3019,present,0,qr,5,Saturday,10:00,3
PHY101,Physics I,Section 2,2026-03-14,S3022,Synthetic Student 3022,present,0,qr,5,Saturday,10:00,3
PHY101,Physics I,Section 2,2026-03-14,S3024,Synthetic Student 3024,present,0,qr,5,Saturday,10:00,5
PHY101,Physics I,Section 2,2026-03-14,S3031,Synthetic Student 3031,present,0,qr,5,Saturday,10:00,5
PHY101,Physics I,Section 2,2026-03-14,S3032,Synthetic Student 3032,absent,0,qr,5,Saturday,10:00,5
PHY101,Physics I,Section 2,2026-03-14,S3034,Synthetic Student 3034,present,0,qr,5,Saturday,10:00,4
PHY101,Physics I,Section 2,2026-03-14,S3035,Synthetic Student 3035,present,0,qr,5,Saturday,10:00,2
PHY101,Physics I,Section 2,2026-03-14,S3039,Synthetic Student 3039,present,0,qr,5,Saturday,10:00,4
PHY101,Physics I,Section 2,2026-03-14,S3040,Synthetic Student 3040,late,27,qr,5,Saturday,10:00,5
PHY101,Physics I,Section 2,2026-03-14,S3042,Synthetic Student 3042,present,0,qr,5,Saturday,10:00,5
PHY101,Physics I,Section 2,2026-03-14,S3046,Synthetic Student 3046,absent,0,qr,5,Saturday,10:00,3
PHY101,Physics I,Section 2,2026-03-14,S3049,Synthetic Student 3049,absent,0,qr,5,Saturday,10:00,4
PHY101,Physics I,Section 2,2026-03-14,S3062,Synthetic Student 3062,present,0,qr,5,Saturday,10:00,5
PHY101,Physics I,Section 2,2026-03-14,S3063,Synthetic Student 3063,present,0,qr,5,Saturday,10:00,3
PHY101,Physics I,Section 2,2026-03-14,S3068,Synthetic Student 3068,present,0,qr,5,Saturday,10:00,5
PHY101,Physics I,Section 2,2026-03-14,S3070,Synthetic Student 3070,absent,0,qr,5,Saturday,10:00,5
PHY101,Physics I,Section 2,2026-03-14,S3083,Synthetic Student 3083,present,0,qr,5,Saturday,10:00,5
PHY101,Physics I,Section 2,2026-03-14,S3084,Synthetic Student 3084,late,31,qr,5,Saturday,10:00,5
PHY101,Physics I,Section 2,2026-03-14,S3085,Synthetic Student 3085,absent,0,qr,5,Saturday,10:00,5
PHY101,Physics I,Section 2,2026-03-14,S3088,Synthetic Student 3088,present,0,qr,5,Saturday,10:00,4
CS201,Data Structures,Section 1,2026-03-15,S3005,Synthetic Student 3005,absent,0,qr,5,Sunday,10:00,5
CS201,Data Structures,Section 1,2026-03-15,S3008,Synthetic Student 3008,present,0,qr,5,Sunday,10:00,4
CS201,Data Structures,Section 1,2026-03-15,S3009,Synthetic Student 3009,late,33,qr,5,Sunday,10:00,4
CS201,Data Structures,Section 1,2026-03-15,S3010,Synthetic Student 3010,present,0,qr,5,Sunday,10:00,5
CS201,Data Structures,Section 1,2026-03-15,S3012,Synthetic Student 3012,late,27,qr,5,Sunday,10:00,5
CS201,Data Structures,Section 1,2026-03-15,S3015,Synthetic Student 3015,present,0,qr,5,Sunday,10:00,4
CS201,Data Structures,Section 1,2026-03-15,S3017,Synthetic Student 3017,present,0,qr,5,Sunday,10:00,4
CS201,Data Structures,Section 1,2026-03-15,S3021,Synthetic Student 3021,present,0,qr,5,Sunday,10:00,3
CS201,Data Structures,Section 1,2026-03-15,S3023,Synthetic Student 3023,present,0,qr,5,Sunday,10:00,2
CS201,Data Structures,Section 1,2026-03-15,S3032,Synthetic Student 3032,present,0,qr,5,Sunday,10:00,5
CS201,Data Structures,Section 1,2026-03-15,S3033,Synthetic Student 3033,present,0,qr,5,Sunday,10:00,5
CS201,Data Structures,Section 1,2026-03-15,S3036,Synthetic Student 3036,present,0,qr,5,Sunday,10:00,4
CS201,Data Structures,Section 1,2026-03-15,S3037,Synthetic Student 3037,present,0,qr,5,Sunday,10:00,3
CS201,Data Structures,Section 1,2026-03-15,S3038,Synthetic Student 3038,present,0,qr,5,Sunday,10:00,4
CS201,Data Structures,Section 1,2026-03-15,S3039,Synthetic Student 3039,present,0,qr,5,Sunday,10:00,4
CS201,Data Structures,Section 1,2026-03-15,S3040,Synthetic Student 3040,present,0,qr,5,Sunday,10:00,5
CS201,Data Structures,Section 1,2026-03-15,S3041,Synthetic Student 3041,present,0,qr,5,Sunday,10:00,5
CS201,Data Structures,Section 1,2026-03-15,S3043,Synthetic Student 3043,absent,0,qr,5,Sunday,10:00,4
CS201,Data Structures,Section 1,2026-03-15,S3048,Synthetic Student 3048,present,0,qr,5,Sunday,10:00,5
CS201,Data Structures,Section 1,2026-03-15,S3053,Synthetic Student 3053,present,0,qr,5,Sunday,10:00,2
CS201,Data Structures,Section 1,2026-03-15,S3057,Synthetic Student 3057,present,0,qr,5,Sunday,10:00,3
CS201,Data Structures,Section 1,2026-03-15,S3068,Synthetic Student 3068,present,0,qr,5,Sunday,10:00,5
CS201,Data Structures,Section 1,2026-03-15,S3070,Synthetic Student 3070,present,0,qr,5,Sunday,10:00,5
CS201,Data Structures,Section 1,2026-03-15,S3075,Synthetic Student 3075,excused,0,manual,5,Sunday,10:00,4
CS201,Data Structures,Section 1,2026-03-15,S3077,Synthetic Student 3077,present,0,qr,5,Sunday,10:00,3
CS201,Data Structures,Section 1,2026-03-15,S3079,Synthetic Student 3079,absent,0,qr,5,Sunday,10:00,5
CS201,Data Structures,Section 1,2026-03-15,S3080,Synthetic Student 3080,late,22,qr,5,Sunday,10:00,4
CS201,Data Structures,Section 1,2026-03-15,S3081,Synthetic Student 3081,present,0,qr,5,Sunday,10:00,5
CS201,Data Structures,Section 1,2026-03-15,S3083,Synthetic Student 3083,present,0,qr,5,Sunday,10:00,5
CS201,Data Structures,Section 1,2026-03-15,S3085,Synthetic Student 3085,present,0,qr,5,Sunday,10:00,5
CS201,Data Structures,Section 2,2026-03-15,S3001,Synthetic Student 3001,present,0,qr,5,Sunday,08:00,2
CS201,Data Structures,Section 2,2026-03-15,S3002,Synthetic Student 3002,present,0,qr,5,Sunday,08:00,5
CS201,Data Structures,Section 2,2026-03-15,S3006,Synthetic Student 3006,present,0,qr,5,Sunday,08:00,2
CS201,Data Structures,Section 2,2026-03-15,S3011,Synthetic Student 3011,present,0,qr,5,Sunday,08:00,3
CS201,Data Structures,Section 2,2026-03-15,S3013,Synthetic Student 3013,present,0,qr,5,Sunday,08:00,3
CS201,Data Structures,Section 2,2026-03-15,S3014,Synthetic Student 3014,absent,0,qr,5,Sunday,08:00,2
CS201,Data Structures,Section 2,2026-03-15,S3024,Synthetic Student 3024,absent,0,qr,5,Sunday,08:00,5
CS201,Data Structures,Section 2,2026-03-15,S3026,Synthetic Student 3026,late,37,qr,5,Sunday,08:00,2
CS201,Data Structures,Section 2,2026-03-15,S3027,Synthetic Student 3027,absent,0,qr,5,Sunday,08:00,5
CS201,Data Structures,Section 2,2026-03-15,S3028,Synthetic Student 3028,late,26,qr,5,Sunday,08:00,3
CS201,Data Structures,Section 2,2026-03-15,S3031,Synthetic Student 3031,present,0,qr,5,Sunday,08:00,5
CS201,Data Structures,Section 2,2026-03-15,S3042,Synthetic Student 3042,present,0,qr,5,Sunday,08:00,5
CS201,Data Structures,Section 2,2026-03-15,S3045,Synthetic Student 3045,absent,0,qr,5,Sunday,08:00,5
CS201,Data Structures,Section 2,2026-03-15,S3049,Synthetic Student 3049,present,0,qr,5,Sunday,08:00,4
CS201,Data Structures,Section 2,2026-03-15,S3050,Synthetic Student 3050,present,0,qr,5,Sunday,08:00,5
CS201,Data Structures,Section 2,2026-03-15,S3051,Synthetic Student 3051,present,0,qr,5,Sunday,08:00,5
CS201,Data Structures,Section 2,2026-03-15,S3054,Synthetic Student 3054,present,0,qr,5,Sunday,08:00,5
CS201,Data Structures,Section 2,2026-03-15,S3055,Synthetic Student 3055,excused,0,manual,5,Sunday,08:00,4
CS201,Data Structures,Section 2,2026-03-15,S3056,Synthetic Student 3056,absent,0,qr,5,Sunday,08:00,4
CS201,Data Structures,Section 2,2026-03-15,S3059,Synthetic Student 3059,present,0,qr,5,Sunday,08:00,5
CS201,Data Structures,Section 2,2026-03-15,S3061,Synthetic Student 3061,present,0,qr,5,Sunday,08:00,4
CS201,Data Structures,Section 2,2026-03-15,S3062,Synthetic Student 3062,present,0,qr,5,Sunday,08:00,5
CS201,Data Structures,Section 2,2026-03-15,S3066,Synthetic Student 3066,present,0,qr,5,Sunday,08:00,3
CS201,Data Structures,Section 2,2026-03-15,S3067,Synthetic Student 3067,absent,0,qr,5,Sunday,08:00,5
CS201,Data Structures,Section 2,2026-03-15,S3069,Synthetic Student 3069,absent,0,qr,5,Sunday,08:00,3
CS201,Data Structures,Section 2,2026-03-15,S3072,Synthetic Student 3072,absent,0,qr,5,Sunday,08:00,2
CS201,Data Structures,Section 2,2026-03-15,S3073,Synthetic Student 3073,late,18,qr,5,Sunday,08:00,3
CS201,Data Structures,Section 2,2026-03-15,S3074,Synthetic Student 3074,absent,0,qr,5,Sunday,08:00,4
CS201,Data Structures,Section 2,2026-03-15,S3076,Synthetic Student 3076,present,0,qr,5,Sunday,08:00,3
CS201,Data Structures,Section 2,2026-03-15,S3084,Synthetic Student 3084,present,0,qr,5,Sunday,08:00,5
CS201,Data Structures,Section 2,2026-03-15,S3087,Synthetic Student 3087,present,0,qr,5,Sunday,08:00,3
CS201,Data Structures,Section 2,2026-03-15,S3088,Synthetic Student 3088,absent,0,qr,5,Sunday,08:00,4
ENG101,Technical English,Section 1,2026-03-15,S3002,Synthetic Student 3002,present,0,qr,5,Sunday,08:00,5
ENG101,Technical English,Section 1,2026-03-15,S3005,Synthetic Student 3005,present,0,qr,5,Sunday,08:00,5
ENG101,Technical English,Section 1,2026-03-15,S3010,Synthetic Student 3010,absent,0,qr,5,Sunday,08:00,5
ENG101,Technical English,Section 1,2026-03-15,S3011,Synthetic Student 3011,present,0,qr,5,Sunday,08:00,3
ENG101,Technical English,Section 1,2026-03-15,S3013,Synthetic Student 3013,late,20,qr,5,Sunday,08:00,3
ENG101,Technical English,Section 1,2026-03-15,S3015,Synthetic Student 3015,present,0,manual,5,Sunday,08:00,4
ENG101,Technical English,Section 1,2026-03-15,S3017,Synthetic Student 3017,absent,0,qr,5,Sunday,08:00,4
ENG101,Technical English,Section 1,2026-03-15,S3021,Synthetic Student 3021,present,0,qr,5,Sunday,08:00,3
ENG101,Technical English,Section 1,2026-03-15,S3030,Synthetic Student 3030,absent,0,qr,5,Sunday,08:00,3
ENG101,Technical English,Section 1,2026-03-15,S3032,Synthetic Student 3032,present,0,qr,5,Sunday,08:00,5
ENG101,Technical English,Section 1,2026-03-15,S3034,Synthetic Student 3034,present,0,qr,5,Sunday,08:00,4
ENG101,Technical English,Section 1,2026-03-15,S3037,Synthetic Student 3037,present,0,qr,5,Sunday,08:00,3
ENG101,Technical English,Section 1,2026-03-15,S3040,Synthetic Student 3040,present,0,qr,5,Sunday,08:00,5
ENG101,Technical English,Section 1,2026-03-15,S3041,Synthetic Student 3041,absent,0,qr,5,Sunday,08:00,5
ENG101,Technical English,Section 1,2026-03-15,S3044,Synthetic Student 3044,absent,0,qr,5,Sunday,08:00,4
ENG101,Technical English,Section 1,2026-03-15,S3045,Synthetic Student 3045,present,0,qr,5,Sunday,08:00,5
ENG101,Technical English,Section 1,2026-03-15,S3048,Synthetic Student 3048,absent,0,qr,5,Sunday,08:00,5
ENG101,Technical English,Section 1,2026-03-15,S3050,Synthetic Student 3050,present,0,qr,5,Sunday,08:00,5
ENG101,Technical English,Section 1,2026-03-15,S3054,Synthetic Student 3054,absent,0,qr,5,Sunday,08:00,5
ENG101,Technical English,Section 1,2026-03-15,S3059,Synthetic Student 3059,absent,0,qr,5,Sunday,08:00,5
ENG101,Technical English,Section 1,2026-03-15,S3064,Synthetic Student 3064,present,0,qr,5,Sunday,08:00,2
ENG101,Technical English,Section 1,2026-03-15,S3068,Synthetic Student 3068,absent,0,qr,5,Sunday,08:00,5
ENG101,Technical English,Section 1,2026-03-15,S3069,Synthetic Student 3069,present,0,qr,5,Sunday,08:00,3
ENG101,Technical English,Section 1,2026-03-15,S3071,Synthetic Student 3071,absent,0,qr,5,Sunday,08:00,3
ENG101,Technical English,Section 1,2026-03-15,S3072,Synthetic Student 3072,late,19,qr,5,Sunday,08:00,2
ENG101,Technical English,Section 1,2026-03-15,S3075,Synthetic Student 3075,present,0,qr,5,Sunday,08:00,4
ENG101,Technical English,Section 1,2026-03-15,S3078,Synthetic Student 3078,present,0,qr,5,Sunday,08:00,2
ENG101,Technical English,Section 1,2026-03-15,S3081,Synthetic Student 3081,absent,0,qr,5,Sunday,08:00,5
ENG101,Technical English,Section 1,2026-03-15,S3083,Synthetic Student 3083,present,0,qr,5,Sunday,08:00,5
ENG101,Technical English,Section 1,2026-03-15,S3086,Synthetic Student 3086,absent,0,qr,5,Sunday,08:00,3
ENG101,Technical English,Section 1,2026-03-15,S3090,Synthetic Student 3090,absent,0,qr,5,Sunday,08:00,3
ENG101,Technical English,Section 2,2026-03-18,S3003,Synthetic Student 3003,present,0,qr,5,Wednesday,10:00,3
ENG101,Technical English,Section 2,2026-03-18,S3008,Synthetic Student 3008,absent,0,qr,5,Wednesday,10:00,4
ENG101,Technical English,Section 2,2026-03-18,S3012,Synthetic Student 3012,absent,0,qr,5,Wednesday,10:00,5
ENG101,Technical English,Section 2,2026-03-18,S3016,Synthetic Student 3016,present,0,qr,5,Wednesday,10:00,3
ENG101,Technical English,Section 2,2026-03-18,S3024,Synthetic Student 3024,present,0,qr,5,Wednesday,10:00,5
ENG101,Technical English,Section 2,2026-03-18,S3027,Synthetic Student 3027,present,0,qr,5,Wednesday,10:00,5
ENG101,Technical English,Section 2,2026-03-18,S3028,Synthetic Student 3028,absent,0,qr,5,Wednesday,10:00,3
ENG101,Technical English,Section 2,2026-03-18,S3031,Synthetic Student 3031,present,0,qr,5,Wednesday,10:00,5
ENG101,Technical English,Section 2,2026-03-18,S3033,Synthetic Student 3033,present,0,qr,5,Wednesday,10:00,5
ENG101,Technical English,Section 2,2026-03-18,S3038,Synthetic Student 3038,absent,0,qr,5,Wednesday,10:00,4
ENG101,Technical English,Section 2,2026-03-18,S3039,Synthetic Student 3039,present,0,qr,5,Wednesday,10:00,4
ENG101,Technical English,Section 2,2026-03-18,S3042,Synthetic Student 3042,present,0,qr,5,Wednesday,10:00,5
ENG101,Technical English,Section 2,2026-03-18,S3043,Synthetic Student 3043,absent,0,qr,5,Wednesday,10:00,4
ENG101,Technical English,Section 2,2026-03-18,S3047,Synthetic Student 3047,absent,0,qr,5,Wednesday,10:00,2
ENG101,Technical English,Section 2,2026-03-18,S3051,Synthetic Student 3051,present,0,qr,5,Wednesday,10:00,5
ENG101,Technical English,Section 2,2026-03-18,S3052,Synthetic Student 3052,absent,0,qr,5,Wednesday,10:00,2
ENG101,Technical English,Section 2,2026-03-18,S3055,Synthetic Student 3055,absent,0,qr,5,Wednesday,10:00,4
ENG101,Technical English,Section 2,2026-03-18,S3058,Synthetic Student 3058,present,0,qr,5,Wednesday,10:00,3
ENG101,Technical English,Section 2,2026-03-18,S3062,Synthetic Student 3062,absent,0,qr,5,Wednesday,10:00,5
ENG101,Technical English,Section 2,2026-03-18,S3063,Synthetic Student 3063,present,0,qr,5,Wednesday,10:00,3
ENG101,Technical English,Section 2,2026-03-18,S3067,Synthetic Student 3067,present,0,qr,5,Wednesday,10:00,5
ENG101,Technical English,Section 2,2026-03-18,S3070,Synthetic Student 3070,present,0,qr,5,Wednesday,10:00,5
ENG101,Technical English,Section 2,2026-03-18,S3076,Synthetic Student 3076,present,0,qr,5,Wednesday,10:00,3
ENG101,Technical English,Section 2,2026-03-18,S3079,Synthetic Student 3079,present,0,qr,5,Wednesday,10:00,5
ENG101,Technical English,Section 2,2026-03-18,S3080,Synthetic Student 3080,present,0,qr,5,Wednesday,10:00,4
ENG101,Technical English,Section 2,2026-03-18,S3084,Synthetic Student 3084,present,0,qr,5,Wednesday,10:00,5
ENG101,Technical English,Section 2,2026-03-18,S3085,Synthetic Student 3085,present,0,qr,5,Wednesday,10:00,5
MATH101,Calculus I,Section 2,2026-03-18,S3002,Synthetic Student 3002,present,0,qr,5,Wednesday,14:00,5
MATH101,Calculus I,Section 2,2026-03-18,S3003,Synthetic Student 3003,present,0,qr,5,Wednesday,14:00,3
MATH101,Calculus I,Section 2,2026-03-18,S3004,Synthetic Student 3004,present,0,qr,5,Wednesday,14:00,3
MATH101,Calculus I,Section 2,2026-03-18,S3009,Synthetic Student 3009,late,37,qr,5,Wednesday,14:00,4
MATH101,Calculus I,Section 2,2026-03-18,S3019,Synthetic Student 3019,present,0,qr,5,Wednesday,14:00,3
MATH101,Calculus I,Section 2,2026-03-18,S3024,Synthetic Student 3024,present,0,qr,5,Wednesday,14:00,5
MATH101,Calculus I,Section 2,2026-03-18,S3025,Synthetic Student 3025,present,0,qr,5,Wednesday,14:00,2
MATH101,Calculus I,Section 2,2026-03-18,S3031,Synthetic Student 3031,late,28,qr,5,Wednesday,14:00,5
MATH101,Calculus I,Section 2,2026-03-18,S3033,Synthetic Student 3033,present,0,qr,5,Wednesday,14:00,5
MATH101,Calculus I,Section 2,2026-03-18,S3034,Synthetic Student 3034,present,0,qr,5,Wednesday,14:00,4
MATH101,Calculus I,Section 2,2026-03-18,S3039,Synthetic Student 3039,present,0,qr,5,Wednesday,14:00,4
MATH101,Calculus I,Section 2,2026-03-18,S3040,Synthetic Student 3040,absent,0,qr,5,Wednesday,14:00,5
MATH101,Calculus I,Section 2,2026-03-18,S3041,Synthetic Student 3041,present,0,qr,5,Wednesday,14:00,5
MATH101,Calculus I,Section 2,2026-03-18,S3042,Synthetic Student 3042,present,0,qr,5,Wednesday,14:00,5
MATH101,Calculus I,Section 2,2026-03-18,S3046,Synthetic Student 3046,present,0,qr,5,Wednesday,14:00,3
MATH101,Calculus I,Section 2,2026-03-18,S3049,Synthetic Student 3049,absent,0,qr,5,Wednesday,14:00,4
MATH101,Calculus I,Section 2,2026-03-18,S3051,Synthetic Student 3051,present,0,qr,5,Wednesday,14:00,5
MATH101,Calculus I,Section 2,2026-03-18,S3052,Synthetic Student 3052,absent,0,qr,5,Wednesday,14:00,2
MATH101,Calculus I,Section 2,2026-03-18,S3053,Synthetic Student 3053,present,0,qr,5,Wednesday,14:00,2
MATH101,Calculus I,Section 2,2026-03-18,S3055,Synthetic Student 3055,present,0,qr,5,Wednesday,14:00,4
MATH101,Calculus I,Section 2,2026-03-18,S3056,Synthetic Student 3056,absent,0,qr,5,Wednesday,14:00,4
MATH101,Calculus I,Section 2,2026-03-18,S3062,Synthetic Student 3062,present,0,qr,5,Wednesday,14:00,5
MATH101,Calculus I,Section 2,2026-03-18,S3065,Synthetic Student 3065,present,0,qr,5,Wednesday,14:00,2
MATH101,Calculus I,Section 2,2026-03-18,S3066,Synthetic Student 3066,present,0,qr,5,Wednesday,14:00,3
MATH101,Calculus I,Section 2,2026-03-18,S3068,Synthetic Student 3068,present,0,qr,5,Wednesday,14:00,5
MATH101,Calculus I,Section 2,2026-03-18,S3070,Synthetic Student 3070,present,0,qr,5,Wednesday,14:00,5
MATH101,Calculus I,Section 2,2026-03-18,S3077,Synthetic Student 3077,absent,0,qr,5,Wednesday,14:00,3
MATH101,Calculus I,Section 2,2026-03-18,S3082,Synthetic Student 3082,late,25,qr,5,Wednesday,14:00,2
MATH101,Calculus I,Section 2,2026-03-18,S3083,Synthetic Student 3083,present,0,qr,5,Wednesday,14:00,5
MATH101,Calculus I,Section 2,2026-03-18,S3085,Synthetic Student 3085,present,0,qr,5,Wednesday,14:00,5
MATH101,Calculus I,Section 2,2026-03-18,S3087,Synthetic Student 3087,absent,0,qr,5,Wednesday,14:00,3
MATH101,Calculus I,Section 2,2026-03-18,S3089,Synthetic Student 3089,present,0,qr,5,Wednesday,14:00,2
CS101,Intro to Programming,Section 1,2026-03-19,S3004,Synthetic Student 3004,present,0,qr,5,Thursday,08:00,3
CS101,Intro to Programming,Section 1,2026-03-19,S3007,Synthetic Student 3007,present,0,qr,5,Thursday,08:00,2
CS101,Intro to Programming,Section 1,2026-03-19,S3008,Synthetic Student 3008,present,0,qr,5,Thursday,08:00,4
CS101,Intro to Programming,Section 1,2026-03-19,S3010,Synthetic Student 3010,present,0,qr,5,Thursday,08:00,5
CS101,Intro to Programming,Section 1,2026-03-19,S3012,Synthetic Student 3012,present,0,qr,5,Thursday,08:00,5
CS101,Intro to Programming,Section 1,2026-03-19,S3014,Synthetic Student 3014,present,0,qr,5,Thursday,08:00,2
CS101,Intro to Programming,Section 1,2026-03-19,S3020,Synthetic Student 3020,present,0,qr,5,Thursday,08:00,2
CS101,Intro to Programming,Section 1,2026-03-19,S3022,Synthetic Student 3022,absent,0,qr,5,Thursday,08:00,3
CS101,Intro to Programming,Section 1,2026-03-19,S3024,Synthetic Student 3024,present,0,qr,5,Thursday,08:00,5
CS101,Intro to Programming,Section 1,2026-03-19,S3030,Synthetic Student 3030,absent,0,qr,5,Thursday,08:00,3
CS101,Intro to Programming,Section 1,2026-03-19,S3031,Synthetic Student 3031,late,36,qr,5,Thursday,08:00,5
CS101,Intro to Programming,Section 1,2026-03-19,S3032,Synthetic Student 3032,present,0,qr,5,Thursday,08:00,5
CS101,Intro to Programming,Section 1,2026-03-19,S3034,Synthetic Student 3034,present,0,qr,5,Thursday,08:00,4
CS101,Intro to Programming,Section 1,2026-03-19,S3036,Synthetic Student 3036,absent,0,qr,5,Thursday,08:00,4
CS101,Intro to Programming,Section 1,2026-03-19,S3038,Synthetic Student 3038,present,0,qr,5,Thursday,08:00,4
CS101,Intro to Programming,Section 1,2026-03-19,S3041,Synthetic Student 3041,present,0,qr,5,Thursday,08:00,5
CS101,Intro to Programming,Section 1,2026-03-19,S3045,Synthetic Student 3045,present,0,qr,5,Thursday,08:00,5
CS101,Intro to Programming,Section 1,2026-03-19,S3056,Synthetic Student 3056,absent,0,qr,5,Thursday,08:00,4
CS101,Intro to Programming,Section 1,2026-03-19,S3058,Synthetic Student 3058,present,0,qr,5,Thursday,08:00,3
CS101,Intro to Programming,Section 1,2026-03-19,S3059,Synthetic Student 3059,present,0,qr,5,Thursday,08:00,5
CS101,Intro to Programming,Section 1,2026-03-19,S3060,Synthetic Student 3060,present,0,qr,5,Thursday,08:00,2
CS101,Intro to Programming,Section 1,2026-03-19,S3061,Synthetic Student 3061,present,0,qr,5,Thursday,08:00,4
CS101,Intro to Programming,Section 1,2026-03-19,S3063,Synthetic Student 3063,absent,0,qr,5,Thursday,08:00,3
CS101,Intro to Programming,Section 1,2026-03-19,S3068,Synthetic Student 3068,absent,0,qr,5,Thursday,08:00,5
CS101,Intro to Programming,Section 1,2026-03-19,S3071,Synthetic Student 3071,absent,0,qr,5,Thursday,08:00,3
CS101,Intro to Programming,Section 1,2026-03-19,S3073,Synthetic Student 3073,present,0,qr,5,Thursday,08:00,3
CS101,Intro to Programming,Section 1,2026-03-19,S3074,Synthetic Student 3074,present,0,qr,5,Thursday,08:00,4
CS101,Intro to Programming,Section 1,2026-03-19,S3080,Synthetic Student 3080,late,38,qr,5,Thursday,08:00,4
CS101,Intro to Programming,Section 1,2026-03-19,S3082,Synthetic Student 3082,present,0,qr,5,Thursday,08:00,2
CS101,Intro to Programming,Section 1,2026-03-19,S3086,Synthetic Student 3086,present,0,qr,5,Thursday,08:00,3
CS101,Intro to Programming,Section 1,2026-03-19,S3089,Synthetic Student 3089,late,39,qr,5,Thursday,08:00,2
MATH101,Calculus I,Section 1,2026-03-19,S3005,Synthetic Student 3005,present,0,qr,5,Thursday,08:00,5
MATH101,Calculus I,Section 1,2026-03-19,S3007,Synthetic Student 3007,late,31,qr,5,Thursday,08:00,2
MATH101,Calculus I,Section 1,2026-03-19,S3010,Synthetic Student 3010,present,0,qr,5,Thursday,08:00,5
MATH101,Calculus I,Section 1,2026-03-19,S3012,Synthetic Student 3012,absent,0,qr,5,Thursday,08:00,5
MATH101,Calculus I,Section 1,2026-03-19,S3013,Synthetic Student 3013,absent,0,qr,5,Thursday,08:00,3
MATH101,Calculus I,Section 1,2026-03-19,S3015,Synthetic Student 3015,absent,0,qr,5,Thursday,08:00,4
MATH101,Calculus I,Section 1,2026-03-19,S3016,Synthetic Student 3016,absent,0,qr,5,Thursday,08:00,3
MATH101,Calculus I,Section 1,2026-03-19,S3017,Synthetic Student 3017,absent,0,qr,5,Thursday,08:00,4
MATH101,Calculus I,Section 1,2026-03-19,S3018,Synthetic Student 3018,absent,0,qr,5,Thursday,08:00,3
MATH101,Calculus I,Section 1,2026-03-19,S3022,Synthetic Student 3022,present,0,qr,5,Thursday,08:00,3
MATH101,Calculus I,Section 1,2026-03-19,S3023,Synthetic Student 3023,absent,0,qr,5,Thursday,08:00,2
MATH101,Calculus I,Section 1,2026-03-19,S3027,Synthetic Student 3027,present,0,qr,5,Thursday,08:00,5
MATH101,Calculus I,Section 1,2026-03-19,S3028,Synthetic Student 3028,absent,0,qr,5,Thursday,08:00,3
MATH101,Calculus I,Section 1,2026-03-19,S3029,Synthetic Student 3029,present,0,qr,5,Thursday,08:00,3
MATH101,Calculus I,Section 1,2026-03-19,S3032,Synthetic Student 3032,present,0,qr,5,Thursday,08:00,5
MATH101,Calculus I,Section 1,2026-03-19,S3036,Synthetic Student 3036,absent,0,qr,5,Thursday,08:00,4
MATH101,Calculus I,Section 1,2026-03-19,S3038,Synthetic Student 3038,absent,0,qr,5,Thursday,08:00,4
MATH101,Calculus I,Section 1,2026-03-19,S3043,Synthetic Student 3043,absent,0,qr,5,Thursday,08:00,4
MATH101,Calculus I,Section 1,2026-03-19,S3044,Synthetic Student 3044,absent,0,qr,5,Thursday,08:00,4
MATH101,Calculus I,Section 1,2026-03-19,S3045,Synthetic Student 3045,absent,0,qr,5,Thursday,08:00,5
MATH101,Calculus I,Section 1,2026-03-19,S3048,Synthetic Student 3048,present,0,qr,5,Thursday,08:00,5
MATH101,Calculus I,Section 1,2026-03-19,S3050,Synthetic Student 3050,present,0,manual,5,Thursday,08:00,5
MATH101,Calculus I,Section 1,2026-03-19,S3054,Synthetic Student 3054,present,0,qr,5,Thursday,08:00,5
MATH101,Calculus I,Section 1,2026-03-19,S3058,Synthetic Student 3058,present,0,qr,5,Thursday,08:00,3
MATH101,Calculus I,Section 1,2026-03-19,S3059,Synthetic Student 3059,present,0,qr,5,Thursday,08:00,5
MATH101,Calculus I,Section 1,2026-03-19,S3061,Synthetic Student 3061,present,0,qr,5,Thursday,08:00,4
MATH101,Calculus I,Section 1,2026-03-19,S3067,Synthetic Student 3067,absent,0,qr,5,Thursday,08:00,5
MATH101,Calculus I,Section 1,2026-03-19,S3073,Synthetic Student 3073,absent,0,qr,5,Thursday,08:00,3
MATH101,Calculus I,Section 1,2026-03-19,S3074,Synthetic Student 3074,present,0,qr,5,Thursday,08:00,4
MATH101,Calculus I,Section 1,2026-03-19,S3076,Synthetic Student 3076,present,0,qr,5,Thursday,08:00,3
MATH101,Calculus I,Section 1,2026-03-19,S3079,Synthetic Student 3079,late,16,qr,5,Thursday,08:00,5
MATH101,Calculus I,Section 1,2026-03-19,S3081,Synthetic Student 3081,present,0,qr,5,Thursday,08:00,5
MATH101,Calculus I,Section 1,2026-03-19,S3084,Synthetic Student 3084,present,0,qr,5,Thursday,08:00,5
MATH101,Calculus I,Section 1,2026-03-19,S3086,Synthetic Student 3086,present,0,qr,5,Thursday,08:00,3
MATH101,Calculus I,Section 1,2026-03-19,S3088,Synthetic Student 3088,excused,0,manual,5,Thursday,08:00,4
MATH101,Calculus I,Section 1,2026-03-19,S3090,Synthetic Student 3090,present,0,qr,5,Thursday,08:00,3
CS101,Intro to Programming,Section 2,2026-03-21,S3002,Synthetic Student 3002,present,0,qr,6,Saturday,12:00,5
CS101,Intro to Programming,Section 2,2026-03-21,S3003,Synthetic Student 3003,present,0,qr,6,Saturday,12:00,3
CS101,Intro to Programming,Section 2,2026-03-21,S3005,Synthetic Student 3005,present,0,qr,6,Saturday,12:00,5
CS101,Intro to Programming,Section 2,2026-03-21,S3006,Synthetic Student 3006,present,0,qr,6,Saturday,12:00,2
CS101,Intro to Programming,Section 2,2026-03-21,S3009,Synthetic Student 3009,present,0,qr,6,Saturday,12:00,4
CS101,Intro to Programming,Section 2,2026-03-21,S3011,Synthetic Student 3011,late,37,qr,6,Saturday,12:00,3
CS101,Intro to Programming,Section 2,2026-03-21,S3016,Synthetic Student 3016,present,0,qr,6,Saturday,12:00,3
CS101,Intro to Programming,Section 2,2026-03-21,S3017,Synthetic Student 3017,absent,0,qr,6,Saturday,12:00,4
CS101,Intro to Programming,Section 2,2026-03-21,S3018,Synthetic Student 3018,absent,0,qr,6,Saturday,12:00,3
CS101,Intro to Programming,Section 2,2026-03-21,S3019,Synthetic Student 3019,late,21,qr,6,Saturday,12:00,3
CS101,Intro to Programming,Section 2,2026-03-21,S3021,Synthetic Student 3021,present,0,qr,6,Saturday,12:00,3
CS101,Intro to Programming,Section 2,2026-03-21,S3025,Synthetic Student 3025,present,0,qr,6,Saturday,12:00,2
CS101,Intro to Programming,Section 2,2026-03-21,S3027,Synthetic Student 3027,present,0,qr,6,Saturday,12:00,5
CS101,Intro to Programming,Section 2,2026-03-21,S3029,Synthetic Student 3029,present,0,qr,6,Saturday,12:00,3
CS101,Intro to Programming,Section 2,2026-03-21,S3033,Synthetic Student 3033,absent,0,qr,6,Saturday,12:00,5
CS101,Intro to Programming,Section 2,2026-03-21,S3035,Synthetic Student 3035,present,0,qr,6,Saturday,12:00,2
CS101,Intro to Programming,Section 2,2026-03-21,S3040,Synthetic Student 3040,present,0,qr,6,Saturday,12:00,5
CS101,Intro to Programming,Section 2,2026-03-21,S3042,Synthetic Student 3042,present,0,qr,6,Saturday,12:00,5
CS101,Intro to Programming,Section 2,2026-03-21,S3044,Synthetic Student 3044,absent,0,qr,6,Saturday,12:00,4
CS101,Intro to Programming,Section 2,2026-03-21,S3046,Synthetic Student 3046,absent,0,qr,6,Saturday,12:00,3
CS101,Intro to Programming,Section 2,2026-03-21,S3047,Synthetic Student 3047,present,0,qr,6,Saturday,12:00,2
CS101,Intro to Programming,Section 2,2026-03-21,S3048,Synthetic Student 3048,absent,0,qr,6,Saturday,12:00,5
CS101,Intro to Programming,Section 2,2026-03-21,S3049,Synthetic Student 3049,absent,0,qr,6,Saturday,12:00,4
CS101,Intro to Programming,Section 2,2026-03-21,S3050,Synthetic Student 3050,absent,0,qr,6,Saturday,12:00,5
CS101,Intro to Programming,Section 2,2026-03-21,S3051,Synthetic Student 3051,late,37,qr,6,Saturday,12:00,5
CS101,Intro to Programming,Section 2,2026-03-21,S3054,Synthetic Student 3054,absent,0,qr,6,Saturday,12:00,5
CS101,Intro to Programming,Section 2,2026-03-21,S3057,Synthetic Student 3057,absent,0,qr,6,Saturday,12:00,3
CS101,Intro to Programming,Section 2,2026-03-21,S3062,Synthetic Student 3062,present,0,qr,6,Saturday,12:00,5
CS101,Intro to Programming,Section 2,2026-03-21,S3067,Synthetic Student 3067,absent,0,qr,6,Saturday,12:00,5
CS101,Intro to Programming,Section 2,2026-03-21,S3070,Synthetic Student 3070,late,21,qr,6,Saturday,12:00,5
CS101,Intro to Programming,Section 2,2026-03-21,S3075,Synthetic Student 3075,present,0,qr,6,Saturday,12:00,4
CS101,Intro to Programming,Section 2,2026-03-21,S3078,Synthetic Student 3078,present,0,qr,6,Saturday,12:00,2
CS101,Intro to Programming,Section 2,2026-03-21,S3079,Synthetic Student 3079,present,0,qr,6,Saturday,12:00,5
CS101,Intro to Programming,Section 2,2026-03-21,S3081,Synthetic Student 3081,present,0,qr,6,Saturday,12:00,5
CS101,Intro to Programming,Section 2,2026-03-21,S3083,Synthetic Student 3083,present,0,qr,6,Saturday,12:00,5
CS101,Intro to Programming,Section 2,2026-03-21,S3084,Synthetic Student 3084,present,0,qr,6,Saturday,12:00,5
CS101,Intro to Programming,Section 2,2026-03-21,S3085,Synthetic Student 3085,absent,0,qr,6,Saturday,12:00,5
CS101,Intro to Programming,Section 2,2026-03-21,S3087,Synthetic Student 3087,present,0,qr,6,Saturday,12:00,3
CS101,Intro to Programming,Section 2,2026-03-21,S3088,Synthetic Student 3088,absent,0,qr,6,Saturday,12:00,4
PHY101,Physics I,Section 1,2026-03-21,S3001,Synthetic Student 3001,late,35,qr,6,Saturday,08:00,2
PHY101,Physics I,Section 1,2026-03-21,S3009,Synthetic Student 3009,absent,0,qr,6,Saturday,08:00,4
PHY101,Physics I,Section 1,2026-03-21,S3010,Synthetic Student 3010,present,0,qr,6,Saturday,08:00,5
PHY101,Physics I,Section 1,2026-03-21,S3018,Synthetic Student 3018,absent,0,qr,6,Saturday,08:00,3
PHY101,Physics I,Section 1,2026-03-21,S3020,Synthetic Student 3020,absent,0,qr,6,Saturday,08:00,2
PHY101,Physics I,Section 1,2026-03-21,S3026,Synthetic Student 3026,present,0,qr,6,Saturday,08:00,2
PHY101,Physics I,Section 1,2026-03-21,S3027,Synthetic Student 3027,present,0,qr,6,Saturday,08:00,5
PHY101,Physics I,Section 1,2026-03-21,S3029,Synthetic Student 3029,present,0,qr,6,Saturday,08:00,3
PHY101,Physics I,Section 1,2026-03-21,S3030,Synthetic Student 3030,excused,0,manual,6,Saturday,08:00,3
PHY101,Physics I,Section 1,2026-03-21,S3033,Synthetic Student 3033,present,0,qr,6,Saturday,08:00,5
PHY101,Physics I,Section 1,2026-03-21,S3036,Synthetic Student 3036,absent,0,qr,6,Saturday,08:00,4
PHY101,Physics I,Section 1,2026-03-21,S3037,Synthetic Student 3037,present,0,qr,6,Saturday,08:00,3
PHY101,Physics I,Section 1,2026-03-21,S3041,Synthetic Student 3041,present,0,qr,6,Saturday,08:00,5
PHY101,Physics I,Section 1,2026-03-21,S3043,Synthetic Student 3043,present,0,qr,6,Saturday,08:00,4
PHY101,Physics I,Section 1,2026-03-21,S3044,Synthetic Student 3044,present,0,qr,6,Saturday,08:00,4
PHY101,Physics I,Section 1,2026-03-21,S3045,Synthetic Student 3045,absent,0,qr,6,Saturday,08:00,5
PHY101,Physics I,Section 1,2026-03-21,S3048,Synthetic Student 3048,absent,0,qr,6,Saturday,08:00,5
PHY101,Physics I,Section 1,2026-03-21,S3050,Synthetic Student 3050,late,32,qr,6,Saturday,08:00,5
PHY101,Physics I,Section 1,2026-03-21,S3051,Synthetic Student 3051,present,0,qr,6,Saturday,08:00,5
PHY101,Physics I,Section 1,2026-03-21,S3054,Synthetic Student 3054,present,0,qr,6,Saturday,08:00,5
PHY101,Physics I,Section 1,2026-03-21,S3055,Synthetic Student 3055,present,0,qr,6,Saturday,08:00,4
PHY101,Physics I,Section 1,2026-03-21,S3056,Synthetic Student 3056,present,0,qr,6,Saturday,08:00,4
PHY101,Physics I,Section 1,2026-03-21,S3057,Synthetic Student 3057,absent,0,qr,6,Saturday,08:00,3
PHY101,Physics I,Section 1,2026-03-21,S3059,Synthetic Student 3059,present,0,qr,6,Saturday,08:00,5
PHY101,Physics I,Section 1,2026-03-21,S3060,Synthetic Student 3060,present,0,qr,6,Saturday,08:00,2
PHY101,Physics I,Section 1,2026-03-21,S3061,Synthetic Student 3061,absent,0,qr,6,Saturday,08:00,4
PHY101,Physics I,Section 1,2026-03-21,S3064,Synthetic Student 3064,late,27,qr,6,Saturday,08:00,2
PHY101,Physics I,Section 1,2026-03-21,S3065,Synthetic Student 3065,present,0,qr,6,Saturday,08:00,2
PHY101,Physics I,Section 1,2026-03-21,S3066,Synthetic Student 3066,present,0,qr,6,Saturday,08:00,3
PHY101,Physics I,Section 1,2026-03-21,S3067,Synthetic Student 3067,present,0,qr,6,Saturday,08:00,5
PHY101,Physics I,Section 1,2026-03-21,S3069,Synthetic Student 3069,present,0,qr,6,Saturday,08:00,3
PHY101,Physics I,Section 1,2026-03-21,S3071,Synthetic Student 3071,late,35,qr,6,Saturday,08:00,3
PHY101,Physics I,Section 1,2026-03-21,S3074,Synthetic Student 3074,absent,0,qr,6,Saturday,08:00,4
PHY101,Physics I,Section 1,2026-03-21,S3075,Synthetic Student 3075,absent,0,qr,6,Saturday,08:00,4
PHY101,Physics I,Section 1,2026-03-21,S3077,Synthetic Student 3077,absent,0,qr,6,Saturday,08:00,3
PHY101,Physics I,Section 1,2026-03-21,S3079,Synthetic Student 3079,absent,0,qr,6,Saturday,08:00,5
PHY101,Physics I,Section 1,2026-03-21,S3080,Synthetic Student 3080,late,33,qr,6,Saturday,08:00,4
PHY101,Physics I,Section 1,2026-03-21,S3081,Synthetic Student 3081,late,17,qr,6,Saturday,08:00,5
PHY101,Physics I,Section 1,2026-03-21,S3090,Synthetic Student 3090,present,0,qr,6,Saturday,08:00,3
PHY101,Physics I,Section 2,2026-03-21,S3002,Synthetic Student 3002,present,0,qr,6,Saturday,10:00,5
PHY101,Physics I,Section 2,2026-03-21,S3004,Synthetic Student 3004,present,0,qr,6,Saturday,10:00,3
PHY101,Physics I,Section 2,2026-03-21,S3005,Synthetic Student 3005,present,0,qr,6,Saturday,10:00,5
PHY101,Physics I,Section 2,2026-03-21,S3008,Synthetic Student 3008,absent,0,qr,6,Saturday,10:00,4
PHY101,Physics I,Section 2,2026-03-21,S3012,Synthetic Student 3012,present,0,qr,6,Saturday,10:00,5
PHY101,Physics I,Section 2,2026-03-21,S3015,Synthetic Student 3015,present,0,qr,6,Saturday,10:00,4
PHY101,Physics I,Section 2,2026-03-21,S3019,Synthetic Student 3019,present,0,qr,6,Saturday,10:00,3
PHY101,Physics I,Section 2,2026-03-21,S3022,Synthetic Student 3022,present,0,qr,6,Saturday,10:00,3
PHY101,Physics I,Section 2,2026-03-21,S3024,Synthetic Student 3024,absent,0,qr,6,Saturday,10:00,5
PHY101,Physics I,Section 2,2026-03-21,S3031,Synthetic Student 3031,present,0,qr,6,Saturday,10:00,5
PHY101,Physics I,Section 2,2026-03-21,S3032,Synthetic Student 3032,present,0,qr,6,Saturday,10:00,5
PHY101,Physics I,Section 2,2026-03-21,S3034,Synthetic Student 3034,absent,0,qr,6,Saturday,10:00,4
PHY101,Physics I,Section 2,2026-03-21,S3035,Synthetic Student 3035,present,0,qr,6,Saturday,10:00,2
PHY101,Physics I,Section 2,2026-03-21,S3039,Synthetic Student 3039,absent,0,qr,6,Saturday,10:00,4
PHY101,Physics I,Section 2,2026-03-21,S3040,Synthetic Student 3040,present,0,qr,6,Saturday,10:00,5
PHY101,Physics I,Section 2,2026-03-21,S3042,Synthetic Student 3042,late,26,qr,6,Saturday,10:00,5
PHY101,Physics I,Section 2,2026-03-21,S3046,Synthetic Student 3046,present,0,qr,6,Saturday,10:00,3
PHY101,Physics I,Section 2,2026-03-21,S3049,Synthetic Student 3049,present,0,qr,6,Saturday,10:00,4
PHY101,Physics I,Section 2,2026-03-21,S3062,Synthetic Student 3062,present,0,qr,6,Saturday,10:00,5
PHY101,Physics I,Section 2,2026-03-21,S3063,Synthetic Student 3063,present,0,qr,6,Saturday,10:00,3
PHY101,Physics I,Section 2,2026-03-21,S3068,Synthetic Student 3068,excused,0,manual,6,Saturday,10:00,5
PHY101,Physics I,Section 2,2026-03-21,S3070,Synthetic Student 3070,present,0,qr,6,Saturday,10:00,5
PHY101,Physics I,Section 2,2026-03-21,S3083,Synthetic Student 3083,present,0,qr,6,Saturday,10:00,5
PHY101,Physics I,Section 2,2026-03-21,S3084,Synthetic Student 3084,absent,0,qr,6,Saturday,10:00,5
PHY101,Physics I,Section 2,2026-03-21,S3085,Synthetic Student 3085,present,0,qr,6,Saturday,10:00,5
PHY101,Physics I,Section 2,2026-03-21,S3088,Synthetic Student 3088,present,0,qr,6,Saturday,10:00,4
CS201,Data Structures,Section 1,2026-03-22,S3005,Synthetic Student 3005,absent,0,qr,6,Sunday,10:00,5
CS201,Data Structures,Section 1,2026-03-22,S3008,Synthetic Student 3008,absent,0,qr,6,Sunday,10:00,4
CS201,Data Structures,Section 1,2026-03-22,S3009,Synthetic Student 3009,present,0,qr,6,Sunday,10:00,4
CS201,Data Structures,Section 1,2026-03-22,S3010,Synthetic Student 3010,present,0,qr,6,Sunday,10:00,5
CS201,Data Structures,Section 1,2026-03-22,S3012,Synthetic Student 3012,absent,0,qr,6,Sunday,10:00,5
CS201,Data Structures,Section 1,2026-03-22,S3015,Synthetic Student 3015,present,0,qr,6,Sunday,10:00,4
CS201,Data Structures,Section 1,2026-03-22,S3017,Synthetic Student 3017,present,0,qr,6,Sunday,10:00,4
CS201,Data Structures,Section 1,2026-03-22,S3021,Synthetic Student 3021,present,0,qr,6,Sunday,10:00,3
CS201,Data Structures,Section 1,2026-03-22,S3023,Synthetic Student 3023,present,0,qr,6,Sunday,10:00,2
CS201,Data Structures,Section 1,2026-03-22,S3032,Synthetic Student 3032,present,0,qr,6,Sunday,10:00,5
CS201,Data Structures,Section 1,2026-03-22,S3033,Synthetic Student 3033,present,0,qr,6,Sunday,10:00,5
CS201,Data Structures,Section 1,2026-03-22,S3036,Synthetic Student 3036,present,0,qr,6,Sunday,10:00,4
CS201,Data Structures,Section 1,2026-03-22,S3037,Synthetic Student 3037,present,0,qr,6,Sunday,10:00,3
CS201,Data Structures,Section 1,2026-03-22,S3038,Synthetic Student 3038,present,0,qr,6,Sunday,10:00,4
CS201,Data Structures,Section 1,2026-03-22,S3039,Synthetic Student 3039,present,0,qr,6,Sunday,10:00,4
CS201,Data Structures,Section 1,2026-03-22,S3040,Synthetic Student 3040,present,0,qr,6,Sunday,10:00,5
CS201,Data Structures,Section 1,2026-03-22,S3041,Synthetic Student 3041,present,0,qr,6,Sunday,10:00,5
CS201,Data Structures,Section 1,2026-03-22,S3043,Synthetic Student 3043,absent,0,qr,6,Sunday,10:00,4
CS201,Data Structures,Section 1,2026-03-22,S3048,Synthetic Student 3048,absent,0,qr,6,Sunday,10:00,5
CS201,Data Structures,Section 1,2026-03-22,S3053,Synthetic Student 3053,late,32,qr,6,Sunday,10:00,2
CS201,Data Structures,Section 1,2026-03-22,S3057,Synthetic Student 3057,absent,0,qr,6,Sunday,10:00,3
CS201,Data Structures,Section 1,2026-03-22,S3068,Synthetic Student 3068,late,17,qr,6,Sunday,10:00,5
CS201,Data Structures,Section 1,2026-03-22,S3070,Synthetic Student 3070,present,0,qr,6,Sunday,10:00,5
CS201,Data Structures,Section 1,2026-03-22,S3075,Synthetic Student 3075,present,0,qr,6,Sunday,10:00,4
CS201,Data Structures,Section 1,2026-03-22,S3077,Synthetic Student 3077,present,0,qr,6,Sunday,10:00,3
CS201,Data Structures,Section 1,2026-03-22,S3079,Synthetic Student 3079,absent,0,qr,6,Sunday,10:00,5
CS201,Data Structures,Section 1,2026-03-22,S3080,Synthetic Student 3080,present,0,qr,6,Sunday,10:00,4
CS201,Data Structures,Section 1,2026-03-22,S3081,Synthetic Student 3081,present,0,qr,6,Sunday,10:00,5
CS201,Data Structures,Section 1,2026-03-22,S3083,Synthetic Student 3083,present,0,qr,6,Sunday,10:00,5
CS201,Data Structures,Section 1,2026-03-22,S3085,Synthetic Student 3085,present,0,qr,6,Sunday,10:00,5
CS201,Data Structures,Section 2,2026-03-22,S3001,Synthetic Student 3001,present,0,qr,6,Sunday,08:00,2
CS201,Data Structures,Section 2,2026-03-22,S3002,Synthetic Student 3002,absent,0,qr,6,Sunday,08:00,5
CS201,Data Structures,Section 2,2026-03-22,S3006,Synthetic Student 3006,late,32,qr,6,Sunday,08:00,2
CS201,Data Structures,Section 2,2026-03-22,S3011,Synthetic Student 3011,absent,0,qr,6,Sunday,08:00,3
CS201,Data Structures,Section 2,2026-03-22,S3013,Synthetic Student 3013,present,0,qr,6,Sunday,08:00,3
CS201,Data Structures,Section 2,2026-03-22,S3014,Synthetic Student 3014,present,0,qr,6,Sunday,08:00,2
CS201,Data Structures,Section 2,2026-03-22,S3024,Synthetic Student 3024,absent,0,qr,6,Sunday,08:00,5
CS201,Data Structures,Section 2,2026-03-22,S3026,Synthetic Student 3026,present,0,qr,6,Sunday,08:00,2
CS201,Data Structures,Section 2,2026-03-22,S3027,Synthetic Student 3027,absent,0,qr,6,Sunday,08:00,5
CS201,Data Structures,Section 2,2026-03-22,S3028,Synthetic Student 3028,present,0,qr,6,Sunday,08:00,3
CS201,Data Structures,Section 2,2026-03-22,S3031,Synthetic Student 3031,present,0,qr,6,Sunday,08:00,5
CS201,Data Structures,Section 2,2026-03-22,S3042,Synthetic Student 3042,present,0,qr,6,Sunday,08:00,5
CS201,Data Structures,Section 2,2026-03-22,S3045,Synthetic Student 3045,late,27,qr,6,Sunday,08:00,5
CS201,Data Structures,Section 2,2026-03-22,S3049,Synthetic Student 3049,present,0,qr,6,Sunday,08:00,4
CS201,Data Structures,Section 2,2026-03-22,S3050,Synthetic Student 3050,present,0,qr,6,Sunday,08:00,5
CS201,Data Structures,Section 2,2026-03-22,S3051,Synthetic Student 3051,absent,0,qr,6,Sunday,08:00,5
CS201,Data Structures,Section 2,2026-03-22,S3054,Synthetic Student 3054,absent,0,qr,6,Sunday,08:00,5
CS201,Data Structures,Section 2,2026-03-22,S3055,Synthetic Student 3055,present,0,qr,6,Sunday,08:00,4
CS201,Data Structures,Section 2,2026-03-22,S3056,Synthetic Student 3056,absent,0,qr,6,Sunday,08:00,4
CS201,Data Structures,Section 2,2026-03-22,S3059,Synthetic Student 3059,present,0,qr,6,Sunday,08:00,5
CS201,Data Structures,Section 2,2026-03-22,S3061,Synthetic Student 3061,present,0,qr,6,Sunday,08:00,4
CS201,Data Structures,Section 2,2026-03-22,S3062,Synthetic Student 3062,present,0,qr,6,Sunday,08:00,5
CS201,Data Structures,Section 2,2026-03-22,S3066,Synthetic Student 3066,present,0,qr,6,Sunday,08:00,3
CS201,Data Structures,Section 2,2026-03-22,S3067,Synthetic Student 3067,absent,0,qr,6,Sunday,08:00,5
CS201,Data Structures,Section 2,2026-03-22,S3069,Synthetic Student 3069,absent,0,qr,6,Sunday,08:00,3
CS201,Data Structures,Section 2,2026-03-22,S3072,Synthetic Student 3072,present,0,qr,6,Sunday,08:00,2
CS201,Data Structures,Section 2,2026-03-22,S3073,Synthetic Student 3073,present,0,qr,6,Sunday,08:00,3
CS201,Data Structures,Section 2,2026-03-22,S3074,Synthetic Student 3074,absent,0,qr,6,Sunday,08:00,4
CS201,Data Structures,Section 2,2026-03-22,S3076,Synthetic Student 3076,present,0,qr,6,Sunday,08:00,3
CS201,Data Structures,Section 2,2026-03-22,S3084,Synthetic Student 3084,late,33,qr,6,Sunday,08:00,5
CS201,Data Structures,Section 2,2026-03-22,S3087,Synthetic Student 3087,present,0,qr,6,Sunday,08:00,3
CS201,Data Structures,Section 2,2026-03-22,S3088,Synthetic Student 3088,present,0,qr,6,Sunday,08:00,4
ENG101,Technical English,Section 1,2026-03-22,S3002,Synthetic Student 3002,late,26,qr,6,Sunday,08:00,5
ENG101,Technical English,Section 1,2026-03-22,S3005,Synthetic Student 3005,absent,0,qr,6,Sunday,08:00,5
ENG101,Technical English,Section 1,2026-03-22,S3010,Synthetic Student 3010,absent,0,qr,6,Sunday,08:00,5
ENG101,Technical English,Section 1,2026-03-22,S3011,Synthetic Student 3011,late,32,qr,6,Sunday,08:00,3
ENG101,Technical English,Section 1,2026-03-22,S3013,Synthetic Student 3013,present,0,qr,6,Sunday,08:00,3
ENG101,Technical English,Section 1,2026-03-22,S3015,Synthetic Student 3015,present,0,qr,6,Sunday,08:00,4
ENG101,Technical English,Section 1,2026-03-22,S3017,Synthetic Student 3017,absent,0,qr,6,Sunday,08:00,4
ENG101,Technical English,Section 1,2026-03-22,S3021,Synthetic Student 3021,present,0,qr,6,Sunday,08:00,3
ENG101,Technical English,Section 1,2026-03-22,S3030,Synthetic Student 3030,present,0,qr,6,Sunday,08:00,3
ENG101,Technical English,Section 1,2026-03-22,S3032,Synthetic Student 3032,present,0,qr,6,Sunday,08:00,5
ENG101,Technical English,Section 1,2026-03-22,S3034,Synthetic Student 3034,absent,0,qr,6,Sunday,08:00,4
ENG101,Technical English,Section 1,2026-03-22,S3037,Synthetic Student 3037,late,29,qr,6,Sunday,08:00,3
ENG101,Technical English,Section 1,2026-03-22,S3040,Synthetic Student 3040,present,0,qr,6,Sunday,08:00,5
ENG101,Technical English,Section 1,2026-03-22,S3041,Synthetic Student 3041,present,0,qr,6,Sunday,08:00,5
ENG101,Technical English,Section 1,2026-03-22,S3044,Synthetic Student 3044,present,0,qr,6,Sunday,08:00,4
ENG101,Technical English,Section 1,2026-03-22,S3045,Synthetic Student 3045,late,21,qr,6,Sunday,08:00,5
ENG101,Technical English,Section 1,2026-03-22,S3048,Synthetic Student 3048,present,0,qr,6,Sunday,08:00,5
ENG101,Technical English,Section 1,2026-03-22,S3050,Synthetic Student 3050,present,0,qr,6,Sunday,08:00,5
ENG101,Technical English,Section 1,2026-03-22,S3054,Synthetic Student 3054,present,0,qr,6,Sunday,08:00,5
ENG101,Technical English,Section 1,2026-03-22,S3059,Synthetic Student 3059,present,0,qr,6,Sunday,08:00,5
ENG101,Technical English,Section 1,2026-03-22,S3064,Synthetic Student 3064,present,0,qr,6,Sunday,08:00,2
ENG101,Technical English,Section 1,2026-03-22,S3068,Synthetic Student 3068,excused,0,manual,6,Sunday,08:00,5
ENG101,Technical English,Section 1,2026-03-22,S3069,Synthetic Student 3069,absent,0,qr,6,Sunday,08:00,3
ENG101,Technical English,Section 1,2026-03-22,S3071,Synthetic Student 3071,late,22,qr,6,Sunday,08:00,3
ENG101,Technical English,Section 1,2026-03-22,S3072,Synthetic Student 3072,present,0,qr,6,Sunday,08:00,2
ENG101,Technical English,Section 1,2026-03-22,S3075,Synthetic Student 3075,present,0,qr,6,Sunday,08:00,4
ENG101,Technical English,Section 1,2026-03-22,S3078,Synthetic Student 3078,present,0,qr,6,Sunday,08:00,2
ENG101,Technical English,Section 1,2026-03-22,S3081,Synthetic Student 3081,absent,0,qr,6,Sunday,08:00,5
ENG101,Technical English,Section 1,2026-03-22,S3083,Synthetic Student 3083,excused,0,manual,6,Sunday,08:00,5
ENG101,Technical English,Section 1,2026-03-22,S3086,Synthetic Student 3086,present,0,qr,6,Sunday,08:00,3
ENG101,Technical English,Section 1,2026-03-22,S3090,Synthetic Student 3090,present,0,qr,6,Sunday,08:00,3
ENG101,Technical English,Section 2,2026-03-25,S3003,Synthetic Student 3003,absent,0,qr,6,Wednesday,10:00,3
ENG101,Technical English,Section 2,2026-03-25,S3008,Synthetic Student 3008,late,21,qr,6,Wednesday,10:00,4
ENG101,Technical English,Section 2,2026-03-25,S3012,Synthetic Student 3012,absent,0,qr,6,Wednesday,10:00,5
ENG101,Technical English,Section 2,2026-03-25,S3016,Synthetic Student 3016,present,0,qr,6,Wednesday,10:00,3
ENG101,Technical English,Section 2,2026-03-25,S3024,Synthetic Student 3024,absent,0,qr,6,Wednesday,10:00,5
ENG101,Technical English,Section 2,2026-03-25,S3027,Synthetic Student 3027,excused,0,manual,6,Wednesday,10:00,5
ENG101,Technical English,Section 2,2026-03-25,S3028,Synthetic Student 3028,present,0,qr,6,Wednesday,10:00,3
ENG101,Technical English,Section 2,2026-03-25,S3031,Synthetic Student 3031,present,0,qr,6,Wednesday,10:00,5
ENG101,Technical English,Section 2,2026-03-25,S3033,Synthetic Student 3033,present,0,qr,6,Wednesday,10:00,5
ENG101,Technical English,Section 2,2026-03-25,S3038,Synthetic Student 3038,absent,0,qr,6,Wednesday,10:00,4
ENG101,Technical English,Section 2,2026-03-25,S3039,Synthetic Student 3039,present,0,qr,6,Wednesday,10:00,4
ENG101,Technical English,Section 2,2026-03-25,S3042,Synthetic Student 3042,present,0,qr,6,Wednesday,10:00,5
ENG101,Technical English,Section 2,2026-03-25,S3043,Synthetic Student 3043,absent,0,qr,6,Wednesday,10:00,4
ENG101,Technical English,Section 2,2026-03-25,S3047,Synthetic Student 3047,present,0,qr,6,Wednesday,10:00,2
ENG101,Technical English,Section 2,2026-03-25,S3051,Synthetic Student 3051,present,0,qr,6,Wednesday,10:00,5
ENG101,Technical English,Section 2,2026-03-25,S3052,Synthetic Student 3052,present,0,qr,6,Wednesday,10:00,2
ENG101,Technical English,Section 2,2026-03-25,S3055,Synthetic Student 3055,late,26,qr,6,Wednesday,10:00,4
ENG101,Technical English,Section 2,2026-03-25,S3058,Synthetic Student 3058,absent,0,qr,6,Wednesday,10:00,3
ENG101,Technical English,Section 2,2026-03-25,S3062,Synthetic Student 3062,present,0,qr,6,Wednesday,10:00,5
ENG101,Technical English,Section 2,2026-03-25,S3063,Synthetic Student 3063,absent,0,qr,6,Wednesday,10:00,3
ENG101,Technical English,Section 2,2026-03-25,S3067,Synthetic Student 3067,late,17,qr,6,Wednesday,10:00,5
ENG101,Technical English,Section 2,2026-03-25,S3070,Synthetic Student 3070,present,0,qr,6,Wednesday,10:00,5
ENG101,Technical English,Section 2,2026-03-25,S3076,Synthetic Student 3076,present,0,qr,6,Wednesday,10:00,3
ENG101,Technical English,Section 2,2026-03-25,S3079,Synthetic Student 3079,absent,0,qr,6,Wednesday,10:00,5
ENG101,Technical English,Section 2,2026-03-25,S3080,Synthetic Student 3080,absent,0,qr,6,Wednesday,10:00,4
ENG101,Technical English,Section 2,2026-03-25,S3084,Synthetic Student 3084,absent,0,qr,6,Wednesday,10:00,5
ENG101,Technical English,Section 2,2026-03-25,S3085,Synthetic Student 3085,absent,0,qr,6,Wednesday,10:00,5
MATH101,Calculus I,Section 2,2026-03-25,S3002,Synthetic Student 3002,present,0,qr,6,Wednesday,14:00,5
MATH101,Calculus I,Section 2,2026-03-25,S3003,Synthetic Student 3003,present,0,qr,6,Wednesday,14:00,3
MATH101,Calculus I,Section 2,2026-03-25,S3004,Synthetic Student 3004,present,0,qr,6,Wednesday,14:00,3
MATH101,Calculus I,Section 2,2026-03-25,S3009,Synthetic Student 3009,late,34,qr,6,Wednesday,14:00,4
MATH101,Calculus I,Section 2,2026-03-25,S3019,Synthetic Student 3019,present,0,qr,6,Wednesday,14:00,3
MATH101,Calculus I,Section 2,2026-03-25,S3024,Synthetic Student 3024,present,0,qr,6,Wednesday,14:00,5
MATH101,Calculus I,Section 2,2026-03-25,S3025,Synthetic Student 3025,absent,0,qr,6,Wednesday,14:00,2
MATH101,Calculus I,Section 2,2026-03-25,S3031,Synthetic Student 3031,present,0,qr,6,Wednesday,14:00,5
MATH101,Calculus I,Section 2,2026-03-25,S3033,Synthetic Student 3033,present,0,qr,6,Wednesday,14:00,5
MATH101,Calculus I,Section 2,2026-03-25,S3034,Synthetic Student 3034,present,0,qr,6,Wednesday,14:00,4
MATH101,Calculus I,Section 2,2026-03-25,S3039,Synthetic Student 3039,present,0,qr,6,Wednesday,14:00,4
MATH101,Calculus I,Section 2,2026-03-25,S3040,Synthetic Student 3040,present,0,qr,6,Wednesday,14:00,5
MATH101,Calculus I,Section 2,2026-03-25,S3041,Synthetic Student 3041,absent,0,qr,6,Wednesday,14:00,5
MATH101,Calculus I,Section 2,2026-03-25,S3042,Synthetic Student 3042,absent,0,qr,6,Wednesday,14:00,5
MATH101,Calculus I,Section 2,2026-03-25,S3046,Synthetic Student 3046,absent,0,qr,6,Wednesday,14:00,3
MATH101,Calculus I,Section 2,2026-03-25,S3049,Synthetic Student 3049,present,0,qr,6,Wednesday,14:00,4
MATH101,Calculus I,Section 2,2026-03-25,S3051,Synthetic Student 3051,present,0,qr,6,Wednesday,14:00,5
MATH101,Calculus I,Section 2,2026-03-25,S3052,Synthetic Student 3052,late,25,qr,6,Wednesday,14:00,2
MATH101,Calculus I,Section 2,2026-03-25,S3053,Synthetic Student 3053,excused,0,manual,6,Wednesday,14:00,2
MATH101,Calculus I,Section 2,2026-03-25,S3055,Synthetic Student 3055,present,0,qr,6,Wednesday,14:00,4
MATH101,Calculus I,Section 2,2026-03-25,S3056,Synthetic Student 3056,absent,0,qr,6,Wednesday,14:00,4
MATH101,Calculus I,Section 2,2026-03-25,S3062,Synthetic Student 3062,absent,0,qr,6,Wednesday,14:00,5
MATH101,Calculus I,Section 2,2026-03-25,S3065,Synthetic Student 3065,late,27,qr,6,Wednesday,14:00,2
MATH101,Calculus I,Section 2,2026-03-25,S3066,Synthetic Student 3066,present,0,qr,6,Wednesday,14:00,3
MATH101,Calculus I,Section 2,2026-03-25,S3068,Synthetic Student 3068,absent,0,qr,6,Wednesday,14:00,5
MATH101,Calculus I,Section 2,2026-03-25,S3070,Synthetic Student 3070,present,0,qr,6,Wednesday,14:00,5
MATH101,Calculus I,Section 2,2026-03-25,S3077,Synthetic Student 3077,absent,0,qr,6,Wednesday,14:00,3
MATH101,Calculus I,Section 2,2026-03-25,S3082,Synthetic Student 3082,present,0,qr,6,Wednesday,14:00,2
MATH101,Calculus I,Section 2,2026-03-25,S3083,Synthetic Student 3083,present,0,qr,6,Wednesday,14:00,5
MATH101,Calculus I,Section 2,2026-03-25,S3085,Synthetic Student 3085,present,0,qr,6,Wednesday,14:00,5
MATH101,Calculus I,Section 2,2026-03-25,S3087,Synthetic Student 3087,present,0,qr,6,Wednesday,14:00,3
MATH101,Calculus I,Section 2,2026-03-25,S3089,Synthetic Student 3089,absent,0,qr,6,Wednesday,14:00,2
CS101,Intro to Programming,Section 1,2026-03-26,S3004,Synthetic Student 3004,present,0,qr,6,Thursday,08:00,3
CS101,Intro to Programming,Section 1,2026-03-26,S3007,Synthetic Student 3007,late,29,qr,6,Thursday,08:00,2
CS101,Intro to Programming,Section 1,2026-03-26,S3008,Synthetic Student 3008,present,0,qr,6,Thursday,08:00,4
CS101,Intro to Programming,Section 1,2026-03-26,S3010,Synthetic Student 3010,absent,0,qr,6,Thursday,08:00,5
CS101,Intro to Programming,Section 1,2026-03-26,S3012,Synthetic Student 3012,absent,0,qr,6,Thursday,08:00,5
CS101,Intro to Programming,Section 1,2026-03-26,S3014,Synthetic Student 3014,present,0,qr,6,Thursday,08:00,2
CS101,Intro to Programming,Section 1,2026-03-26,S3020,Synthetic Student 3020,present,0,qr,6,Thursday,08:00,2
CS101,Intro to Programming,Section 1,2026-03-26,S3022,Synthetic Student 3022,absent,0,qr,6,Thursday,08:00,3
CS101,Intro to Programming,Section 1,2026-03-26,S3024,Synthetic Student 3024,absent,0,qr,6,Thursday,08:00,5
CS101,Intro to Programming,Section 1,2026-03-26,S3030,Synthetic Student 3030,absent,0,qr,6,Thursday,08:00,3
CS101,Intro to Programming,Section 1,2026-03-26,S3031,Synthetic Student 3031,absent,0,qr,6,Thursday,08:00,5
CS101,Intro to Programming,Section 1,2026-03-26,S3032,Synthetic Student 3032,present,0,qr,6,Thursday,08:00,5
CS101,Intro to Programming,Section 1,2026-03-26,S3034,Synthetic Student 3034,present,0,qr,6,Thursday,08:00,4
CS101,Intro to Programming,Section 1,2026-03-26,S3036,Synthetic Student 3036,absent,0,qr,6,Thursday,08:00,4
CS101,Intro to Programming,Section 1,2026-03-26,S3038,Synthetic Student 3038,present,0,qr,6,Thursday,08:00,4
CS101,Intro to Programming,Section 1,2026-03-26,S3041,Synthetic Student 3041,absent,0,qr,6,Thursday,08:00,5
CS101,Intro to Programming,Section 1,2026-03-26,S3045,Synthetic Student 3045,present,0,qr,6,Thursday,08:00,5
CS101,Intro to Programming,Section 1,2026-03-26,S3056,Synthetic Student 3056,absent,0,qr,6,Thursday,08:00,4
CS101,Intro to Programming,Section 1,2026-03-26,S3058,Synthetic Student 3058,present,0,qr,6,Thursday,08:00,3
CS101,Intro to Programming,Section 1,2026-03-26,S3059,Synthetic Student 3059,absent,0,qr,6,Thursday,08:00,5
CS101,Intro to Programming,Section 1,2026-03-26,S3060,Synthetic Student 3060,present,0,qr,6,Thursday,08:00,2
CS101,Intro to Programming,Section 1,2026-03-26,S3061,Synthetic Student 3061,present,0,qr,6,Thursday,08:00,4
CS101,Intro to Programming,Section 1,2026-03-26,S3063,Synthetic Student 3063,absent,0,qr,6,Thursday,08:00,3
CS101,Intro to Programming,Section 1,2026-03-26,S3068,Synthetic Student 3068,absent,0,qr,6,Thursday,08:00,5
CS101,Intro to Programming,Section 1,2026-03-26,S3071,Synthetic Student 3071,absent,0,qr,6,Thursday,08:00,3
CS101,Intro to Programming,Section 1,2026-03-26,S3073,Synthetic Student 3073,absent,0,qr,6,Thursday,08:00,3
CS101,Intro to Programming,Section 1,2026-03-26,S3074,Synthetic Student 3074,absent,0,qr,6,Thursday,08:00,4
CS101,Intro to Programming,Section 1,2026-03-26,S3080,Synthetic Student 3080,present,0,qr,6,Thursday,08:00,4
CS101,Intro to Programming,Section 1,2026-03-26,S3082,Synthetic Student 3082,absent,0,qr,6,Thursday,08:00,2
CS101,Intro to Programming,Section 1,2026-03-26,S3086,Synthetic Student 3086,present,0,qr,6,Thursday,08:00,3
CS101,Intro to Programming,Section 1,2026-03-26,S3089,Synthetic Student 3089,present,0,qr,6,Thursday,08:00,2
MATH101,Calculus I,Section 1,2026-03-26,S3005,Synthetic Student 3005,present,0,qr,6,Thursday,08:00,5
MATH101,Calculus I,Section 1,2026-03-26,S3007,Synthetic Student 3007,present,0,qr,6,Thursday,08:00,2
MATH101,Calculus I,Section 1,2026-03-26,S3010,Synthetic Student 3010,present,0,qr,6,Thursday,08:00,5
MATH101,Calculus I,Section 1,2026-03-26,S3012,Synthetic Student 3012,absent,0,qr,6,Thursday,08:00,5
MATH101,Calculus I,Section 1,2026-03-26,S3013,Synthetic Student 3013,present,0,qr,6,Thursday,08:00,3
MATH101,Calculus I,Section 1,2026-03-26,S3015,Synthetic Student 3015,absent,0,qr,6,Thursday,08:00,4
MATH101,Calculus I,Section 1,2026-03-26,S3016,Synthetic Student 3016,absent,0,qr,6,Thursday,08:00,3
MATH101,Calculus I,Section 1,2026-03-26,S3017,Synthetic Student 3017,absent,0,qr,6,Thursday,08:00,4
MATH101,Calculus I,Section 1,2026-03-26,S3018,Synthetic Student 3018,absent,0,qr,6,Thursday,08:00,3
MATH101,Calculus I,Section 1,2026-03-26,S3022,Synthetic Student 3022,absent,0,qr,6,Thursday,08:00,3
MATH101,Calculus I,Section 1,2026-03-26,S3023,Synthetic Student 3023,absent,0,qr,6,Thursday,08:00,2
MATH101,Calculus I,Section 1,2026-03-26,S3027,Synthetic Student 3027,present,0,qr,6,Thursday,08:00,5
MATH101,Calculus I,Section 1,2026-03-26,S3028,Synthetic Student 3028,present,0,qr,6,Thursday,08:00,3
MATH101,Calculus I,Section 1,2026-03-26,S3029,Synthetic Student 3029,absent,0,qr,6,Thursday,08:00,3
MATH101,Calculus I,Section 1,2026-03-26,S3032,Synthetic Student 3032,present,0,qr,6,Thursday,08:00,5
MATH101,Calculus I,Section 1,2026-03-26,S3036,Synthetic Student 3036,present,0,qr,6,Thursday,08:00,4
MATH101,Calculus I,Section 1,2026-03-26,S3038,Synthetic Student 3038,late,18,qr,6,Thursday,08:00,4
MATH101,Calculus I,Section 1,2026-03-26,S3043,Synthetic Student 3043,present,0,qr,6,Thursday,08:00,4
MATH101,Calculus I,Section 1,2026-03-26,S3044,Synthetic Student 3044,present,0,qr,6,Thursday,08:00,4
MATH101,Calculus I,Section 1,2026-03-26,S3045,Synthetic Student 3045,present,0,qr,6,Thursday,08:00,5
MATH101,Calculus I,Section 1,2026-03-26,S3048,Synthetic Student 3048,absent,0,qr,6,Thursday,08:00,5
MATH101,Calculus I,Section 1,2026-03-26,S3050,Synthetic Student 3050,present,0,qr,6,Thursday,08:00,5
MATH101,Calculus I,Section 1,2026-03-26,S3054,Synthetic Student 3054,absent,0,qr,6,Thursday,08:00,5
MATH101,Calculus I,Section 1,2026-03-26,S3058,Synthetic Student 3058,present,0,qr,6,Thursday,08:00,3
MATH101,Calculus I,Section 1,2026-03-26,S3059,Synthetic Student 3059,present,0,qr,6,Thursday,08:00,5
MATH101,Calculus I,Section 1,2026-03-26,S3061,Synthetic Student 3061,absent,0,qr,6,Thursday,08:00,4
MATH101,Calculus I,Section 1,2026-03-26,S3067,Synthetic Student 3067,absent,0,qr,6,Thursday,08:00,5
MATH101,Calculus I,Section 1,2026-03-26,S3073,Synthetic Student 3073,present,0,qr,6,Thursday,08:00,3
MATH101,Calculus I,Section 1,2026-03-26,S3074,Synthetic Student 3074,absent,0,qr,6,Thursday,08:00,4
MATH101,Calculus I,Section 1,2026-03-26,S3076,Synthetic Student 3076,absent,0,qr,6,Thursday,08:00,3
MATH101,Calculus I,Section 1,2026-03-26,S3079,Synthetic Student 3079,absent,0,qr,6,Thursday,08:00,5
MATH101,Calculus I,Section 1,2026-03-26,S3081,Synthetic Student 3081,present,0,qr,6,Thursday,08:00,5
MATH101,Calculus I,Section 1,2026-03-26,S3084,Synthetic Student 3084,late,17,qr,6,Thursday,08:00,5
MATH101,Calculus I,Section 1,2026-03-26,S3086,Synthetic Student 3086,absent,0,qr,6,Thursday,08:00,3
MATH101,Calculus I,Section 1,2026-03-26,S3088,Synthetic Student 3088,absent,0,qr,6,Thursday,08:00,4
MATH101,Calculus I,Section 1,2026-03-26,S3090,Synthetic Student 3090,present,0,qr,6,Thursday,08:00,3
CS101,Intro to Programming,Section 2,2026-03-28,S3002,Synthetic Student 3002,present,0,qr,7,Saturday,12:00,5
CS101,Intro to Programming,Section 2,2026-03-28,S3003,Synthetic Student 3003,present,0,qr,7,Saturday,12:00,3
CS101,Intro to Programming,Section 2,2026-03-28,S3005,Synthetic Student 3005,present,0,qr,7,Saturday,12:00,5
CS101,Intro to Programming,Section 2,2026-03-28,S3006,Synthetic Student 3006,present,0,qr,7,Saturday,12:00,2
CS101,Intro to Programming,Section 2,2026-03-28,S3009,Synthetic Student 3009,present,0,qr,7,Saturday,12:00,4
CS101,Intro to Programming,Section 2,2026-03-28,S3011,Synthetic Student 3011,present,0,qr,7,Saturday,12:00,3
CS101,Intro to Programming,Section 2,2026-03-28,S3016,Synthetic Student 3016,present,0,qr,7,Saturday,12:00,3
CS101,Intro to Programming,Section 2,2026-03-28,S3017,Synthetic Student 3017,present,0,qr,7,Saturday,12:00,4
CS101,Intro to Programming,Section 2,2026-03-28,S3018,Synthetic Student 3018,absent,0,qr,7,Saturday,12:00,3
CS101,Intro to Programming,Section 2,2026-03-28,S3019,Synthetic Student 3019,present,0,qr,7,Saturday,12:00,3
CS101,Intro to Programming,Section 2,2026-03-28,S3021,Synthetic Student 3021,present,0,qr,7,Saturday,12:00,3
CS101,Intro to Programming,Section 2,2026-03-28,S3025,Synthetic Student 3025,present,0,qr,7,Saturday,12:00,2
CS101,Intro to Programming,Section 2,2026-03-28,S3027,Synthetic Student 3027,present,0,qr,7,Saturday,12:00,5
CS101,Intro to Programming,Section 2,2026-03-28,S3029,Synthetic Student 3029,present,0,qr,7,Saturday,12:00,3
CS101,Intro to Programming,Section 2,2026-03-28,S3033,Synthetic Student 3033,excused,0,manual,7,Saturday,12:00,5
CS101,Intro to Programming,Section 2,2026-03-28,S3035,Synthetic Student 3035,absent,0,qr,7,Saturday,12:00,2
CS101,Intro to Programming,Section 2,2026-03-28,S3040,Synthetic Student 3040,absent,0,qr,7,Saturday,12:00,5
CS101,Intro to Programming,Section 2,2026-03-28,S3042,Synthetic Student 3042,present,0,qr,7,Saturday,12:00,5
CS101,Intro to Programming,Section 2,2026-03-28,S3044,Synthetic Student 3044,present,0,qr,7,Saturday,12:00,4
CS101,Intro to Programming,Section 2,2026-03-28,S3046,Synthetic Student 3046,absent,0,qr,7,Saturday,12:00,3
CS101,Intro to Programming,Section 2,2026-03-28,S3047,Synthetic Student 3047,present,0,qr,7,Saturday,12:00,2
CS101,Intro to Programming,Section 2,2026-03-28,S3048,Synthetic Student 3048,present,0,qr,7,Saturday,12:00,5
CS101,Intro to Programming,Section 2,2026-03-28,S3049,Synthetic Student 3049,absent,0,qr,7,Saturday,12:00,4
CS101,Intro to Programming,Section 2,2026-03-28,S3050,Synthetic Student 3050,present,0,qr,7,Saturday,12:00,5
CS101,Intro to Programming,Section 2,2026-03-28,S3051,Synthetic Student 3051,present,0,qr,7,Saturday,12:00,5
CS101,Intro to Programming,Section 2,2026-03-28,S3054,Synthetic Student 3054,absent,0,qr,7,Saturday,12:00,5
CS101,Intro to Programming,Section 2,2026-03-28,S3057,Synthetic Student 3057,absent,0,qr,7,Saturday,12:00,3
CS101,Intro to Programming,Section 2,2026-03-28,S3062,Synthetic Student 3062,present,0,qr,7,Saturday,12:00,5
CS101,Intro to Programming,Section 2,2026-03-28,S3067,Synthetic Student 3067,present,0,qr,7,Saturday,12:00,5
CS101,Intro to Programming,Section 2,2026-03-28,S3070,Synthetic Student 3070,absent,0,qr,7,Saturday,12:00,5
CS101,Intro to Programming,Section 2,2026-03-28,S3075,Synthetic Student 3075,late,19,qr,7,Saturday,12:00,4
CS101,Intro to Programming,Section 2,2026-03-28,S3078,Synthetic Student 3078,present,0,qr,7,Saturday,12:00,2
CS101,Intro to Programming,Section 2,2026-03-28,S3079,Synthetic Student 3079,absent,0,qr,7,Saturday,12:00,5
CS101,Intro to Programming,Section 2,2026-03-28,S3081,Synthetic Student 3081,present,0,qr,7,Saturday,12:00,5
CS101,Intro to Programming,Section 2,2026-03-28,S3083,Synthetic Student 3083,excused,0,manual,7,Saturday,12:00,5
CS101,Intro to Programming,Section 2,2026-03-28,S3084,Synthetic Student 3084,present,0,qr,7,Saturday,12:00,5
CS101,Intro to Programming,Section 2,2026-03-28,S3085,Synthetic Student 3085,absent,0,qr,7,Saturday,12:00,5
CS101,Intro to Programming,Section 2,2026-03-28,S3087,Synthetic Student 3087,present,0,qr,7,Saturday,12:00,3
CS101,Intro to Programming,Section 2,2026-03-28,S3088,Synthetic Student 3088,absent,0,qr,7,Saturday,12:00,4
PHY101,Physics I,Section 1,2026-03-28,S3001,Synthetic Student 3001,present,0,qr,7,Saturday,08:00,2
PHY101,Physics I,Section 1,2026-03-28,S3009,Synthetic Student 3009,absent,0,qr,7,Saturday,08:00,4
PHY101,Physics I,Section 1,2026-03-28,S3010,Synthetic Student 3010,present,0,qr,7,Saturday,08:00,5
PHY101,Physics I,Section 1,2026-03-28,S3018,Synthetic Student 3018,absent,0,qr,7,Saturday,08:00,3
PHY101,Physics I,Section 1,2026-03-28,S3020,Synthetic Student 3020,present,0,qr,7,Saturday,08:00,2
PHY101,Physics I,Section 1,2026-03-28,S3026,Synthetic Student 3026,present,0,qr,7,Saturday,08:00,2
PHY101,Physics I,Section 1,2026-03-28,S3027,Synthetic Student 3027,excused,0,manual,7,Saturday,08:00,5
PHY101,Physics I,Section 1,2026-03-28,S3029,Synthetic Student 3029,late,31,qr,7,Saturday,08:00,3
PHY101,Physics I,Section 1,2026-03-28,S3030,Synthetic Student 3030,present,0,qr,7,Saturday,08:00,3
PHY101,Physics I,Section 1,2026-03-28,S3033,Synthetic Student 3033,present,0,qr,7,Saturday,08:00,5
PHY101,Physics I,Section 1,2026-03-28,S3036,Synthetic Student 3036,absent,0,qr,7,Saturday,08:00,4
PHY101,Physics I,Section 1,2026-03-28,S3037,Synthetic Student 3037,present,0,qr,7,Saturday,08:00,3
PHY101,Physics I,Section 1,2026-03-28,S3041,Synthetic Student 3041,late,40,qr,7,Saturday,08:00,5
PHY101,Physics I,Section 1,2026-03-28,S3043,Synthetic Student 3043,present,0,qr,7,Saturday,08:00,4
PHY101,Physics I,Section 1,2026-03-28,S3044,Synthetic Student 3044,present,0,qr,7,Saturday,08:00,4
PHY101,Physics I,Section 1,2026-03-28,S3045,Synthetic Student 3045,present,0,qr,7,Saturday,08:00,5
PHY101,Physics I,Section 1,2026-03-28,S3048,Synthetic Student 3048,absent,0,qr,7,Saturday,08:00,5
PHY101,Physics I,Section 1,2026-03-28,S3050,Synthetic Student 3050,present,0,qr,7,Saturday,08:00,5
PHY101,Physics I,Section 1,2026-03-28,S3051,Synthetic Student 3051,absent,0,qr,7,Saturday,08:00,5
PHY101,Physics I,Section 1,2026-03-28,S3054,Synthetic Student 3054,present,0,qr,7,Saturday,08:00,5
PHY101,Physics I,Section 1,2026-03-28,S3055,Synthetic Student 3055,absent,0,qr,7,Saturday,08:00,4
PHY101,Physics I,Section 1,2026-03-28,S3056,Synthetic Student 3056,absent,0,qr,7,Saturday,08:00,4
PHY101,Physics I,Section 1,2026-03-28,S3057,Synthetic Student 3057,present,0,qr,7,Saturday,08:00,3
PHY101,Physics I,Section 1,2026-03-28,S3059,Synthetic Student 3059,present,0,qr,7,Saturday,08:00,5
PHY101,Physics I,Section 1,2026-03-28,S3060,Synthetic Student 3060,present,0,qr,7,Saturday,08:00,2
PHY101,Physics I,Section 1,2026-03-28,S3061,Synthetic Student 3061,present,0,qr,7,Saturday,08:00,4
PHY101,Physics I,Section 1,2026-03-28,S3064,Synthetic Student 3064,present,0,qr,7,Saturday,08:00,2
PHY101,Physics I,Section 1,2026-03-28,S3065,Synthetic Student 3065,present,0,qr,7,Saturday,08:00,2
PHY101,Physics I,Section 1,2026-03-28,S3066,Synthetic Student 3066,present,0,qr,7,Saturday,08:00,3
PHY101,Physics I,Section 1,2026-03-28,S3067,Synthetic Student 3067,present,0,qr,7,Saturday,08:00,5
PHY101,Physics I,Section 1,2026-03-28,S3069,Synthetic Student 3069,present,0,qr,7,Saturday,08:00,3
PHY101,Physics I,Section 1,2026-03-28,S3071,Synthetic Student 3071,absent,0,qr,7,Saturday,08:00,3
PHY101,Physics I,Section 1,2026-03-28,S3074,Synthetic Student 3074,present,0,qr,7,Saturday,08:00,4
PHY101,Physics I,Section 1,2026-03-28,S3075,Synthetic Student 3075,present,0,qr,7,Saturday,08:00,4
PHY101,Physics I,Section 1,2026-03-28,S3077,Synthetic Student 3077,present,0,qr,7,Saturday,08:00,3
PHY101,Physics I,Section 1,2026-03-28,S3079,Synthetic Student 3079,absent,0,qr,7,Saturday,08:00,5
PHY101,Physics I,Section 1,2026-03-28,S3080,Synthetic Student 3080,present,0,qr,7,Saturday,08:00,4
PHY101,Physics I,Section 1,2026-03-28,S3081,Synthetic Student 3081,present,0,qr,7,Saturday,08:00,5
PHY101,Physics I,Section 1,2026-03-28,S3090,Synthetic Student 3090,present,0,qr,7,Saturday,08:00,3
PHY101,Physics I,Section 2,2026-03-28,S3002,Synthetic Student 3002,present,0,qr,7,Saturday,10:00,5
PHY101,Physics I,Section 2,2026-03-28,S3004,Synthetic Student 3004,present,0,qr,7,Saturday,10:00,3
PHY101,Physics I,Section 2,2026-03-28,S3005,Synthetic Student 3005,absent,0,qr,7,Saturday,10:00,5
PHY101,Physics I,Section 2,2026-03-28,S3008,Synthetic Student 3008,absent,0,qr,7,Saturday,10:00,4
PHY101,Physics I,Section 2,2026-03-28,S3012,Synthetic Student 3012,present,0,qr,7,Saturday,10:00,5
PHY101,Physics I,Section 2,2026-03-28,S3015,Synthetic Student 3015,present,0,qr,7,Saturday,10:00,4
PHY101,Physics I,Section 2,2026-03-28,S3019,Synthetic Student 3019,present,0,qr,7,Saturday,10:00,3
PHY101,Physics I,Section 2,2026-03-28,S3022,Synthetic Student 3022,late,40,qr,7,Saturday,10:00,3
PHY101,Physics I,Section 2,2026-03-28,S3024,Synthetic Student 3024,absent,0,qr,7,Saturday,10:00,5
PHY101,Physics I,Section 2,2026-03-28,S3031,Synthetic Student 3031,late,23,qr,7,Saturday,10:00,5
PHY101,Physics I,Section 2,2026-03-28,S3032,Synthetic Student 3032,present,0,qr,7,Saturday,10:00,5
PHY101,Physics I,Section 2,2026-03-28,S3034,Synthetic Student 3034,present,0,qr,7,Saturday,10:00,4
PHY101,Physics I,Section 2,2026-03-28,S3035,Synthetic Student 3035,present,0,qr,7,Saturday,10:00,2
PHY101,Physics I,Section 2,2026-03-28,S3039,Synthetic Student 3039,present,0,qr,7,Saturday,10:00,4
PHY101,Physics I,Section 2,2026-03-28,S3040,Synthetic Student 3040,present,0,qr,7,Saturday,10:00,5
PHY101,Physics I,Section 2,2026-03-28,S3042,Synthetic Student 3042,present,0,qr,7,Saturday,10:00,5
PHY101,Physics I,Section 2,2026-03-28,S3046,Synthetic Student 3046,present,0,qr,7,Saturday,10:00,3
PHY101,Physics I,Section 2,2026-03-28,S3049,Synthetic Student 3049,present,0,qr,7,Saturday,10:00,4
PHY101,Physics I,Section 2,2026-03-28,S3062,Synthetic Student 3062,present,0,qr,7,Saturday,10:00,5
PHY101,Physics I,Section 2,2026-03-28,S3063,Synthetic Student 3063,present,0,qr,7,Saturday,10:00,3
PHY101,Physics I,Section 2,2026-03-28,S3068,Synthetic Student 3068,present,0,qr,7,Saturday,10:00,5
PHY101,Physics I,Section 2,2026-03-28,S3070,Synthetic Student 3070,absent,0,qr,7,Saturday,10:00,5
PHY101,Physics I,Section 2,2026-03-28,S3083,Synthetic Student 3083,late,36,qr,7,Saturday,10:00,5
PHY101,Physics I,Section 2,2026-03-28,S3084,Synthetic Student 3084,present,0,qr,7,Saturday,10:00,5
PHY101,Physics I,Section 2,2026-03-28,S3085,Synthetic Student 3085,late,21,qr,7,Saturday,10:00,5
PHY101,Physics I,Section 2,2026-03-28,S3088,Synthetic Student 3088,absent,0,qr,7,Saturday,10:00,4
CS201,Data Structures,Section 1,2026-03-29,S3005,Synthetic Student 3005,present,0,qr,7,Sunday,10:00,5
CS201,Data Structures,Section 1,2026-03-29,S3008,Synthetic Student 3008,present,0,qr,7,Sunday,10:00,4
CS201,Data Structures,Section 1,2026-03-29,S3009,Synthetic Student 3009,present,0,qr,7,Sunday,10:00,4
CS201,Data Structures,Section 1,2026-03-29,S3010,Synthetic Student 3010,present,0,qr,7,Sunday,10:00,5
CS201,Data Structures,Section 1,2026-03-29,S3012,Synthetic Student 3012,present,0,qr,7,Sunday,10:00,5
CS201,Data Structures,Section 1,2026-03-29,S3015,Synthetic Student 3015,present,0,qr,7,Sunday,10:00,4
CS201,Data Structures,Section 1,2026-03-29,S3017,Synthetic Student 3017,present,0,qr,7,Sunday,10:00,4
CS201,Data Structures,Section 1,2026-03-29,S3021,Synthetic Student 3021,present,0,qr,7,Sunday,10:00,3
CS201,Data Structures,Section 1,2026-03-29,S3023,Synthetic Student 3023,absent,0,qr,7,Sunday,10:00,2
CS201,Data Structures,Section 1,2026-03-29,S3032,Synthetic Student 3032,present,0,qr,7,Sunday,10:00,5
CS201,Data Structures,Section 1,2026-03-29,S3033,Synthetic Student 3033,present,0,qr,7,Sunday,10:00,5
CS201,Data Structures,Section 1,2026-03-29,S3036,Synthetic Student 3036,absent,0,qr,7,Sunday,10:00,4
CS201,Data Structures,Section 1,2026-03-29,S3037,Synthetic Student 3037,present,0,qr,7,Sunday,10:00,3
CS201,Data Structures,Section 1,2026-03-29,S3038,Synthetic Student 3038,present,0,qr,7,Sunday,10:00,4
CS201,Data Structures,Section 1,2026-03-29,S3039,Synthetic Student 3039,late,31,qr,7,Sunday,10:00,4
CS201,Data Structures,Section 1,2026-03-29,S3040,Synthetic Student 3040,present,0,qr,7,Sunday,10:00,5
CS201,Data Structures,Section 1,2026-03-29,S3041,Synthetic Student 3041,present,0,qr,7,Sunday,10:00,5
CS201,Data Structures,Section 1,2026-03-29,S3043,Synthetic Student 3043,present,0,qr,7,Sunday,10:00,4
CS201,Data Structures,Section 1,2026-03-29,S3048,Synthetic Student 3048,late,25,qr,7,Sunday,10:00,5
CS201,Data Structures,Section 1,2026-03-29,S3053,Synthetic Student 3053,present,0,qr,7,Sunday,10:00,2
CS201,Data Structures,Section 1,2026-03-29,S3057,Synthetic Student 3057,present,0,qr,7,Sunday,10:00,3
CS201,Data Structures,Section 1,2026-03-29,S3068,Synthetic Student 3068,present,0,qr,7,Sunday,10:00,5
CS201,Data Structures,Section 1,2026-03-29,S3070,Synthetic Student 3070,present,0,qr,7,Sunday,10:00,5
CS201,Data Structures,Section 1,2026-03-29,S3075,Synthetic Student 3075,present,0,qr,7,Sunday,10:00,4
CS201,Data Structures,Section 1,2026-03-29,S3077,Synthetic Student 3077,present,0,qr,7,Sunday,10:00,3
CS201,Data Structures,Section 1,2026-03-29,S3079,Synthetic Student 3079,present,0,qr,7,Sunday,10:00,5
CS201,Data Structures,Section 1,2026-03-29,S3080,Synthetic Student 3080,present,0,qr,7,Sunday,10:00,4
CS201,Data Structures,Section 1,2026-03-29,S3081,Synthetic Student 3081,present,0,qr,7,Sunday,10:00,5
CS201,Data Structures,Section 1,2026-03-29,S3083,Synthetic Student 3083,absent,0,qr,7,Sunday,10:00,5
CS201,Data Structures,Section 1,2026-03-29,S3085,Synthetic Student 3085,present,0,qr,7,Sunday,10:00,5
CS201,Data Structures,Section 2,2026-03-29,S3001,Synthetic Student 3001,present,0,qr,7,Sunday,08:00,2
CS201,Data Structures,Section 2,2026-03-29,S3002,Synthetic Student 3002,present,0,qr,7,Sunday,08:00,5
CS201,Data Structures,Section 2,2026-03-29,S3006,Synthetic Student 3006,present,0,qr,7,Sunday,08:00,2
CS201,Data Structures,Section 2,2026-03-29,S3011,Synthetic Student 3011,absent,0,qr,7,Sunday,08:00,3
CS201,Data Structures,Section 2,2026-03-29,S3013,Synthetic Student 3013,present,0,qr,7,Sunday,08:00,3
CS201,Data Structures,Section 2,2026-03-29,S3014,Synthetic Student 3014,present,0,qr,7,Sunday,08:00,2
CS201,Data Structures,Section 2,2026-03-29,S3024,Synthetic Student 3024,absent,0,qr,7,Sunday,08:00,5
CS201,Data Structures,Section 2,2026-03-29,S3026,Synthetic Student 3026,present,0,qr,7,Sunday,08:00,2
CS201,Data Structures,Section 2,2026-03-29,S3027,Synthetic Student 3027,late,30,qr,7,Sunday,08:00,5
CS201,Data Structures,Section 2,2026-03-29,S3028,Synthetic Student 3028,present,0,qr,7,Sunday,08:00,3
CS201,Data Structures,Section 2,2026-03-29,S3031,Synthetic Student 3031,present,0,qr,7,Sunday,08:00,5
CS201,Data Structures,Section 2,2026-03-29,S3042,Synthetic Student 3042,present,0,qr,7,Sunday,08:00,5
CS201,Data Structures,Section 2,2026-03-29,S3045,Synthetic Student 3045,late,25,qr,7,Sunday,08:00,5
CS201,Data Structures,Section 2,2026-03-29,S3049,Synthetic Student 3049,late,32,qr,7,Sunday,08:00,4
CS201,Data Structures,Section 2,2026-03-29,S3050,Synthetic Student 3050,present,0,qr,7,Sunday,08:00,5
CS201,Data Structures,Section 2,2026-03-29,S3051,Synthetic Student 3051,excused,0,manual,7,Sunday,08:00,5
CS201,Data Structures,Section 2,2026-03-29,S3054,Synthetic Student 3054,absent,0,qr,7,Sunday,08:00,5
CS201,Data Structures,Section 2,2026-03-29,S3055,Synthetic Student 3055,present,0,qr,7,Sunday,08:00,4
CS201,Data Structures,Section 2,2026-03-29,S3056,Synthetic Student 3056,present,0,qr,7,Sunday,08:00,4
CS201,Data Structures,Section 2,2026-03-29,S3059,Synthetic Student 3059,absent,0,qr,7,Sunday,08:00,5
CS201,Data Structures,Section 2,2026-03-29,S3061,Synthetic Student 3061,present,0,qr,7,Sunday,08:00,4
CS201,Data Structures,Section 2,2026-03-29,S3062,Synthetic Student 3062,present,0,qr,7,Sunday,08:00,5
CS201,Data Structures,Section 2,2026-03-29,S3066,Synthetic Student 3066,present,0,qr,7,Sunday,08:00,3
CS201,Data Structures,Section 2,2026-03-29,S3067,Synthetic Student 3067,present,0,qr,7,Sunday,08:00,5
CS201,Data Structures,Section 2,2026-03-29,S3069,Synthetic Student 3069,absent,0,qr,7,Sunday,08:00,3
CS201,Data Structures,Section 2,2026-03-29,S3072,Synthetic Student 3072,present,0,qr,7,Sunday,08:00,2
CS201,Data Structures,Section 2,2026-03-29,S3073,Synthetic Student 3073,present,0,qr,7,Sunday,08:00,3
CS201,Data Structures,Section 2,2026-03-29,S3074,Synthetic Student 3074,present,0,qr,7,Sunday,08:00,4
CS201,Data Structures,Section 2,2026-03-29,S3076,Synthetic Student 3076,late,22,qr,7,Sunday,08:00,3
CS201,Data Structures,Section 2,2026-03-29,S3084,Synthetic Student 3084,present,0,qr,7,Sunday,08:00,5
CS201,Data Structures,Section 2,2026-03-29,S3087,Synthetic Student 3087,absent,0,qr,7,Sunday,08:00,3
CS201,Data Structures,Section 2,2026-03-29,S3088,Synthetic Student 3088,present,0,qr,7,Sunday,08:00,4
ENG101,Technical English,Section 1,2026-03-29,S3002,Synthetic Student 3002,present,0,qr,7,Sunday,08:00,5
ENG101,Technical English,Section 1,2026-03-29,S3005,Synthetic Student 3005,present,0,qr,7,Sunday,08:00,5
ENG101,Technical English,Section 1,2026-03-29,S3010,Synthetic Student 3010,present,0,qr,7,Sunday,08:00,5
ENG101,Technical English,Section 1,2026-03-29,S3011,Synthetic Student 3011,late,16,qr,7,Sunday,08:00,3
ENG101,Technical English,Section 1,2026-03-29,S3013,Synthetic Student 3013,excused,0,manual,7,Sunday,08:00,3
ENG101,Technical English,Section 1,2026-03-29,S3015,Synthetic Student 3015,present,0,qr,7,Sunday,08:00,4
ENG101,Technical English,Section 1,2026-03-29,S3017,Synthetic Student 3017,absent,0,qr,7,Sunday,08:00,4
ENG101,Technical English,Section 1,2026-03-29,S3021,Synthetic Student 3021,present,0,qr,7,Sunday,08:00,3
ENG101,Technical English,Section 1,2026-03-29,S3030,Synthetic Student 3030,present,0,qr,7,Sunday,08:00,3
ENG101,Technical English,Section 1,2026-03-29,S3032,Synthetic Student 3032,present,0,qr,7,Sunday,08:00,5
ENG101,Technical English,Section 1,2026-03-29,S3034,Synthetic Student 3034,present,0,qr,7,Sunday,08:00,4
ENG101,Technical English,Section 1,2026-03-29,S3037,Synthetic Student 3037,absent,0,qr,7,Sunday,08:00,3
ENG101,Technical English,Section 1,2026-03-29,S3040,Synthetic Student 3040,absent,0,qr,7,Sunday,08:00,5
ENG101,Technical English,Section 1,2026-03-29,S3041,Synthetic Student 3041,present,0,qr,7,Sunday,08:00,5
ENG101,Technical English,Section 1,2026-03-29,S3044,Synthetic Student 3044,late,40,qr,7,Sunday,08:00,4
ENG101,Technical English,Section 1,2026-03-29,S3045,Synthetic Student 3045,present,0,qr,7,Sunday,08:00,5
ENG101,Technical English,Section 1,2026-03-29,S3048,Synthetic Student 3048,present,0,qr,7,Sunday,08:00,5
ENG101,Technical English,Section 1,2026-03-29,S3050,Synthetic Student 3050,present,0,qr,7,Sunday,08:00,5
ENG101,Technical English,Section 1,2026-03-29,S3054,Synthetic Student 3054,late,23,qr,7,Sunday,08:00,5
ENG101,Technical English,Section 1,2026-03-29,S3059,Synthetic Student 3059,late,40,qr,7,Sunday,08:00,5
ENG101,Technical English,Section 1,2026-03-29,S3064,Synthetic Student 3064,present,0,qr,7,Sunday,08:00,2
ENG101,Technical English,Section 1,2026-03-29,S3068,Synthetic Student 3068,absent,0,qr,7,Sunday,08:00,5
ENG101,Technical English,Section 1,2026-03-29,S3069,Synthetic Student 3069,absent,0,qr,7,Sunday,08:00,3
ENG101,Technical English,Section 1,2026-03-29,S3071,Synthetic Student 3071,absent,0,qr,7,Sunday,08:00,3
ENG101,Technical English,Section 1,2026-03-29,S3072,Synthetic Student 3072,present,0,qr,7,Sunday,08:00,2
ENG101,Technical English,Section 1,2026-03-29,S3075,Synthetic Student 3075,absent,0,qr,7,Sunday,08:00,4
ENG101,Technical English,Section 1,2026-03-29,S3078,Synthetic Student 3078,absent,0,qr,7,Sunday,08:00,2
ENG101,Technical English,Section 1,2026-03-29,S3081,Synthetic Student 3081,present,0,qr,7,Sunday,08:00,5
ENG101,Technical English,Section 1,2026-03-29,S3083,Synthetic Student 3083,absent,0,qr,7,Sunday,08:00,5
ENG101,Technical English,Section 1,2026-03-29,S3086,Synthetic Student 3086,present,0,qr,7,Sunday,08:00,3
ENG101,Technical English,Section 1,2026-03-29,S3090,Synthetic Student 3090,present,0,qr,7,Sunday,08:00,3
ENG101,Technical English,Section 2,2026-04-01,S3003,Synthetic Student 3003,present,0,qr,7,Wednesday,10:00,3
ENG101,Technical English,Section 2,2026-04-01,S3008,Synthetic Student 3008,present,0,qr,7,Wednesday,10:00,4
ENG101,Technical English,Section 2,2026-04-01,S3012,Synthetic Student 3012,present,0,qr,7,Wednesday,10:00,5
ENG101,Technical English,Section 2,2026-04-01,S3016,Synthetic Student 3016,present,0,qr,7,Wednesday,10:00,3
ENG101,Technical English,Section 2,2026-04-01,S3024,Synthetic Student 3024,absent,0,qr,7,Wednesday,10:00,5
ENG101,Technical English,Section 2,2026-04-01,S3027,Synthetic Student 3027,present,0,qr,7,Wednesday,10:00,5
ENG101,Technical English,Section 2,2026-04-01,S3028,Synthetic Student 3028,absent,0,qr,7,Wednesday,10:00,3
ENG101,Technical English,Section 2,2026-04-01,S3031,Synthetic Student 3031,late,25,qr,7,Wednesday,10:00,5
ENG101,Technical English,Section 2,2026-04-01,S3033,Synthetic Student 3033,present,0,qr,7,Wednesday,10:00,5
ENG101,Technical English,Section 2,2026-04-01,S3038,Synthetic Student 3038,present,0,qr,7,Wednesday,10:00,4
ENG101,Technical English,Section 2,2026-04-01,S3039,Synthetic Student 3039,absent,0,qr,7,Wednesday,10:00,4
ENG101,Technical English,Section 2,2026-04-01,S3042,Synthetic Student 3042,present,0,qr,7,Wednesday,10:00,5
ENG101,Technical English,Section 2,2026-04-01,S3043,Synthetic Student 3043,present,0,qr,7,Wednesday,10:00,4
ENG101,Technical English,Section 2,2026-04-01,S3047,Synthetic Student 3047,absent,0,qr,7,Wednesday,10:00,2
ENG101,Technical English,Section 2,2026-04-01,S3051,Synthetic Student 3051,present,0,qr,7,Wednesday,10:00,5
ENG101,Technical English,Section 2,2026-04-01,S3052,Synthetic Student 3052,absent,0,qr,7,Wednesday,10:00,2
ENG101,Technical English,Section 2,2026-04-01,S3055,Synthetic Student 3055,absent,0,qr,7,Wednesday,10:00,4
ENG101,Technical English,Section 2,2026-04-01,S3058,Synthetic Student 3058,present,0,qr,7,Wednesday,10:00,3
ENG101,Technical English,Section 2,2026-04-01,S3062,Synthetic Student 3062,present,0,qr,7,Wednesday,10:00,5
ENG101,Technical English,Section 2,2026-04-01,S3063,Synthetic Student 3063,absent,0,qr,7,Wednesday,10:00,3
ENG101,Technical English,Section 2,2026-04-01,S3067,Synthetic Student 3067,absent,0,qr,7,Wednesday,10:00,5
ENG101,Technical English,Section 2,2026-04-01,S3070,Synthetic Student 3070,present,0,qr,7,Wednesday,10:00,5
ENG101,Technical English,Section 2,2026-04-01,S3076,Synthetic Student 3076,present,0,qr,7,Wednesday,10:00,3
ENG101,Technical English,Section 2,2026-04-01,S3079,Synthetic Student 3079,present,0,qr,7,Wednesday,10:00,5
ENG101,Technical English,Section 2,2026-04-01,S3080,Synthetic Student 3080,present,0,qr,7,Wednesday,10:00,4
ENG101,Technical English,Section 2,2026-04-01,S3084,Synthetic Student 3084,present,0,qr,7,Wednesday,10:00,5
ENG101,Technical English,Section 2,2026-04-01,S3085,Synthetic Student 3085,present,0,qr,7,Wednesday,10:00,5
MATH101,Calculus I,Section 2,2026-04-01,S3002,Synthetic Student 3002,present,0,qr,7,Wednesday,14:00,5
MATH101,Calculus I,Section 2,2026-04-01,S3003,Synthetic Student 3003,present,0,qr,7,Wednesday,14:00,3
MATH101,Calculus I,Section 2,2026-04-01,S3004,Synthetic Student 3004,present,0,qr,7,Wednesday,14:00,3
MATH101,Calculus I,Section 2,2026-04-01,S3009,Synthetic Student 3009,absent,0,qr,7,Wednesday,14:00,4
MATH101,Calculus I,Section 2,2026-04-01,S3019,Synthetic Student 3019,absent,0,qr,7,Wednesday,14:00,3
MATH101,Calculus I,Section 2,2026-04-01,S3024,Synthetic Student 3024,absent,0,qr,7,Wednesday,14:00,5
MATH101,Calculus I,Section 2,2026-04-01,S3025,Synthetic Student 3025,present,0,qr,7,Wednesday,14:00,2
MATH101,Calculus I,Section 2,2026-04-01,S3031,Synthetic Student 3031,present,0,qr,7,Wednesday,14:00,5
MATH101,Calculus I,Section 2,2026-04-01,S3033,Synthetic Student 3033,present,0,qr,7,Wednesday,14:00,5
MATH101,Calculus I,Section 2,2026-04-01,S3034,Synthetic Student 3034,present,0,qr,7,Wednesday,14:00,4
MATH101,Calculus I,Section 2,2026-04-01,S3039,Synthetic Student 3039,present,0,qr,7,Wednesday,14:00,4
MATH101,Calculus I,Section 2,2026-04-01,S3040,Synthetic Student 3040,absent,0,qr,7,Wednesday,14:00,5
MATH101,Calculus I,Section 2,2026-04-01,S3041,Synthetic Student 3041,present,0,qr,7,Wednesday,14:00,5
MATH101,Calculus I,Section 2,2026-04-01,S3042,Synthetic Student 3042,present,0,qr,7,Wednesday,14:00,5
MATH101,Calculus I,Section 2,2026-04-01,S3046,Synthetic Student 3046,absent,0,qr,7,Wednesday,14:00,3
MATH101,Calculus I,Section 2,2026-04-01,S3049,Synthetic Student 3049,late,20,qr,7,Wednesday,14:00,4
MATH101,Calculus I,Section 2,2026-04-01,S3051,Synthetic Student 3051,present,0,qr,7,Wednesday,14:00,5
MATH101,Calculus I,Section 2,2026-04-01,S3052,Synthetic Student 3052,present,0,qr,7,Wednesday,14:00,2
MATH101,Calculus I,Section 2,2026-04-01,S3053,Synthetic Student 3053,present,0,qr,7,Wednesday,14:00,2
MATH101,Calculus I,Section 2,2026-04-01,S3055,Synthetic Student 3055,absent,0,qr,7,Wednesday,14:00,4
MATH101,Calculus I,Section 2,2026-04-01,S3056,Synthetic Student 3056,absent,0,qr,7,Wednesday,14:00,4
MATH101,Calculus I,Section 2,2026-04-01,S3062,Synthetic Student 3062,present,0,qr,7,Wednesday,14:00,5
MATH101,Calculus I,Section 2,2026-04-01,S3065,Synthetic Student 3065,present,0,qr,7,Wednesday,14:00,2
MATH101,Calculus I,Section 2,2026-04-01,S3066,Synthetic Student 3066,present,0,qr,7,Wednesday,14:00,3
MATH101,Calculus I,Section 2,2026-04-01,S3068,Synthetic Student 3068,absent,0,qr,7,Wednesday,14:00,5
MATH101,Calculus I,Section 2,2026-04-01,S3070,Synthetic Student 3070,present,0,qr,7,Wednesday,14:00,5
MATH101,Calculus I,Section 2,2026-04-01,S3077,Synthetic Student 3077,present,0,qr,7,Wednesday,14:00,3
MATH101,Calculus I,Section 2,2026-04-01,S3082,Synthetic Student 3082,present,0,qr,7,Wednesday,14:00,2
MATH101,Calculus I,Section 2,2026-04-01,S3083,Synthetic Student 3083,present,0,qr,7,Wednesday,14:00,5
MATH101,Calculus I,Section 2,2026-04-01,S3085,Synthetic Student 3085,absent,0,qr,7,Wednesday,14:00,5
MATH101,Calculus I,Section 2,2026-04-01,S3087,Synthetic Student 3087,present,0,qr,7,Wednesday,14:00,3
MATH101,Calculus I,Section 2,2026-04-01,S3089,Synthetic Student 3089,present,0,qr,7,Wednesday,14:00,2
CS101,Intro to Programming,Section 1,2026-04-02,S3004,Synthetic Student 3004,present,0,qr,7,Thursday,08:00,3
CS101,Intro to Programming,Section 1,2026-04-02,S3007,Synthetic Student 3007,absent,0,qr,7,Thursday,08:00,2
CS101,Intro to Programming,Section 1,2026-04-02,S3008,Synthetic Student 3008,present,0,qr,7,Thursday,08:00,4
CS101,Intro to Programming,Section 1,2026-04-02,S3010,Synthetic Student 3010,present,0,qr,7,Thursday,08:00,5
CS101,Intro to Programming,Section 1,2026-04-02,S3012,Synthetic Student 3012,late,29,qr,7,Thursday,08:00,5
CS101,Intro to Programming,Section 1,2026-04-02,S3014,Synthetic Student 3014,late,30,qr,7,Thursday,08:00,2
CS101,Intro to Programming,Section 1,2026-04-02,S3020,Synthetic Student 3020,present,0,qr,7,Thursday,08:00,2
CS101,Intro to Programming,Section 1,2026-04-02,S3022,Synthetic Student 3022,present,0,qr,7,Thursday,08:00,3
CS101,Intro to Programming,Section 1,2026-04-02,S3024,Synthetic Student 3024,absent,0,qr,7,Thursday,08:00,5
CS101,Intro to Programming,Section 1,2026-04-02,S3030,Synthetic Student 3030,absent,0,qr,7,Thursday,08:00,3
CS101,Intro to Programming,Section 1,2026-04-02,S3031,Synthetic Student 3031,present,0,qr,7,Thursday,08:00,5
CS101,Intro to Programming,Section 1,2026-04-02,S3032,Synthetic Student 3032,present,0,qr,7,Thursday,08:00,5
CS101,Intro to Programming,Section 1,2026-04-02,S3034,Synthetic Student 3034,present,0,qr,7,Thursday,08:00,4
CS101,Intro to Programming,Section 1,2026-04-02,S3036,Synthetic Student 3036,absent,0,qr,7,Thursday,08:00,4
CS101,Intro to Programming,Section 1,2026-04-02,S3038,Synthetic Student 3038,absent,0,qr,7,Thursday,08:00,4
CS101,Intro to Programming,Section 1,2026-04-02,S3041,Synthetic Student 3041,late,23,qr,7,Thursday,08:00,5
CS101,Intro to Programming,Section 1,2026-04-02,S3045,Synthetic Student 3045,absent,0,qr,7,Thursday,08:00,5
CS101,Intro to Programming,Section 1,2026-04-02,S3056,Synthetic Student 3056,present,0,qr,7,Thursday,08:00,4
CS101,Intro to Programming,Section 1,2026-04-02,S3058,Synthetic Student 3058,present,0,qr,7,Thursday,08:00,3
CS101,Intro to Programming,Section 1,2026-04-02,S3059,Synthetic Student 3059,absent,0,qr,7,Thursday,08:00,5
CS101,Intro to Programming,Section 1,2026-04-02,S3060,Synthetic Student 3060,absent,0,qr,7,Thursday,08:00,2
CS101,Intro to Programming,Section 1,2026-04-02,S3061,Synthetic Student 3061,present,0,qr,7,Thursday,08:00,4
CS101,Intro to Programming,Section 1,2026-04-02,S3063,Synthetic Student 3063,absent,0,qr,7,Thursday,08:00,3
CS101,Intro to Programming,Section 1,2026-04-02,S3068,Synthetic Student 3068,absent,0,qr,7,Thursday,08:00,5
CS101,Intro to Programming,Section 1,2026-04-02,S3071,Synthetic Student 3071,absent,0,qr,7,Thursday,08:00,3
CS101,Intro to Programming,Section 1,2026-04-02,S3073,Synthetic Student 3073,present,0,qr,7,Thursday,08:00,3
CS101,Intro to Programming,Section 1,2026-04-02,S3074,Synthetic Student 3074,present,0,qr,7,Thursday,08:00,4
CS101,Intro to Programming,Section 1,2026-04-02,S3080,Synthetic Student 3080,absent,0,qr,7,Thursday,08:00,4
CS101,Intro to Programming,Section 1,2026-04-02,S3082,Synthetic Student 3082,present,0,qr,7,Thursday,08:00,2
CS101,Intro to Programming,Section 1,2026-04-02,S3086,Synthetic Student 3086,present,0,qr,7,Thursday,08:00,3
CS101,Intro to Programming,Section 1,2026-04-02,S3089,Synthetic Student 3089,present,0,qr,7,Thursday,08:00,2
MATH101,Calculus I,Section 1,2026-04-02,S3005,Synthetic Student 3005,absent,0,qr,7,Thursday,08:00,5
MATH101,Calculus I,Section 1,2026-04-02,S3007,Synthetic Student 3007,present,0,qr,7,Thursday,08:00,2
MATH101,Calculus I,Section 1,2026-04-02,S3010,Synthetic Student 3010,present,0,qr,7,Thursday,08:00,5
MATH101,Calculus I,Section 1,2026-04-02,S3012,Synthetic Student 3012,absent,0,qr,7,Thursday,08:00,5
MATH101,Calculus I,Section 1,2026-04-02,S3013,Synthetic Student 3013,absent,0,qr,7,Thursday,08:00,3
MATH101,Calculus I,Section 1,2026-04-02,S3015,Synthetic Student 3015,absent,0,qr,7,Thursday,08:00,4
MATH101,Calculus I,Section 1,2026-04-02,S3016,Synthetic Student 3016,present,0,qr,7,Thursday,08:00,3
MATH101,Calculus I,Section 1,2026-04-02,S3017,Synthetic Student 3017,present,0,qr,7,Thursday,08:00,4
MATH101,Calculus I,Section 1,2026-04-02,S3018,Synthetic Student 3018,present,0,qr,7,Thursday,08:00,3
MATH101,Calculus I,Section 1,2026-04-02,S3022,Synthetic Student 3022,absent,0,qr,7,Thursday,08:00,3
MATH101,Calculus I,Section 1,2026-04-02,S3023,Synthetic Student 3023,absent,0,qr,7,Thursday,08:00,2
MATH101,Calculus I,Section 1,2026-04-02,S3027,Synthetic Student 3027,present,0,qr,7,Thursday,08:00,5
MATH101,Calculus I,Section 1,2026-04-02,S3028,Synthetic Student 3028,present,0,qr,7,Thursday,08:00,3
MATH101,Calculus I,Section 1,2026-04-02,S3029,Synthetic Student 3029,present,0,qr,7,Thursday,08:00,3
MATH101,Calculus I,Section 1,2026-04-02,S3032,Synthetic Student 3032,present,0,qr,7,Thursday,08:00,5
MATH101,Calculus I,Section 1,2026-04-02,S3036,Synthetic Student 3036,present,0,qr,7,Thursday,08:00,4
MATH101,Calculus I,Section 1,2026-04-02,S3038,Synthetic Student 3038,present,0,qr,7,Thursday,08:00,4
MATH101,Calculus I,Section 1,2026-04-02,S3043,Synthetic Student 3043,present,0,qr,7,Thursday,08:00,4
MATH101,Calculus I,Section 1,2026-04-02,S3044,Synthetic Student 3044,present,0,qr,7,Thursday,08:00,4
MATH101,Calculus I,Section 1,2026-04-02,S3045,Synthetic Student 3045,present,0,qr,7,Thursday,08:00,5
MATH101,Calculus I,Section 1,2026-04-02,S3048,Synthetic Student 3048,present,0,qr,7,Thursday,08:00,5
MATH101,Calculus I,Section 1,2026-04-02,S3050,Synthetic Student 3050,present,0,qr,7,Thursday,08:00,5
MATH101,Calculus I,Section 1,2026-04-02,S3054,Synthetic Student 3054,absent,0,qr,7,Thursday,08:00,5
MATH101,Calculus I,Section 1,2026-04-02,S3058,Synthetic Student 3058,present,0,qr,7,Thursday,08:00,3
MATH101,Calculus I,Section 1,2026-04-02,S3059,Synthetic Student 3059,present,0,qr,7,Thursday,08:00,5
MATH101,Calculus I,Section 1,2026-04-02,S3061,Synthetic Student 3061,present,0,qr,7,Thursday,08:00,4
MATH101,Calculus I,Section 1,2026-04-02,S3067,Synthetic Student 3067,late,28,qr,7,Thursday,08:00,5
MATH101,Calculus I,Section 1,2026-04-02,S3073,Synthetic Student 3073,present,0,qr,7,Thursday,08:00,3
MATH101,Calculus I,Section 1,2026-04-02,S3074,Synthetic Student 3074,present,0,qr,7,Thursday,08:00,4
MATH101,Calculus I,Section 1,2026-04-02,S3076,Synthetic Student 3076,absent,0,qr,7,Thursday,08:00,3
MATH101,Calculus I,Section 1,2026-04-02,S3079,Synthetic Student 3079,present,0,qr,7,Thursday,08:00,5
MATH101,Calculus I,Section 1,2026-04-02,S3081,Synthetic Student 3081,late,18,qr,7,Thursday,08:00,5
MATH101,Calculus I,Section 1,2026-04-02,S3084,Synthetic Student 3084,absent,0,qr,7,Thursday,08:00,5
MATH101,Calculus I,Section 1,2026-04-02,S3086,Synthetic Student 3086,absent,0,qr,7,Thursday,08:00,3
MATH101,Calculus I,Section 1,2026-04-02,S3088,Synthetic Student 3088,present,0,qr,7,Thursday,08:00,4
MATH101,Calculus I,Section 1,2026-04-02,S3090,Synthetic Student 3090,present,0,qr,7,Thursday,08:00,3
CS101,Intro to Programming,Section 2,2026-04-04,S3002,Synthetic Student 3002,absent,0,qr,8,Saturday,12:00,5
CS101,Intro to Programming,Section 2,2026-04-04,S3003,Synthetic Student 3003,present,0,qr,8,Saturday,12:00,3
CS101,Intro to Programming,Section 2,2026-04-04,S3005,Synthetic Student 3005,absent,0,qr,8,Saturday,12:00,5
CS101,Intro to Programming,Section 2,2026-04-04,S3006,Synthetic Student 3006,present,0,qr,8,Saturday,12:00,2
CS101,Intro to Programming,Section 2,2026-04-04,S3009,Synthetic Student 3009,present,0,qr,8,Saturday,12:00,4
CS101,Intro to Programming,Section 2,2026-04-04,S3011,Synthetic Student 3011,present,0,qr,8,Saturday,12:00,3
CS101,Intro to Programming,Section 2,2026-04-04,S3016,Synthetic Student 3016,present,0,qr,8,Saturday,12:00,3
CS101,Intro to Programming,Section 2,2026-04-04,S3017,Synthetic Student 3017,present,0,qr,8,Saturday,12:00,4
CS101,Intro to Programming,Section 2,2026-04-04,S3018,Synthetic Student 3018,absent,0,qr,8,Saturday,12:00,3
CS101,Intro to Programming,Section 2,2026-04-04,S3019,Synthetic Student 3019,present,0,qr,8,Saturday,12:00,3
CS101,Intro to Programming,Section 2,2026-04-04,S3021,Synthetic Student 3021,present,0,qr,8,Saturday,12:00,3
CS101,Intro to Programming,Section 2,2026-04-04,S3025,Synthetic Student 3025,present,0,qr,8,Saturday,12:00,2
CS101,Intro to Programming,Section 2,2026-04-04,S3027,Synthetic Student 3027,present,0,qr,8,Saturday,12:00,5
CS101,Intro to Programming,Section 2,2026-04-04,S3029,Synthetic Student 3029,present,0,qr,8,Saturday,12:00,3
CS101,Intro to Programming,Section 2,2026-04-04,S3033,Synthetic Student 3033,late,32,qr,8,Saturday,12:00,5
CS101,Intro to Programming,Section 2,2026-04-04,S3035,Synthetic Student 3035,present,0,qr,8,Saturday,12:00,2
CS101,Intro to Programming,Section 2,2026-04-04,S3040,Synthetic Student 3040,absent,0,qr,8,Saturday,12:00,5
CS101,Intro to Programming,Section 2,2026-04-04,S3042,Synthetic Student 3042,present,0,qr,8,Saturday,12:00,5
CS101,Intro to Programming,Section 2,2026-04-04,S3044,Synthetic Student 3044,present,0,qr,8,Saturday,12:00,4
CS101,Intro to Programming,Section 2,2026-04-04,S3046,Synthetic Student 3046,present,0,qr,8,Saturday,12:00,3
CS101,Intro to Programming,Section 2,2026-04-04,S3047,Synthetic Student 3047,present,0,qr,8,Saturday,12:00,2
CS101,Intro to Programming,Section 2,2026-04-04,S3048,Synthetic Student 3048,absent,0,qr,8,Saturday,12:00,5
CS101,Intro to Programming,Section 2,2026-04-04,S3049,Synthetic Student 3049,present,0,qr,8,Saturday,12:00,4
CS101,Intro to Programming,Section 2,2026-04-04,S3050,Synthetic Student 3050,present,0,qr,8,Saturday,12:00,5
CS101,Intro to Programming,Section 2,2026-04-04,S3051,Synthetic Student 3051,present,0,qr,8,Saturday,12:00,5
CS101,Intro to Programming,Section 2,2026-04-04,S3054,Synthetic Student 3054,present,0,qr,8,Saturday,12:00,5
CS101,Intro to Programming,Section 2,2026-04-04,S3057,Synthetic Student 3057,late,40,qr,8,Saturday,12:00,3
CS101,Intro to Programming,Section 2,2026-04-04,S3062,Synthetic Student 3062,present,0,qr,8,Saturday,12:00,5
CS101,Intro to Programming,Section 2,2026-04-04,S3067,Synthetic Student 3067,absent,0,qr,8,Saturday,12:00,5
CS101,Intro to Programming,Section 2,2026-04-04,S3070,Synthetic Student 3070,present,0,qr,8,Saturday,12:00,5
CS101,Intro to Programming,Section 2,2026-04-04,S3075,Synthetic Student 3075,present,0,qr,8,Saturday,12:00,4
CS101,Intro to Programming,Section 2,2026-04-04,S3078,Synthetic Student 3078,present,0,qr,8,Saturday,12:00,2
CS101,Intro to Programming,Section 2,2026-04-04,S3079,Synthetic Student 3079,late,17,qr,8,Saturday,12:00,5
CS101,Intro to Programming,Section 2,2026-04-04,S3081,Synthetic Student 3081,present,0,qr,8,Saturday,12:00,5
CS101,Intro to Programming,Section 2,2026-04-04,S3083,Synthetic Student 3083,absent,0,qr,8,Saturday,12:00,5
CS101,Intro to Programming,Section 2,2026-04-04,S3084,Synthetic Student 3084,present,0,qr,8,Saturday,12:00,5
CS101,Intro to Programming,Section 2,2026-04-04,S3085,Synthetic Student 3085,present,0,qr,8,Saturday,12:00,5
CS101,Intro to Programming,Section 2,2026-04-04,S3087,Synthetic Student 3087,present,0,qr,8,Saturday,12:00,3
CS101,Intro to Programming,Section 2,2026-04-04,S3088,Synthetic Student 3088,present,0,qr,8,Saturday,12:00,4
PHY101,Physics I,Section 1,2026-04-04,S3001,Synthetic Student 3001,late,21,qr,8,Saturday,08:00,2
PHY101,Physics I,Section 1,2026-04-04,S3009,Synthetic Student 3009,present,0,qr,8,Saturday,08:00,4
PHY101,Physics I,Section 1,2026-04-04,S3010,Synthetic Student 3010,excused,0,manual,8,Saturday,08:00,5
PHY101,Physics I,Section 1,2026-04-04,S3018,Synthetic Student 3018,absent,0,qr,8,Saturday,08:00,3
PHY101,Physics I,Section 1,2026-04-04,S3020,Synthetic Student 3020,present,0,qr,8,Saturday,08:00,2
PHY101,Physics I,Section 1,2026-04-04,S3026,Synthetic Student 3026,present,0,qr,8,Saturday,08:00,2
PHY101,Physics I,Section 1,2026-04-04,S3027,Synthetic Student 3027,absent,0,qr,8,Saturday,08:00,5
PHY101,Physics I,Section 1,2026-04-04,S3029,Synthetic Student 3029,present,0,qr,8,Saturday,08:00,3
PHY101,Physics I,Section 1,2026-04-04,S3030,Synthetic Student 3030,late,25,qr,8,Saturday,08:00,3
PHY101,Physics I,Section 1,2026-04-04,S3033,Synthetic Student 3033,present,0,qr,8,Saturday,08:00,5
PHY101,Physics I,Section 1,2026-04-04,S3036,Synthetic Student 3036,absent,0,qr,8,Saturday,08:00,4
PHY101,Physics I,Section 1,2026-04-04,S3037,Synthetic Student 3037,present,0,qr,8,Saturday,08:00,3
PHY101,Physics I,Section 1,2026-04-04,S3041,Synthetic Student 3041,absent,0,qr,8,Saturday,08:00,5
PHY101,Physics I,Section 1,2026-04-04,S3043,Synthetic Student 3043,absent,0,qr,8,Saturday,08:00,4
PHY101,Physics I,Section 1,2026-04-04,S3044,Synthetic Student 3044,present,0,qr,8,Saturday,08:00,4
PHY101,Physics I,Section 1,2026-04-04,S3045,Synthetic Student 3045,absent,0,qr,8,Saturday,08:00,5
PHY101,Physics I,Section 1,2026-04-04,S3048,Synthetic Student 3048,absent,0,qr,8,Saturday,08:00,5
PHY101,Physics I,Section 1,2026-04-04,S3050,Synthetic Student 3050,absent,0,qr,8,Saturday,08:00,5
PHY101,Physics I,Section 1,2026-04-04,S3051,Synthetic Student 3051,absent,0,qr,8,Saturday,08:00,5
PHY101,Physics I,Section 1,2026-04-04,S3054,Synthetic Student 3054,absent,0,qr,8,Saturday,08:00,5
PHY101,Physics I,Section 1,2026-04-04,S3055,Synthetic Student 3055,present,0,qr,8,Saturday,08:00,4
PHY101,Physics I,Section 1,2026-04-04,S3056,Synthetic Student 3056,present,0,qr,8,Saturday,08:00,4
PHY101,Physics I,Section 1,2026-04-04,S3057,Synthetic Student 3057,late,32,qr,8,Saturday,08:00,3
PHY101,Physics I,Section 1,2026-04-04,S3059,Synthetic Student 3059,absent,0,qr,8,Saturday,08:00,5
PHY101,Physics I,Section 1,2026-04-04,S3060,Synthetic Student 3060,present,0,qr,8,Saturday,08:00,2
PHY101,Physics I,Section 1,2026-04-04,S3061,Synthetic Student 3061,present,0,qr,8,Saturday,08:00,4
PHY101,Physics I,Section 1,2026-04-04,S3064,Synthetic Student 3064,present,0,qr,8,Saturday,08:00,2
PHY101,Physics I,Section 1,2026-04-04,S3065,Synthetic Student 3065,present,0,qr,8,Saturday,08:00,2
PHY101,Physics I,Section 1,2026-04-04,S3066,Synthetic Student 3066,present,0,qr,8,Saturday,08:00,3
PHY101,Physics I,Section 1,2026-04-04,S3067,Synthetic Student 3067,late,28,qr,8,Saturday,08:00,5
PHY101,Physics I,Section 1,2026-04-04,S3069,Synthetic Student 3069,present,0,qr,8,Saturday,08:00,3
PHY101,Physics I,Section 1,2026-04-04,S3071,Synthetic Student 3071,present,0,qr,8,Saturday,08:00,3
PHY101,Physics I,Section 1,2026-04-04,S3074,Synthetic Student 3074,present,0,qr,8,Saturday,08:00,4
PHY101,Physics I,Section 1,2026-04-04,S3075,Synthetic Student 3075,present,0,qr,8,Saturday,08:00,4
PHY101,Physics I,Section 1,2026-04-04,S3077,Synthetic Student 3077,absent,0,qr,8,Saturday,08:00,3
PHY101,Physics I,Section 1,2026-04-04,S3079,Synthetic Student 3079,late,35,qr,8,Saturday,08:00,5
PHY101,Physics I,Section 1,2026-04-04,S3080,Synthetic Student 3080,excused,0,manual,8,Saturday,08:00,4
PHY101,Physics I,Section 1,2026-04-04,S3081,Synthetic Student 3081,present,0,qr,8,Saturday,08:00,5
PHY101,Physics I,Section 1,2026-04-04,S3090,Synthetic Student 3090,absent,0,qr,8,Saturday,08:00,3
PHY101,Physics I,Section 2,2026-04-04,S3002,Synthetic Student 3002,absent,0,qr,8,Saturday,10:00,5
PHY101,Physics I,Section 2,2026-04-04,S3004,Synthetic Student 3004,present,0,qr,8,Saturday,10:00,3
PHY101,Physics I,Section 2,2026-04-04,S3005,Synthetic Student 3005,absent,0,qr,8,Saturday,10:00,5
PHY101,Physics I,Section 2,2026-04-04,S3008,Synthetic Student 3008,absent,0,qr,8,Saturday,10:00,4
PHY101,Physics I,Section 2,2026-04-04,S3012,Synthetic Student 3012,absent,0,qr,8,Saturday,10:00,5
PHY101,Physics I,Section 2,2026-04-04,S3015,Synthetic Student 3015,absent,0,qr,8,Saturday,10:00,4
PHY101,Physics I,Section 2,2026-04-04,S3019,Synthetic Student 3019,present,0,qr,8,Saturday,10:00,3
PHY101,Physics I,Section 2,2026-04-04,S3022,Synthetic Student 3022,present,0,qr,8,Saturday,10:00,3
PHY101,Physics I,Section 2,2026-04-04,S3024,Synthetic Student 3024,absent,0,qr,8,Saturday,10:00,5
PHY101,Physics I,Section 2,2026-04-04,S3031,Synthetic Student 3031,absent,0,qr,8,Saturday,10:00,5
PHY101,Physics I,Section 2,2026-04-04,S3032,Synthetic Student 3032,present,0,qr,8,Saturday,10:00,5
PHY101,Physics I,Section 2,2026-04-04,S3034,Synthetic Student 3034,present,0,qr,8,Saturday,10:00,4
PHY101,Physics I,Section 2,2026-04-04,S3035,Synthetic Student 3035,present,0,qr,8,Saturday,10:00,2
PHY101,Physics I,Section 2,2026-04-04,S3039,Synthetic Student 3039,present,0,qr,8,Saturday,10:00,4
PHY101,Physics I,Section 2,2026-04-04,S3040,Synthetic Student 3040,present,0,qr,8,Saturday,10:00,5
PHY101,Physics I,Section 2,2026-04-04,S3042,Synthetic Student 3042,present,0,qr,8,Saturday,10:00,5
PHY101,Physics I,Section 2,2026-04-04,S3046,Synthetic Student 3046,present,0,qr,8,Saturday,10:00,3
PHY101,Physics I,Section 2,2026-04-04,S3049,Synthetic Student 3049,absent,0,qr,8,Saturday,10:00,4
PHY101,Physics I,Section 2,2026-04-04,S3062,Synthetic Student 3062,present,0,qr,8,Saturday,10:00,5
PHY101,Physics I,Section 2,2026-04-04,S3063,Synthetic Student 3063,present,0,qr,8,Saturday,10:00,3
PHY101,Physics I,Section 2,2026-04-04,S3068,Synthetic Student 3068,present,0,qr,8,Saturday,10:00,5
PHY101,Physics I,Section 2,2026-04-04,S3070,Synthetic Student 3070,absent,0,qr,8,Saturday,10:00,5
PHY101,Physics I,Section 2,2026-04-04,S3083,Synthetic Student 3083,absent,0,qr,8,Saturday,10:00,5
PHY101,Physics I,Section 2,2026-04-04,S3084,Synthetic Student 3084,absent,0,qr,8,Saturday,10:00,5
PHY101,Physics I,Section 2,2026-04-04,S3085,Synthetic Student 3085,present,0,qr,8,Saturday,10:00,5
PHY101,Physics I,Section 2,2026-04-04,S3088,Synthetic Student 3088,present,0,qr,8,Saturday,10:00,4
CS201,Data Structures,Section 1,2026-04-05,S3005,Synthetic Student 3005,absent,0,qr,8,Sunday,10:00,5
CS201,Data Structures,Section 1,2026-04-05,S3008,Synthetic Student 3008,present,0,qr,8,Sunday,10:00,4
CS201,Data Structures,Section 1,2026-04-05,S3009,Synthetic Student 3009,present,0,qr,8,Sunday,10:00,4
CS201,Data Structures,Section 1,2026-04-05,S3010,Synthetic Student 3010,present,0,qr,8,Sunday,10:00,5
CS201,Data Structures,Section 1,2026-04-05,S3012,Synthetic Student 3012,absent,0,qr,8,Sunday,10:00,5
CS201,Data Structures,Section 1,2026-04-05,S3015,Synthetic Student 3015,present,0,qr,8,Sunday,10:00,4
CS201,Data Structures,Section 1,2026-04-05,S3017,Synthetic Student 3017,present,0,qr,8,Sunday,10:00,4
CS201,Data Structures,Section 1,2026-04-05,S3021,Synthetic Student 3021,present,0,qr,8,Sunday,10:00,3
CS201,Data Structures,Section 1,2026-04-05,S3023,Synthetic Student 3023,late,38,qr,8,Sunday,10:00,2
CS201,Data Structures,Section 1,2026-04-05,S3032,Synthetic Student 3032,present,0,qr,8,Sunday,10:00,5
CS201,Data Structures,Section 1,2026-04-05,S3033,Synthetic Student 3033,present,0,qr,8,Sunday,10:00,5
CS201,Data Structures,Section 1,2026-04-05,S3036,Synthetic Student 3036,absent,0,qr,8,Sunday,10:00,4
CS201,Data Structures,Section 1,2026-04-05,S3037,Synthetic Student 3037,present,0,qr,8,Sunday,10:00,3
CS201,Data Structures,Section 1,2026-04-05,S3038,Synthetic Student 3038,present,0,qr,8,Sunday,10:00,4
CS201,Data Structures,Section 1,2026-04-05,S3039,Synthetic Student 3039,present,0,qr,8,Sunday,10:00,4
CS201,Data Structures,Section 1,2026-04-05,S3040,Synthetic Student 3040,absent,0,qr,8,Sunday,10:00,5
CS201,Data Structures,Section 1,2026-04-05,S3041,Synthetic Student 3041,absent,0,qr,8,Sunday,10:00,5
CS201,Data Structures,Section 1,2026-04-05,S3043,Synthetic Student 3043,present,0,qr,8,Sunday,10:00,4
CS201,Data Structures,Section 1,2026-04-05,S3048,Synthetic Student 3048,absent,0,qr,8,Sunday,10:00,5
CS201,Data Structures,Section 1,2026-04-05,S3053,Synthetic Student 3053,present,0,qr,8,Sunday,10:00,2
CS201,Data Structures,Section 1,2026-04-05,S3057,Synthetic Student 3057,present,0,qr,8,Sunday,10:00,3
CS201,Data Structures,Section 1,2026-04-05,S3068,Synthetic Student 3068,late,31,qr,8,Sunday,10:00,5
CS201,Data Structures,Section 1,2026-04-05,S3070,Synthetic Student 3070,present,0,qr,8,Sunday,10:00,5
CS201,Data Structures,Section 1,2026-04-05,S3075,Synthetic Student 3075,present,0,qr,8,Sunday,10:00,4
CS201,Data Structures,Section 1,2026-04-05,S3077,Synthetic Student 3077,present,0,qr,8,Sunday,10:00,3
CS201,Data Structures,Section 1,2026-04-05,S3079,Synthetic Student 3079,present,0,qr,8,Sunday,10:00,5
CS201,Data Structures,Section 1,2026-04-05,S3080,Synthetic Student 3080,absent,0,qr,8,Sunday,10:00,4
CS201,Data Structures,Section 1,2026-04-05,S3081,Synthetic Student 3081,late,35,qr,8,Sunday,10:00,5
CS201,Data Structures,Section 1,2026-04-05,S3083,Synthetic Student 3083,absent,0,qr,8,Sunday,10:00,5
CS201,Data Structures,Section 1,2026-04-05,S3085,Synthetic Student 3085,present,0,qr,8,Sunday,10:00,5
CS201,Data Structures,Section 2,2026-04-05,S3001,Synthetic Student 3001,present,0,qr,8,Sunday,08:00,2
CS201,Data Structures,Section 2,2026-04-05,S3002,Synthetic Student 3002,absent,0,qr,8,Sunday,08:00,5
CS201,Data Structures,Section 2,2026-04-05,S3006,Synthetic Student 3006,present,0,qr,8,Sunday,08:00,2
CS201,Data Structures,Section 2,2026-04-05,S3011,Synthetic Student 3011,absent,0,qr,8,Sunday,08:00,3
CS201,Data Structures,Section 2,2026-04-05,S3013,Synthetic Student 3013,present,0,qr,8,Sunday,08:00,3
CS201,Data Structures,Section 2,2026-04-05,S3014,Synthetic Student 3014,present,0,qr,8,Sunday,08:00,2
CS201,Data Structures,Section 2,2026-04-05,S3024,Synthetic Student 3024,present,0,qr,8,Sunday,08:00,5
CS201,Data Structures,Section 2,2026-04-05,S3026,Synthetic Student 3026,present,0,qr,8,Sunday,08:00,2
CS201,Data Structures,Section 2,2026-04-05,S3027,Synthetic Student 3027,late,20,qr,8,Sunday,08:00,5
CS201,Data Structures,Section 2,2026-04-05,S3028,Synthetic Student 3028,absent,0,qr,8,Sunday,08:00,3
CS201,Data Structures,Section 2,2026-04-05,S3031,Synthetic Student 3031,present,0,qr,8,Sunday,08:00,5
CS201,Data Structures,Section 2,2026-04-05,S3042,Synthetic Student 3042,present,0,qr,8,Sunday,08:00,5
CS201,Data Structures,Section 2,2026-04-05,S3045,Synthetic Student 3045,present,0,qr,8,Sunday,08:00,5
CS201,Data Structures,Section 2,2026-04-05,S3049,Synthetic Student 3049,present,0,qr,8,Sunday,08:00,4
CS201,Data Structures,Section 2,2026-04-05,S3050,Synthetic Student 3050,present,0,qr,8,Sunday,08:00,5
CS201,Data Structures,Section 2,2026-04-05,S3051,Synthetic Student 3051,present,0,qr,8,Sunday,08:00,5
CS201,Data Structures,Section 2,2026-04-05,S3054,Synthetic Student 3054,absent,0,qr,8,Sunday,08:00,5
CS201,Data Structures,Section 2,2026-04-05,S3055,Synthetic Student 3055,absent,0,qr,8,Sunday,08:00,4
CS201,Data Structures,Section 2,2026-04-05,S3056,Synthetic Student 3056,absent,0,qr,8,Sunday,08:00,4
CS201,Data Structures,Section 2,2026-04-05,S3059,Synthetic Student 3059,absent,0,qr,8,Sunday,08:00,5
CS201,Data Structures,Section 2,2026-04-05,S3061,Synthetic Student 3061,late,36,qr,8,Sunday,08:00,4
CS201,Data Structures,Section 2,2026-04-05,S3062,Synthetic Student 3062,present,0,qr,8,Sunday,08:00,5
CS201,Data Structures,Section 2,2026-04-05,S3066,Synthetic Student 3066,present,0,qr,8,Sunday,08:00,3
CS201,Data Structures,Section 2,2026-04-05,S3067,Synthetic Student 3067,absent,0,qr,8,Sunday,08:00,5
CS201,Data Structures,Section 2,2026-04-05,S3069,Synthetic Student 3069,present,0,qr,8,Sunday,08:00,3
CS201,Data Structures,Section 2,2026-04-05,S3072,Synthetic Student 3072,late,19,qr,8,Sunday,08:00,2
CS201,Data Structures,Section 2,2026-04-05,S3073,Synthetic Student 3073,late,31,qr,8,Sunday,08:00,3
CS201,Data Structures,Section 2,2026-04-05,S3074,Synthetic Student 3074,absent,0,qr,8,Sunday,08:00,4
CS201,Data Structures,Section 2,2026-04-05,S3076,Synthetic Student 3076,present,0,qr,8,Sunday,08:00,3
CS201,Data Structures,Section 2,2026-04-05,S3084,Synthetic Student 3084,present,0,qr,8,Sunday,08:00,5
CS201,Data Structures,Section 2,2026-04-05,S3087,Synthetic Student 3087,present,0,qr,8,Sunday,08:00,3
CS201,Data Structures,Section 2,2026-04-05,S3088,Synthetic Student 3088,absent,0,qr,8,Sunday,08:00,4
ENG101,Technical English,Section 1,2026-04-05,S3002,Synthetic Student 3002,absent,0,qr,8,Sunday,08:00,5
ENG101,Technical English,Section 1,2026-04-05,S3005,Synthetic Student 3005,absent,0,qr,8,Sunday,08:00,5
ENG101,Technical English,Section 1,2026-04-05,S3010,Synthetic Student 3010,present,0,qr,8,Sunday,08:00,5
ENG101,Technical English,Section 1,2026-04-05,S3011,Synthetic Student 3011,present,0,qr,8,Sunday,08:00,3
ENG101,Technical English,Section 1,2026-04-05,S3013,Synthetic Student 3013,present,0,qr,8,Sunday,08:00,3
ENG101,Technical English,Section 1,2026-04-05,S3015,Synthetic Student 3015,late,34,qr,8,Sunday,08:00,4
ENG101,Technical English,Section 1,2026-04-05,S3017,Synthetic Student 3017,absent,0,qr,8,Sunday,08:00,4
ENG101,Technical English,Section 1,2026-04-05,S3021,Synthetic Student 3021,absent,0,qr,8,Sunday,08:00,3
ENG101,Technical English,Section 1,2026-04-05,S3030,Synthetic Student 3030,absent,0,qr,8,Sunday,08:00,3
ENG101,Technical English,Section 1,2026-04-05,S3032,Synthetic Student 3032,present,0,qr,8,Sunday,08:00,5
ENG101,Technical English,Section 1,2026-04-05,S3034,Synthetic Student 3034,absent,0,qr,8,Sunday,08:00,4
ENG101,Technical English,Section 1,2026-04-05,S3037,Synthetic Student 3037,absent,0,qr,8,Sunday,08:00,3
ENG101,Technical English,Section 1,2026-04-05,S3040,Synthetic Student 3040,absent,0,qr,8,Sunday,08:00,5
ENG101,Technical English,Section 1,2026-04-05,S3041,Synthetic Student 3041,absent,0,qr,8,Sunday,08:00,5
ENG101,Technical English,Section 1,2026-04-05,S3044,Synthetic Student 3044,late,40,qr,8,Sunday,08:00,4
ENG101,Technical English,Section 1,2026-04-05,S3045,Synthetic Student 3045,absent,0,qr,8,Sunday,08:00,5
ENG101,Technical English,Section 1,2026-04-05,S3048,Synthetic Student 3048,present,0,qr,8,Sunday,08:00,5
ENG101,Technical English,Section 1,2026-04-05,S3050,Synthetic Student 3050,absent,0,qr,8,Sunday,08:00,5
ENG101,Technical English,Section 1,2026-04-05,S3054,Synthetic Student 3054,present,0,qr,8,Sunday,08:00,5
ENG101,Technical English,Section 1,2026-04-05,S3059,Synthetic Student 3059,late,36,qr,8,Sunday,08:00,5
ENG101,Technical English,Section 1,2026-04-05,S3064,Synthetic Student 3064,present,0,qr,8,Sunday,08:00,2
ENG101,Technical English,Section 1,2026-04-05,S3068,Synthetic Student 3068,late,21,qr,8,Sunday,08:00,5
ENG101,Technical English,Section 1,2026-04-05,S3069,Synthetic Student 3069,present,0,qr,8,Sunday,08:00,3
ENG101,Technical English,Section 1,2026-04-05,S3071,Synthetic Student 3071,present,0,qr,8,Sunday,08:00,3
ENG101,Technical English,Section 1,2026-04-05,S3072,Synthetic Student 3072,late,39,qr,8,Sunday,08:00,2
ENG101,Technical English,Section 1,2026-04-05,S3075,Synthetic Student 3075,absent,0,qr,8,Sunday,08:00,4
ENG101,Technical English,Section 1,2026-04-05,S3078,Synthetic Student 3078,late,21,qr,8,Sunday,08:00,2
ENG101,Technical English,Section 1,2026-04-05,S3081,Synthetic Student 3081,present,0,qr,8,Sunday,08:00,5
ENG101,Technical English,Section 1,2026-04-05,S3083,Synthetic Student 3083,absent,0,qr,8,Sunday,08:00,5
ENG101,Technical English,Section 1,2026-04-05,S3086,Synthetic Student 3086,late,23,qr,8,Sunday,08:00,3
ENG101,Technical English,Section 1,2026-04-05,S3090,Synthetic Student 3090,late,38,qr,8,Sunday,08:00,3
ENG101,Technical English,Section 2,2026-04-08,S3003,Synthetic Student 3003,absent,0,qr,8,Wednesday,10:00,3
ENG101,Technical English,Section 2,2026-04-08,S3008,Synthetic Student 3008,late,21,qr,8,Wednesday,10:00,4
ENG101,Technical English,Section 2,2026-04-08,S3012,Synthetic Student 3012,present,0,qr,8,Wednesday,10:00,5
ENG101,Technical English,Section 2,2026-04-08,S3016,Synthetic Student 3016,present,0,qr,8,Wednesday,10:00,3
ENG101,Technical English,Section 2,2026-04-08,S3024,Synthetic Student 3024,present,0,qr,8,Wednesday,10:00,5
ENG101,Technical English,Section 2,2026-04-08,S3027,Synthetic Student 3027,present,0,qr,8,Wednesday,10:00,5
ENG101,Technical English,Section 2,2026-04-08,S3028,Synthetic Student 3028,present,0,qr,8,Wednesday,10:00,3
ENG101,Technical English,Section 2,2026-04-08,S3031,Synthetic Student 3031,absent,0,qr,8,Wednesday,10:00,5
ENG101,Technical English,Section 2,2026-04-08,S3033,Synthetic Student 3033,present,0,qr,8,Wednesday,10:00,5
ENG101,Technical English,Section 2,2026-04-08,S3038,Synthetic Student 3038,present,0,qr,8,Wednesday,10:00,4
ENG101,Technical English,Section 2,2026-04-08,S3039,Synthetic Student 3039,present,0,qr,8,Wednesday,10:00,4
ENG101,Technical English,Section 2,2026-04-08,S3042,Synthetic Student 3042,present,0,qr,8,Wednesday,10:00,5
ENG101,Technical English,Section 2,2026-04-08,S3043,Synthetic Student 3043,present,0,qr,8,Wednesday,10:00,4
ENG101,Technical English,Section 2,2026-04-08,S3047,Synthetic Student 3047,absent,0,qr,8,Wednesday,10:00,2
ENG101,Technical English,Section 2,2026-04-08,S3051,Synthetic Student 3051,present,0,qr,8,Wednesday,10:00,5
ENG101,Technical English,Section 2,2026-04-08,S3052,Synthetic Student 3052,present,0,qr,8,Wednesday,10:00,2
ENG101,Technical English,Section 2,2026-04-08,S3055,Synthetic Student 3055,present,0,qr,8,Wednesday,10:00,4
ENG101,Technical English,Section 2,2026-04-08,S3058,Synthetic Student 3058,late,18,qr,8,Wednesday,10:00,3
ENG101,Technical English,Section 2,2026-04-08,S3062,Synthetic Student 3062,absent,0,qr,8,Wednesday,10:00,5
ENG101,Technical English,Section 2,2026-04-08,S3063,Synthetic Student 3063,present,0,qr,8,Wednesday,10:00,3
ENG101,Technical English,Section 2,2026-04-08,S3067,Synthetic Student 3067,present,0,qr,8,Wednesday,10:00,5
ENG101,Technical English,Section 2,2026-04-08,S3070,Synthetic Student 3070,late,39,qr,8,Wednesday,10:00,5
ENG101,Technical English,Section 2,2026-04-08,S3076,Synthetic Student 3076,late,29,qr,8,Wednesday,10:00,3
ENG101,Technical English,Section 2,2026-04-08,S3079,Synthetic Student 3079,present,0,qr,8,Wednesday,10:00,5
ENG101,Technical English,Section 2,2026-04-08,S3080,Synthetic Student 3080,present,0,qr,8,Wednesday,10:00,4
ENG101,Technical English,Section 2,2026-04-08,S3084,Synthetic Student 3084,present,0,qr,8,Wednesday,10:00,5
ENG101,Technical English,Section 2,2026-04-08,S3085,Synthetic Student 3085,absent,0,qr,8,Wednesday,10:00,5
MATH101,Calculus I,Section 2,2026-04-08,S3002,Synthetic Student 3002,present,0,qr,8,Wednesday,14:00,5
MATH101,Calculus I,Section 2,2026-04-08,S3003,Synthetic Student 3003,present,0,qr,8,Wednesday,14:00,3
MATH101,Calculus I,Section 2,2026-04-08,S3004,Synthetic Student 3004,present,0,qr,8,Wednesday,14:00,3
MATH101,Calculus I,Section 2,2026-04-08,S3009,Synthetic Student 3009,present,0,qr,8,Wednesday,14:00,4
MATH101,Calculus I,Section 2,2026-04-08,S3019,Synthetic Student 3019,present,0,qr,8,Wednesday,14:00,3
MATH101,Calculus I,Section 2,2026-04-08,S3024,Synthetic Student 3024,present,0,qr,8,Wednesday,14:00,5
MATH101,Calculus I,Section 2,2026-04-08,S3025,Synthetic Student 3025,present,0,qr,8,Wednesday,14:00,2
MATH101,Calculus I,Section 2,2026-04-08,S3031,Synthetic Student 3031,present,0,qr,8,Wednesday,14:00,5
MATH101,Calculus I,Section 2,2026-04-08,S3033,Synthetic Student 3033,present,0,qr,8,Wednesday,14:00,5
MATH101,Calculus I,Section 2,2026-04-08,S3034,Synthetic Student 3034,absent,0,qr,8,Wednesday,14:00,4
MATH101,Calculus I,Section 2,2026-04-08,S3039,Synthetic Student 3039,absent,0,qr,8,Wednesday,14:00,4
MATH101,Calculus I,Section 2,2026-04-08,S3040,Synthetic Student 3040,present,0,qr,8,Wednesday,14:00,5
MATH101,Calculus I,Section 2,2026-04-08,S3041,Synthetic Student 3041,absent,0,qr,8,Wednesday,14:00,5
MATH101,Calculus I,Section 2,2026-04-08,S3042,Synthetic Student 3042,present,0,qr,8,Wednesday,14:00,5
MATH101,Calculus I,Section 2,2026-04-08,S3046,Synthetic Student 3046,absent,0,qr,8,Wednesday,14:00,3
MATH101,Calculus I,Section 2,2026-04-08,S3049,Synthetic Student 3049,present,0,qr,8,Wednesday,14:00,4
MATH101,Calculus I,Section 2,2026-04-08,S3051,Synthetic Student 3051,present,0,qr,8,Wednesday,14:00,5
MATH101,Calculus I,Section 2,2026-04-08,S3052,Synthetic Student 3052,absent,0,qr,8,Wednesday,14:00,2
MATH101,Calculus I,Section 2,2026-04-08,S3053,Synthetic Student 3053,absent,0,qr,8,Wednesday,14:00,2
MATH101,Calculus I,Section 2,2026-04-08,S3055,Synthetic Student 3055,present,0,qr,8,Wednesday,14:00,4
MATH101,Calculus I,Section 2,2026-04-08,S3056,Synthetic Student 3056,present,0,qr,8,Wednesday,14:00,4
MATH101,Calculus I,Section 2,2026-04-08,S3062,Synthetic Student 3062,absent,0,qr,8,Wednesday,14:00,5
MATH101,Calculus I,Section 2,2026-04-08,S3065,Synthetic Student 3065,present,0,qr,8,Wednesday,14:00,2
MATH101,Calculus I,Section 2,2026-04-08,S3066,Synthetic Student 3066,absent,0,qr,8,Wednesday,14:00,3
MATH101,Calculus I,Section 2,2026-04-08,S3068,Synthetic Student 3068,present,0,qr,8,Wednesday,14:00,5
MATH101,Calculus I,Section 2,2026-04-08,S3070,Synthetic Student 3070,absent,0,qr,8,Wednesday,14:00,5
MATH101,Calculus I,Section 2,2026-04-08,S3077,Synthetic Student 3077,present,0,qr,8,Wednesday,14:00,3
MATH101,Calculus I,Section 2,2026-04-08,S3082,Synthetic Student 3082,absent,0,qr,8,Wednesday,14:00,2
MATH101,Calculus I,Section 2,2026-04-08,S3083,Synthetic Student 3083,late,18,qr,8,Wednesday,14:00,5
MATH101,Calculus I,Section 2,2026-04-08,S3085,Synthetic Student 3085,present,0,qr,8,Wednesday,14:00,5
MATH101,Calculus I,Section 2,2026-04-08,S3087,Synthetic Student 3087,present,0,qr,8,Wednesday,14:00,3
MATH101,Calculus I,Section 2,2026-04-08,S3089,Synthetic Student 3089,present,0,qr,8,Wednesday,14:00,2
CS101,Intro to Programming,Section 1,2026-04-09,S3004,Synthetic Student 3004,present,0,qr,8,Thursday,08:00,3
CS101,Intro to Programming,Section 1,2026-04-09,S3007,Synthetic Student 3007,present,0,qr,8,Thursday,08:00,2
CS101,Intro to Programming,Section 1,2026-04-09,S3008,Synthetic Student 3008,absent,0,qr,8,Thursday,08:00,4
CS101,Intro to Programming,Section 1,2026-04-09,S3010,Synthetic Student 3010,late,29,qr,8,Thursday,08:00,5
CS101,Intro to Programming,Section 1,2026-04-09,S3012,Synthetic Student 3012,absent,0,qr,8,Thursday,08:00,5
CS101,Intro to Programming,Section 1,2026-04-09,S3014,Synthetic Student 3014,present,0,qr,8,Thursday,08:00,2
CS101,Intro to Programming,Section 1,2026-04-09,S3020,Synthetic Student 3020,absent,0,qr,8,Thursday,08:00,2
CS101,Intro to Programming,Section 1,2026-04-09,S3022,Synthetic Student 3022,present,0,qr,8,Thursday,08:00,3
CS101,Intro to Programming,Section 1,2026-04-09,S3024,Synthetic Student 3024,absent,0,qr,8,Thursday,08:00,5
CS101,Intro to Programming,Section 1,2026-04-09,S3030,Synthetic Student 3030,present,0,qr,8,Thursday,08:00,3
CS101,Intro to Programming,Section 1,2026-04-09,S3031,Synthetic Student 3031,present,0,qr,8,Thursday,08:00,5
CS101,Intro to Programming,Section 1,2026-04-09,S3032,Synthetic Student 3032,absent,0,qr,8,Thursday,08:00,5
CS101,Intro to Programming,Section 1,2026-04-09,S3034,Synthetic Student 3034,present,0,qr,8,Thursday,08:00,4
CS101,Intro to Programming,Section 1,2026-04-09,S3036,Synthetic Student 3036,absent,0,qr,8,Thursday,08:00,4
CS101,Intro to Programming,Section 1,2026-04-09,S3038,Synthetic Student 3038,present,0,qr,8,Thursday,08:00,4
CS101,Intro to Programming,Section 1,2026-04-09,S3041,Synthetic Student 3041,present,0,qr,8,Thursday,08:00,5
CS101,Intro to Programming,Section 1,2026-04-09,S3045,Synthetic Student 3045,present,0,qr,8,Thursday,08:00,5
CS101,Intro to Programming,Section 1,2026-04-09,S3056,Synthetic Student 3056,absent,0,qr,8,Thursday,08:00,4
CS101,Intro to Programming,Section 1,2026-04-09,S3058,Synthetic Student 3058,present,0,qr,8,Thursday,08:00,3
CS101,Intro to Programming,Section 1,2026-04-09,S3059,Synthetic Student 3059,absent,0,qr,8,Thursday,08:00,5
CS101,Intro to Programming,Section 1,2026-04-09,S3060,Synthetic Student 3060,present,0,qr,8,Thursday,08:00,2
CS101,Intro to Programming,Section 1,2026-04-09,S3061,Synthetic Student 3061,present,0,qr,8,Thursday,08:00,4
CS101,Intro to Programming,Section 1,2026-04-09,S3063,Synthetic Student 3063,absent,0,qr,8,Thursday,08:00,3
CS101,Intro to Programming,Section 1,2026-04-09,S3068,Synthetic Student 3068,absent,0,qr,8,Thursday,08:00,5
CS101,Intro to Programming,Section 1,2026-04-09,S3071,Synthetic Student 3071,present,0,qr,8,Thursday,08:00,3
CS101,Intro to Programming,Section 1,2026-04-09,S3073,Synthetic Student 3073,present,0,qr,8,Thursday,08:00,3
CS101,Intro to Programming,Section 1,2026-04-09,S3074,Synthetic Student 3074,late,18,qr,8,Thursday,08:00,4
CS101,Intro to Programming,Section 1,2026-04-09,S3080,Synthetic Student 3080,present,0,qr,8,Thursday,08:00,4
CS101,Intro to Programming,Section 1,2026-04-09,S3082,Synthetic Student 3082,absent,0,qr,8,Thursday,08:00,2
CS101,Intro to Programming,Section 1,2026-04-09,S3086,Synthetic Student 3086,present,0,qr,8,Thursday,08:00,3
CS101,Intro to Programming,Section 1,2026-04-09,S3089,Synthetic Student 3089,present,0,qr,8,Thursday,08:00,2
MATH101,Calculus I,Section 1,2026-04-09,S3005,Synthetic Student 3005,absent,0,qr,8,Thursday,08:00,5
MATH101,Calculus I,Section 1,2026-04-09,S3007,Synthetic Student 3007,present,0,qr,8,Thursday,08:00,2
MATH101,Calculus I,Section 1,2026-04-09,S3010,Synthetic Student 3010,absent,0,qr,8,Thursday,08:00,5
MATH101,Calculus I,Section 1,2026-04-09,S3012,Synthetic Student 3012,absent,0,qr,8,Thursday,08:00,5
MATH101,Calculus I,Section 1,2026-04-09,S3013,Synthetic Student 3013,present,0,qr,8,Thursday,08:00,3
MATH101,Calculus I,Section 1,2026-04-09,S3015,Synthetic Student 3015,present,0,qr,8,Thursday,08:00,4
MATH101,Calculus I,Section 1,2026-04-09,S3016,Synthetic Student 3016,present,0,qr,8,Thursday,08:00,3
MATH101,Calculus I,Section 1,2026-04-09,S3017,Synthetic Student 3017,present,0,qr,8,Thursday,08:00,4
MATH101,Calculus I,Section 1,2026-04-09,S3018,Synthetic Student 3018,present,0,qr,8,Thursday,08:00,3
MATH101,Calculus I,Section 1,2026-04-09,S3022,Synthetic Student 3022,late,25,qr,8,Thursday,08:00,3
MATH101,Calculus I,Section 1,2026-04-09,S3023,Synthetic Student 3023,present,0,qr,8,Thursday,08:00,2
MATH101,Calculus I,Section 1,2026-04-09,S3027,Synthetic Student 3027,present,0,qr,8,Thursday,08:00,5
MATH101,Calculus I,Section 1,2026-04-09,S3028,Synthetic Student 3028,absent,0,qr,8,Thursday,08:00,3
MATH101,Calculus I,Section 1,2026-04-09,S3029,Synthetic Student 3029,present,0,qr,8,Thursday,08:00,3
MATH101,Calculus I,Section 1,2026-04-09,S3032,Synthetic Student 3032,present,0,qr,8,Thursday,08:00,5
MATH101,Calculus I,Section 1,2026-04-09,S3036,Synthetic Student 3036,absent,0,qr,8,Thursday,08:00,4
MATH101,Calculus I,Section 1,2026-04-09,S3038,Synthetic Student 3038,present,0,qr,8,Thursday,08:00,4
MATH101,Calculus I,Section 1,2026-04-09,S3043,Synthetic Student 3043,absent,0,qr,8,Thursday,08:00,4
MATH101,Calculus I,Section 1,2026-04-09,S3044,Synthetic Student 3044,absent,0,qr,8,Thursday,08:00,4
MATH101,Calculus I,Section 1,2026-04-09,S3045,Synthetic Student 3045,present,0,qr,8,Thursday,08:00,5
MATH101,Calculus I,Section 1,2026-04-09,S3048,Synthetic Student 3048,present,0,qr,8,Thursday,08:00,5
MATH101,Calculus I,Section 1,2026-04-09,S3050,Synthetic Student 3050,present,0,qr,8,Thursday,08:00,5
MATH101,Calculus I,Section 1,2026-04-09,S3054,Synthetic Student 3054,absent,0,qr,8,Thursday,08:00,5
MATH101,Calculus I,Section 1,2026-04-09,S3058,Synthetic Student 3058,present,0,qr,8,Thursday,08:00,3
MATH101,Calculus I,Section 1,2026-04-09,S3059,Synthetic Student 3059,late,29,qr,8,Thursday,08:00,5
MATH101,Calculus I,Section 1,2026-04-09,S3061,Synthetic Student 3061,present,0,qr,8,Thursday,08:00,4
MATH101,Calculus I,Section 1,2026-04-09,S3067,Synthetic Student 3067,present,0,qr,8,Thursday,08:00,5
MATH101,Calculus I,Section 1,2026-04-09,S3073,Synthetic Student 3073,present,0,qr,8,Thursday,08:00,3
MATH101,Calculus I,Section 1,2026-04-09,S3074,Synthetic Student 3074,absent,0,qr,8,Thursday,08:00,4
MATH101,Calculus I,Section 1,2026-04-09,S3076,Synthetic Student 3076,late,23,qr,8,Thursday,08:00,3
MATH101,Calculus I,Section 1,2026-04-09,S3079,Synthetic Student 3079,absent,0,qr,8,Thursday,08:00,5
MATH101,Calculus I,Section 1,2026-04-09,S3081,Synthetic Student 3081,present,0,qr,8,Thursday,08:00,5
MATH101,Calculus I,Section 1,2026-04-09,S3084,Synthetic Student 3084,present,0,qr,8,Thursday,08:00,5
MATH101,Calculus I,Section 1,2026-04-09,S3086,Synthetic Student 3086,present,0,qr,8,Thursday,08:00,3
MATH101,Calculus I,Section 1,2026-04-09,S3088,Synthetic Student 3088,absent,0,qr,8,Thursday,08:00,4
MATH101,Calculus I,Section 1,2026-04-09,S3090,Synthetic Student 3090,absent,0,qr,8,Thursday,08:00,3
CS101,Intro to Programming,Section 2,2026-04-11,S3002,Synthetic Student 3002,present,0,qr,9,Saturday,12:00,5
CS101,Intro to Programming,Section 2,2026-04-11,S3003,Synthetic Student 3003,absent,0,qr,9,Saturday,12:00,3
CS101,Intro to Programming,Section 2,2026-04-11,S3005,Synthetic Student 3005,present,0,qr,9,Saturday,12:00,5
CS101,Intro to Programming,Section 2,2026-04-11,S3006,Synthetic Student 3006,present,0,qr,9,Saturday,12:00,2
CS101,Intro to Programming,Section 2,2026-04-11,S3009,Synthetic Student 3009,present,0,qr,9,Saturday,12:00,4
CS101,Intro to Programming,Section 2,2026-04-11,S3011,Synthetic Student 3011,absent,0,qr,9,Saturday,12:00,3
CS101,Intro to Programming,Section 2,2026-04-11,S3016,Synthetic Student 3016,absent,0,qr,9,Saturday,12:00,3
CS101,Intro to Programming,Section 2,2026-04-11,S3017,Synthetic Student 3017,present,0,qr,9,Saturday,12:00,4
CS101,Intro to Programming,Section 2,2026-04-11,S3018,Synthetic Student 3018,present,0,qr,9,Saturday,12:00,3
CS101,Intro to Programming,Section 2,2026-04-11,S3019,Synthetic Student 3019,present,0,qr,9,Saturday,12:00,3
CS101,Intro to Programming,Section 2,2026-04-11,S3021,Synthetic Student 3021,present,0,qr,9,Saturday,12:00,3
CS101,Intro to Programming,Section 2,2026-04-11,S3025,Synthetic Student 3025,present,0,qr,9,Saturday,12:00,2
CS101,Intro to Programming,Section 2,2026-04-11,S3027,Synthetic Student 3027,late,40,qr,9,Saturday,12:00,5
CS101,Intro to Programming,Section 2,2026-04-11,S3029,Synthetic Student 3029,present,0,qr,9,Saturday,12:00,3
CS101,Intro to Programming,Section 2,2026-04-11,S3033,Synthetic Student 3033,late,19,qr,9,Saturday,12:00,5
CS101,Intro to Programming,Section 2,2026-04-11,S3035,Synthetic Student 3035,present,0,qr,9,Saturday,12:00,2
CS101,Intro to Programming,Section 2,2026-04-11,S3040,Synthetic Student 3040,present,0,qr,9,Saturday,12:00,5
CS101,Intro to Programming,Section 2,2026-04-11,S3042,Synthetic Student 3042,late,22,qr,9,Saturday,12:00,5
CS101,Intro to Programming,Section 2,2026-04-11,S3044,Synthetic Student 3044,present,0,qr,9,Saturday,12:00,4
CS101,Intro to Programming,Section 2,2026-04-11,S3046,Synthetic Student 3046,present,0,qr,9,Saturday,12:00,3
CS101,Intro to Programming,Section 2,2026-04-11,S3047,Synthetic Student 3047,late,23,qr,9,Saturday,12:00,2
CS101,Intro to Programming,Section 2,2026-04-11,S3048,Synthetic Student 3048,absent,0,qr,9,Saturday,12:00,5
CS101,Intro to Programming,Section 2,2026-04-11,S3049,Synthetic Student 3049,absent,0,qr,9,Saturday,12:00,4
CS101,Intro to Programming,Section 2,2026-04-11,S3050,Synthetic Student 3050,present,0,qr,9,Saturday,12:00,5
CS101,Intro to Programming,Section 2,2026-04-11,S3051,Synthetic Student 3051,late,24,qr,9,Saturday,12:00,5
CS101,Intro to Programming,Section 2,2026-04-11,S3054,Synthetic Student 3054,absent,0,qr,9,Saturday,12:00,5
CS101,Intro to Programming,Section 2,2026-04-11,S3057,Synthetic Student 3057,late,16,qr,9,Saturday,12:00,3
CS101,Intro to Programming,Section 2,2026-04-11,S3062,Synthetic Student 3062,absent,0,qr,9,Saturday,12:00,5
CS101,Intro to Programming,Section 2,2026-04-11,S3067,Synthetic Student 3067,late,24,qr,9,Saturday,12:00,5
CS101,Intro to Programming,Section 2,2026-04-11,S3070,Synthetic Student 3070,present,0,qr,9,Saturday,12:00,5
CS101,Intro to Programming,Section 2,2026-04-11,S3075,Synthetic Student 3075,present,0,qr,9,Saturday,12:00,4
CS101,Intro to Programming,Section 2,2026-04-11,S3078,Synthetic Student 3078,present,0,qr,9,Saturday,12:00,2
CS101,Intro to Programming,Section 2,2026-04-11,S3079,Synthetic Student 3079,present,0,qr,9,Saturday,12:00,5
CS101,Intro to Programming,Section 2,2026-04-11,S3081,Synthetic Student 3081,present,0,qr,9,Saturday,12:00,5
CS101,Intro to Programming,Section 2,2026-04-11,S3083,Synthetic Student 3083,present,0,qr,9,Saturday,12:00,5
CS101,Intro to Programming,Section 2,2026-04-11,S3084,Synthetic Student 3084,present,0,qr,9,Saturday,12:00,5
CS101,Intro to Programming,Section 2,2026-04-11,S3085,Synthetic Student 3085,present,0,qr,9,Saturday,12:00,5
CS101,Intro to Programming,Section 2,2026-04-11,S3087,Synthetic Student 3087,present,0,qr,9,Saturday,12:00,3
CS101,Intro to Programming,Section 2,2026-04-11,S3088,Synthetic Student 3088,late,27,qr,9,Saturday,12:00,4
PHY101,Physics I,Section 1,2026-04-11,S3001,Synthetic Student 3001,present,0,qr,9,Saturday,08:00,2
PHY101,Physics I,Section 1,2026-04-11,S3009,Synthetic Student 3009,late,30,qr,9,Saturday,08:00,4
PHY101,Physics I,Section 1,2026-04-11,S3010,Synthetic Student 3010,present,0,qr,9,Saturday,08:00,5
PHY101,Physics I,Section 1,2026-04-11,S3018,Synthetic Student 3018,absent,0,qr,9,Saturday,08:00,3
PHY101,Physics I,Section 1,2026-04-11,S3020,Synthetic Student 3020,absent,0,qr,9,Saturday,08:00,2
PHY101,Physics I,Section 1,2026-04-11,S3026,Synthetic Student 3026,absent,0,qr,9,Saturday,08:00,2
PHY101,Physics I,Section 1,2026-04-11,S3027,Synthetic Student 3027,present,0,qr,9,Saturday,08:00,5
PHY101,Physics I,Section 1,2026-04-11,S3029,Synthetic Student 3029,present,0,qr,9,Saturday,08:00,3
PHY101,Physics I,Section 1,2026-04-11,S3030,Synthetic Student 3030,late,32,qr,9,Saturday,08:00,3
PHY101,Physics I,Section 1,2026-04-11,S3033,Synthetic Student 3033,present,0,qr,9,Saturday,08:00,5
PHY101,Physics I,Section 1,2026-04-11,S3036,Synthetic Student 3036,present,0,qr,9,Saturday,08:00,4
PHY101,Physics I,Section 1,2026-04-11,S3037,Synthetic Student 3037,present,0,qr,9,Saturday,08:00,3
PHY101,Physics I,Section 1,2026-04-11,S3041,Synthetic Student 3041,absent,0,qr,9,Saturday,08:00,5
PHY101,Physics I,Section 1,2026-04-11,S3043,Synthetic Student 3043,present,0,qr,9,Saturday,08:00,4
PHY101,Physics I,Section 1,2026-04-11,S3044,Synthetic Student 3044,present,0,qr,9,Saturday,08:00,4
PHY101,Physics I,Section 1,2026-04-11,S3045,Synthetic Student 3045,absent,0,qr,9,Saturday,08:00,5
PHY101,Physics I,Section 1,2026-04-11,S3048,Synthetic Student 3048,present,0,qr,9,Saturday,08:00,5
PHY101,Physics I,Section 1,2026-04-11,S3050,Synthetic Student 3050,late,38,qr,9,Saturday,08:00,5
PHY101,Physics I,Section 1,2026-04-11,S3051,Synthetic Student 3051,present,0,qr,9,Saturday,08:00,5
PHY101,Physics I,Section 1,2026-04-11,S3054,Synthetic Student 3054,absent,0,qr,9,Saturday,08:00,5
PHY101,Physics I,Section 1,2026-04-11,S3055,Synthetic Student 3055,present,0,qr,9,Saturday,08:00,4
PHY101,Physics I,Section 1,2026-04-11,S3056,Synthetic Student 3056,present,0,qr,9,Saturday,08:00,4
PHY101,Physics I,Section 1,2026-04-11,S3057,Synthetic Student 3057,absent,0,qr,9,Saturday,08:00,3
PHY101,Physics I,Section 1,2026-04-11,S3059,Synthetic Student 3059,present,0,qr,9,Saturday,08:00,5
PHY101,Physics I,Section 1,2026-04-11,S3060,Synthetic Student 3060,late,16,qr,9,Saturday,08:00,2
PHY101,Physics I,Section 1,2026-04-11,S3061,Synthetic Student 3061,present,0,qr,9,Saturday,08:00,4
PHY101,Physics I,Section 1,2026-04-11,S3064,Synthetic Student 3064,late,28,qr,9,Saturday,08:00,2
PHY101,Physics I,Section 1,2026-04-11,S3065,Synthetic Student 3065,absent,0,qr,9,Saturday,08:00,2
PHY101,Physics I,Section 1,2026-04-11,S3066,Synthetic Student 3066,present,0,qr,9,Saturday,08:00,3
PHY101,Physics I,Section 1,2026-04-11,S3067,Synthetic Student 3067,present,0,qr,9,Saturday,08:00,5
PHY101,Physics I,Section 1,2026-04-11,S3069,Synthetic Student 3069,absent,0,qr,9,Saturday,08:00,3
PHY101,Physics I,Section 1,2026-04-11,S3071,Synthetic Student 3071,excused,0,manual,9,Saturday,08:00,3
PHY101,Physics I,Section 1,2026-04-11,S3074,Synthetic Student 3074,present,0,qr,9,Saturday,08:00,4
PHY101,Physics I,Section 1,2026-04-11,S3075,Synthetic Student 3075,present,0,qr,9,Saturday,08:00,4
PHY101,Physics I,Section 1,2026-04-11,S3077,Synthetic Student 3077,present,0,qr,9,Saturday,08:00,3
PHY101,Physics I,Section 1,2026-04-11,S3079,Synthetic Student 3079,late,32,qr,9,Saturday,08:00,5
PHY101,Physics I,Section 1,2026-04-11,S3080,Synthetic Student 3080,late,19,qr,9,Saturday,08:00,4
PHY101,Physics I,Section 1,2026-04-11,S3081,Synthetic Student 3081,present,0,qr,9,Saturday,08:00,5
PHY101,Physics I,Section 1,2026-04-11,S3090,Synthetic Student 3090,present,0,qr,9,Saturday,08:00,3
PHY101,Physics I,Section 2,2026-04-11,S3002,Synthetic Student 3002,present,0,qr,9,Saturday,10:00,5
PHY101,Physics I,Section 2,2026-04-11,S3004,Synthetic Student 3004,present,0,qr,9,Saturday,10:00,3
PHY101,Physics I,Section 2,2026-04-11,S3005,Synthetic Student 3005,present,0,qr,9,Saturday,10:00,5
PHY101,Physics I,Section 2,2026-04-11,S3008,Synthetic Student 3008,present,0,qr,9,Saturday,10:00,4
PHY101,Physics I,Section 2,2026-04-11,S3012,Synthetic Student 3012,present,0,qr,9,Saturday,10:00,5
PHY101,Physics I,Section 2,2026-04-11,S3015,Synthetic Student 3015,present,0,qr,9,Saturday,10:00,4
PHY101,Physics I,Section 2,2026-04-11,S3019,Synthetic Student 3019,present,0,qr,9,Saturday,10:00,3
PHY101,Physics I,Section 2,2026-04-11,S3022,Synthetic Student 3022,present,0,qr,9,Saturday,10:00,3
PHY101,Physics I,Section 2,2026-04-11,S3024,Synthetic Student 3024,present,0,qr,9,Saturday,10:00,5
PHY101,Physics I,Section 2,2026-04-11,S3031,Synthetic Student 3031,absent,0,qr,9,Saturday,10:00,5
PHY101,Physics I,Section 2,2026-04-11,S3032,Synthetic Student 3032,present,0,qr,9,Saturday,10:00,5
PHY101,Physics I,Section 2,2026-04-11,S3034,Synthetic Student 3034,present,0,qr,9,Saturday,10:00,4
PHY101,Physics I,Section 2,2026-04-11,S3035,Synthetic Student 3035,present,0,qr,9,Saturday,10:00,2
PHY101,Physics I,Section 2,2026-04-11,S3039,Synthetic Student 3039,present,0,qr,9,Saturday,10:00,4
PHY101,Physics I,Section 2,2026-04-11,S3040,Synthetic Student 3040,present,0,qr,9,Saturday,10:00,5
PHY101,Physics I,Section 2,2026-04-11,S3042,Synthetic Student 3042,present,0,qr,9,Saturday,10:00,5
PHY101,Physics I,Section 2,2026-04-11,S3046,Synthetic Student 3046,present,0,qr,9,Saturday,10:00,3
PHY101,Physics I,Section 2,2026-04-11,S3049,Synthetic Student 3049,absent,0,qr,9,Saturday,10:00,4
PHY101,Physics I,Section 2,2026-04-11,S3062,Synthetic Student 3062,present,0,qr,9,Saturday,10:00,5
PHY101,Physics I,Section 2,2026-04-11,S3063,Synthetic Student 3063,absent,0,qr,9,Saturday,10:00,3
PHY101,Physics I,Section 2,2026-04-11,S3068,Synthetic Student 3068,present,0,qr,9,Saturday,10:00,5
PHY101,Physics I,Section 2,2026-04-11,S3070,Synthetic Student 3070,present,0,qr,9,Saturday,10:00,5
PHY101,Physics I,Section 2,2026-04-11,S3083,Synthetic Student 3083,absent,0,qr,9,Saturday,10:00,5
PHY101,Physics I,Section 2,2026-04-11,S3084,Synthetic Student 3084,present,0,qr,9,Saturday,10:00,5
PHY101,Physics I,Section 2,2026-04-11,S3085,Synthetic Student 3085,present,0,qr,9,Saturday,10:00,5
PHY101,Physics I,Section 2,2026-04-11,S3088,Synthetic Student 3088,absent,0,qr,9,Saturday,10:00,4
CS201,Data Structures,Section 1,2026-04-12,S3005,Synthetic Student 3005,present,0,qr,9,Sunday,10:00,5
CS201,Data Structures,Section 1,2026-04-12,S3008,Synthetic Student 3008,present,0,qr,9,Sunday,10:00,4
CS201,Data Structures,Section 1,2026-04-12,S3009,Synthetic Student 3009,present,0,qr,9,Sunday,10:00,4
CS201,Data Structures,Section 1,2026-04-12,S3010,Synthetic Student 3010,present,0,qr,9,Sunday,10:00,5
CS201,Data Structures,Section 1,2026-04-12,S3012,Synthetic Student 3012,absent,0,qr,9,Sunday,10:00,5
CS201,Data Structures,Section 1,2026-04-12,S3015,Synthetic Student 3015,present,0,qr,9,Sunday,10:00,4
CS201,Data Structures,Section 1,2026-04-12,S3017,Synthetic Student 3017,absent,0,qr,9,Sunday,10:00,4
CS201,Data Structures,Section 1,2026-04-12,S3021,Synthetic Student 3021,late,32,qr,9,Sunday,10:00,3
CS201,Data Structures,Section 1,2026-04-12,S3023,Synthetic Student 3023,present,0,qr,9,Sunday,10:00,2
CS201,Data Structures,Section 1,2026-04-12,S3032,Synthetic Student 3032,present,0,qr,9,Sunday,10:00,5
CS201,Data Structures,Section 1,2026-04-12,S3033,Synthetic Student 3033,absent,0,qr,9,Sunday,10:00,5
CS201,Data Structures,Section 1,2026-04-12,S3036,Synthetic Student 3036,absent,0,qr,9,Sunday,10:00,4
CS201,Data Structures,Section 1,2026-04-12,S3037,Synthetic Student 3037,late,18,qr,9,Sunday,10:00,3
CS201,Data Structures,Section 1,2026-04-12,S3038,Synthetic Student 3038,absent,0,qr,9,Sunday,10:00,4
CS201,Data Structures,Section 1,2026-04-12,S3039,Synthetic Student 3039,present,0,qr,9,Sunday,10:00,4
CS201,Data Structures,Section 1,2026-04-12,S3040,Synthetic Student 3040,present,0,qr,9,Sunday,10:00,5
CS201,Data Structures,Section 1,2026-04-12,S3041,Synthetic Student 3041,late,24,qr,9,Sunday,10:00,5
CS201,Data Structures,Section 1,2026-04-12,S3043,Synthetic Student 3043,present,0,qr,9,Sunday,10:00,4
CS201,Data Structures,Section 1,2026-04-12,S3048,Synthetic Student 3048,present,0,qr,9,Sunday,10:00,5
CS201,Data Structures,Section 1,2026-04-12,S3053,Synthetic Student 3053,present,0,qr,9,Sunday,10:00,2
CS201,Data Structures,Section 1,2026-04-12,S3057,Synthetic Student 3057,present,0,qr,9,Sunday,10:00,3
CS201,Data Structures,Section 1,2026-04-12,S3068,Synthetic Student 3068,excused,0,manual,9,Sunday,10:00,5
CS201,Data Structures,Section 1,2026-04-12,S3070,Synthetic Student 3070,present,0,qr,9,Sunday,10:00,5
CS201,Data Structures,Section 1,2026-04-12,S3075,Synthetic Student 3075,late,33,qr,9,Sunday,10:00,4
CS201,Data Structures,Section 1,2026-04-12,S3077,Synthetic Student 3077,present,0,qr,9,Sunday,10:00,3
CS201,Data Structures,Section 1,2026-04-12,S3079,Synthetic Student 3079,absent,0,qr,9,Sunday,10:00,5
CS201,Data Structures,Section 1,2026-04-12,S3080,Synthetic Student 3080,present,0,qr,9,Sunday,10:00,4
CS201,Data Structures,Section 1,2026-04-12,S3081,Synthetic Student 3081,present,0,qr,9,Sunday,10:00,5
CS201,Data Structures,Section 1,2026-04-12,S3083,Synthetic Student 3083,present,0,qr,9,Sunday,10:00,5
CS201,Data Structures,Section 1,2026-04-12,S3085,Synthetic Student 3085,present,0,qr,9,Sunday,10:00,5
CS201,Data Structures,Section 2,2026-04-12,S3001,Synthetic Student 3001,present,0,qr,9,Sunday,08:00,2
CS201,Data Structures,Section 2,2026-04-12,S3002,Synthetic Student 3002,late,36,qr,9,Sunday,08:00,5
CS201,Data Structures,Section 2,2026-04-12,S3006,Synthetic Student 3006,present,0,qr,9,Sunday,08:00,2
CS201,Data Structures,Section 2,2026-04-12,S3011,Synthetic Student 3011,absent,0,qr,9,Sunday,08:00,3
CS201,Data Structures,Section 2,2026-04-12,S3013,Synthetic Student 3013,present,0,qr,9,Sunday,08:00,3
CS201,Data Structures,Section 2,2026-04-12,S3014,Synthetic Student 3014,absent,0,qr,9,Sunday,08:00,2
CS201,Data Structures,Section 2,2026-04-12,S3024,Synthetic Student 3024,present,0,qr,9,Sunday,08:00,5
CS201,Data Structures,Section 2,2026-04-12,S3026,Synthetic Student 3026,present,0,qr,9,Sunday,08:00,2
CS201,Data Structures,Section 2,2026-04-12,S3027,Synthetic Student 3027,present,0,qr,9,Sunday,08:00,5
CS201,Data Structures,Section 2,2026-04-12,S3028,Synthetic Student 3028,absent,0,qr,9,Sunday,08:00,3
CS201,Data Structures,Section 2,2026-04-12,S3031,Synthetic Student 3031,present,0,qr,9,Sunday,08:00,5
CS201,Data Structures,Section 2,2026-04-12,S3042,Synthetic Student 3042,present,0,qr,9,Sunday,08:00,5
CS201,Data Structures,Section 2,2026-04-12,S3045,Synthetic Student 3045,absent,0,qr,9,Sunday,08:00,5
CS201,Data Structures,Section 2,2026-04-12,S3049,Synthetic Student 3049,absent,0,qr,9,Sunday,08:00,4
CS201,Data Structures,Section 2,2026-04-12,S3050,Synthetic Student 3050,present,0,qr,9,Sunday,08:00,5
CS201,Data Structures,Section 2,2026-04-12,S3051,Synthetic Student 3051,present,0,qr,9,Sunday,08:00,5
CS201,Data Structures,Section 2,2026-04-12,S3054,Synthetic Student 3054,absent,0,qr,9,Sunday,08:00,5
CS201,Data Structures,Section 2,2026-04-12,S3055,Synthetic Student 3055,late,31,qr,9,Sunday,08:00,4
CS201,Data Structures,Section 2,2026-04-12,S3056,Synthetic Student 3056,absent,0,qr,9,Sunday,08:00,4
CS201,Data Structures,Section 2,2026-04-12,S3059,Synthetic Student 3059,late,24,qr,9,Sunday,08:00,5
CS201,Data Structures,Section 2,2026-04-12,S3061,Synthetic Student 3061,absent,0,qr,9,Sunday,08:00,4
CS201,Data Structures,Section 2,2026-04-12,S3062,Synthetic Student 3062,present,0,qr,9,Sunday,08:00,5
CS201,Data Structures,Section 2,2026-04-12,S3066,Synthetic Student 3066,present,0,qr,9,Sunday,08:00,3
CS201,Data Structures,Section 2,2026-04-12,S3067,Synthetic Student 3067,present,0,qr,9,Sunday,08:00,5
CS201,Data Structures,Section 2,2026-04-12,S3069,Synthetic Student 3069,late,38,qr,9,Sunday,08:00,3
CS201,Data Structures,Section 2,2026-04-12,S3072,Synthetic Student 3072,present,0,qr,9,Sunday,08:00,2
CS201,Data Structures,Section 2,2026-04-12,S3073,Synthetic Student 3073,absent,0,qr,9,Sunday,08:00,3
CS201,Data Structures,Section 2,2026-04-12,S3074,Synthetic Student 3074,absent,0,qr,9,Sunday,08:00,4
CS201,Data Structures,Section 2,2026-04-12,S3076,Synthetic Student 3076,present,0,qr,9,Sunday,08:00,3
CS201,Data Structures,Section 2,2026-04-12,S3084,Synthetic Student 3084,late,19,qr,9,Sunday,08:00,5
CS201,Data Structures,Section 2,2026-04-12,S3087,Synthetic Student 3087,present,0,qr,9,Sunday,08:00,3
CS201,Data Structures,Section 2,2026-04-12,S3088,Synthetic Student 3088,absent,0,qr,9,Sunday,08:00,4
ENG101,Technical English,Section 1,2026-04-12,S3002,Synthetic Student 3002,absent,0,qr,9,Sunday,08:00,5
ENG101,Technical English,Section 1,2026-04-12,S3005,Synthetic Student 3005,absent,0,qr,9,Sunday,08:00,5
ENG101,Technical English,Section 1,2026-04-12,S3010,Synthetic Student 3010,absent,0,qr,9,Sunday,08:00,5
ENG101,Technical English,Section 1,2026-04-12,S3011,Synthetic Student 3011,absent,0,qr,9,Sunday,08:00,3
ENG101,Technical English,Section 1,2026-04-12,S3013,Synthetic Student 3013,present,0,qr,9,Sunday,08:00,3
ENG101,Technical English,Section 1,2026-04-12,S3015,Synthetic Student 3015,absent,0,qr,9,Sunday,08:00,4
ENG101,Technical English,Section 1,2026-04-12,S3017,Synthetic Student 3017,present,0,qr,9,Sunday,08:00,4
ENG101,Technical English,Section 1,2026-04-12,S3021,Synthetic Student 3021,absent,0,qr,9,Sunday,08:00,3
ENG101,Technical English,Section 1,2026-04-12,S3030,Synthetic Student 3030,absent,0,qr,9,Sunday,08:00,3
ENG101,Technical English,Section 1,2026-04-12,S3032,Synthetic Student 3032,present,0,qr,9,Sunday,08:00,5
ENG101,Technical English,Section 1,2026-04-12,S3034,Synthetic Student 3034,present,0,qr,9,Sunday,08:00,4
ENG101,Technical English,Section 1,2026-04-12,S3037,Synthetic Student 3037,present,0,qr,9,Sunday,08:00,3
ENG101,Technical English,Section 1,2026-04-12,S3040,Synthetic Student 3040,present,0,qr,9,Sunday,08:00,5
ENG101,Technical English,Section 1,2026-04-12,S3041,Synthetic Student 3041,absent,0,qr,9,Sunday,08:00,5
ENG101,Technical English,Section 1,2026-04-12,S3044,Synthetic Student 3044,present,0,qr,9,Sunday,08:00,4
ENG101,Technical English,Section 1,2026-04-12,S3045,Synthetic Student 3045,late,29,qr,9,Sunday,08:00,5
ENG101,Technical English,Section 1,2026-04-12,S3048,Synthetic Student 3048,present,0,qr,9,Sunday,08:00,5
ENG101,Technical English,Section 1,2026-04-12,S3050,Synthetic Student 3050,late,20,qr,9,Sunday,08:00,5
ENG101,Technical English,Section 1,2026-04-12,S3054,Synthetic Student 3054,absent,0,qr,9,Sunday,08:00,5
ENG101,Technical English,Section 1,2026-04-12,S3059,Synthetic Student 3059,late,24,qr,9,Sunday,08:00,5
ENG101,Technical English,Section 1,2026-04-12,S3064,Synthetic Student 3064,late,16,qr,9,Sunday,08:00,2
ENG101,Technical English,Section 1,2026-04-12,S3068,Synthetic Student 3068,absent,0,qr,9,Sunday,08:00,5
ENG101,Technical English,Section 1,2026-04-12,S3069,Synthetic Student 3069,present,0,qr,9,Sunday,08:00,3
ENG101,Technical English,Section 1,2026-04-12,S3071,Synthetic Student 3071,absent,0,qr,9,Sunday,08:00,3
ENG101,Technical English,Section 1,2026-04-12,S3072,Synthetic Student 3072,present,0,qr,9,Sunday,08:00,2
ENG101,Technical English,Section 1,2026-04-12,S3075,Synthetic Student 3075,late,36,qr,9,Sunday,08:00,4
ENG101,Technical English,Section 1,2026-04-12,S3078,Synthetic Student 3078,absent,0,qr,9,Sunday,08:00,2
ENG101,Technical English,Section 1,2026-04-12,S3081,Synthetic Student 3081,absent,0,qr,9,Sunday,08:00,5
ENG101,Technical English,Section 1,2026-04-12,S3083,Synthetic Student 3083,present,0,qr,9,Sunday,08:00,5
ENG101,Technical English,Section 1,2026-04-12,S3086,Synthetic Student 3086,present,0,qr,9,Sunday,08:00,3
ENG101,Technical English,Section 1,2026-04-12,S3090,Synthetic Student 3090,present,0,qr,9,Sunday,08:00,3
ENG101,Technical English,Section 2,2026-04-15,S3003,Synthetic Student 3003,present,0,qr,9,Wednesday,10:00,3
ENG101,Technical English,Section 2,2026-04-15,S3008,Synthetic Student 3008,present,0,qr,9,Wednesday,10:00,4
ENG101,Technical English,Section 2,2026-04-15,S3012,Synthetic Student 3012,present,0,qr,9,Wednesday,10:00,5
ENG101,Technical English,Section 2,2026-04-15,S3016,Synthetic Student 3016,present,0,qr,9,Wednesday,10:00,3
ENG101,Technical English,Section 2,2026-04-15,S3024,Synthetic Student 3024,present,0,qr,9,Wednesday,10:00,5
ENG101,Technical English,Section 2,2026-04-15,S3027,Synthetic Student 3027,present,0,qr,9,Wednesday,10:00,5
ENG101,Technical English,Section 2,2026-04-15,S3028,Synthetic Student 3028,present,0,qr,9,Wednesday,10:00,3
ENG101,Technical English,Section 2,2026-04-15,S3031,Synthetic Student 3031,present,0,qr,9,Wednesday,10:00,5
ENG101,Technical English,Section 2,2026-04-15,S3033,Synthetic Student 3033,present,0,qr,9,Wednesday,10:00,5
ENG101,Technical English,Section 2,2026-04-15,S3038,Synthetic Student 3038,present,0,qr,9,Wednesday,10:00,4
ENG101,Technical English,Section 2,2026-04-15,S3039,Synthetic Student 3039,late,39,qr,9,Wednesday,10:00,4
ENG101,Technical English,Section 2,2026-04-15,S3042,Synthetic Student 3042,absent,0,qr,9,Wednesday,10:00,5
ENG101,Technical English,Section 2,2026-04-15,S3043,Synthetic Student 3043,present,0,qr,9,Wednesday,10:00,4
ENG101,Technical English,Section 2,2026-04-15,S3047,Synthetic Student 3047,present,0,qr,9,Wednesday,10:00,2
ENG101,Technical English,Section 2,2026-04-15,S3051,Synthetic Student 3051,present,0,qr,9,Wednesday,10:00,5
ENG101,Technical English,Section 2,2026-04-15,S3052,Synthetic Student 3052,late,39,qr,9,Wednesday,10:00,2
ENG101,Technical English,Section 2,2026-04-15,S3055,Synthetic Student 3055,late,32,qr,9,Wednesday,10:00,4
ENG101,Technical English,Section 2,2026-04-15,S3058,Synthetic Student 3058,present,0,qr,9,Wednesday,10:00,3
ENG101,Technical English,Section 2,2026-04-15,S3062,Synthetic Student 3062,late,17,qr,9,Wednesday,10:00,5
ENG101,Technical English,Section 2,2026-04-15,S3063,Synthetic Student 3063,absent,0,qr,9,Wednesday,10:00,3
ENG101,Technical English,Section 2,2026-04-15,S3067,Synthetic Student 3067,present,0,qr,9,Wednesday,10:00,5
ENG101,Technical English,Section 2,2026-04-15,S3070,Synthetic Student 3070,present,0,qr,9,Wednesday,10:00,5
ENG101,Technical English,Section 2,2026-04-15,S3076,Synthetic Student 3076,present,0,qr,9,Wednesday,10:00,3
ENG101,Technical English,Section 2,2026-04-15,S3079,Synthetic Student 3079,absent,0,qr,9,Wednesday,10:00,5
ENG101,Technical English,Section 2,2026-04-15,S3080,Synthetic Student 3080,present,0,qr,9,Wednesday,10:00,4
ENG101,Technical English,Section 2,2026-04-15,S3084,Synthetic Student 3084,present,0,qr,9,Wednesday,10:00,5
ENG101,Technical English,Section 2,2026-04-15,S3085,Synthetic Student 3085,present,0,qr,9,Wednesday,10:00,5
MATH101,Calculus I,Section 2,2026-04-15,S3002,Synthetic Student 3002,present,0,qr,9,Wednesday,14:00,5
MATH101,Calculus I,Section 2,2026-04-15,S3003,Synthetic Student 3003,absent,0,qr,9,Wednesday,14:00,3
MATH101,Calculus I,Section 2,2026-04-15,S3004,Synthetic Student 3004,present,0,qr,9,Wednesday,14:00,3
MATH101,Calculus I,Section 2,2026-04-15,S3009,Synthetic Student 3009,present,0,qr,9,Wednesday,14:00,4
MATH101,Calculus I,Section 2,2026-04-15,S3019,Synthetic Student 3019,present,0,qr,9,Wednesday,14:00,3
MATH101,Calculus I,Section 2,2026-04-15,S3024,Synthetic Student 3024,absent,0,qr,9,Wednesday,14:00,5
MATH101,Calculus I,Section 2,2026-04-15,S3025,Synthetic Student 3025,excused,0,manual,9,Wednesday,14:00,2
MATH101,Calculus I,Section 2,2026-04-15,S3031,Synthetic Student 3031,present,0,qr,9,Wednesday,14:00,5
MATH101,Calculus I,Section 2,2026-04-15,S3033,Synthetic Student 3033,absent,0,qr,9,Wednesday,14:00,5
MATH101,Calculus I,Section 2,2026-04-15,S3034,Synthetic Student 3034,absent,0,qr,9,Wednesday,14:00,4
MATH101,Calculus I,Section 2,2026-04-15,S3039,Synthetic Student 3039,late,29,qr,9,Wednesday,14:00,4
MATH101,Calculus I,Section 2,2026-04-15,S3040,Synthetic Student 3040,present,0,qr,9,Wednesday,14:00,5
MATH101,Calculus I,Section 2,2026-04-15,S3041,Synthetic Student 3041,absent,0,qr,9,Wednesday,14:00,5
MATH101,Calculus I,Section 2,2026-04-15,S3042,Synthetic Student 3042,present,0,qr,9,Wednesday,14:00,5
MATH101,Calculus I,Section 2,2026-04-15,S3046,Synthetic Student 3046,present,0,qr,9,Wednesday,14:00,3
MATH101,Calculus I,Section 2,2026-04-15,S3049,Synthetic Student 3049,excused,0,manual,9,Wednesday,14:00,4
MATH101,Calculus I,Section 2,2026-04-15,S3051,Synthetic Student 3051,present,0,qr,9,Wednesday,14:00,5
MATH101,Calculus I,Section 2,2026-04-15,S3052,Synthetic Student 3052,absent,0,qr,9,Wednesday,14:00,2
MATH101,Calculus I,Section 2,2026-04-15,S3053,Synthetic Student 3053,absent,0,qr,9,Wednesday,14:00,2
MATH101,Calculus I,Section 2,2026-04-15,S3055,Synthetic Student 3055,absent,0,qr,9,Wednesday,14:00,4
MATH101,Calculus I,Section 2,2026-04-15,S3056,Synthetic Student 3056,present,0,qr,9,Wednesday,14:00,4
MATH101,Calculus I,Section 2,2026-04-15,S3062,Synthetic Student 3062,late,23,qr,9,Wednesday,14:00,5
MATH101,Calculus I,Section 2,2026-04-15,S3065,Synthetic Student 3065,present,0,qr,9,Wednesday,14:00,2
MATH101,Calculus I,Section 2,2026-04-15,S3066,Synthetic Student 3066,present,0,qr,9,Wednesday,14:00,3
MATH101,Calculus I,Section 2,2026-04-15,S3068,Synthetic Student 3068,absent,0,qr,9,Wednesday,14:00,5
MATH101,Calculus I,Section 2,2026-04-15,S3070,Synthetic Student 3070,present,0,qr,9,Wednesday,14:00,5
MATH101,Calculus I,Section 2,2026-04-15,S3077,Synthetic Student 3077,present,0,qr,9,Wednesday,14:00,3
MATH101,Calculus I,Section 2,2026-04-15,S3082,Synthetic Student 3082,absent,0,qr,9,Wednesday,14:00,2
MATH101,Calculus I,Section 2,2026-04-15,S3083,Synthetic Student 3083,present,0,qr,9,Wednesday,14:00,5
MATH101,Calculus I,Section 2,2026-04-15,S3085,Synthetic Student 3085,present,0,qr,9,Wednesday,14:00,5
MATH101,Calculus I,Section 2,2026-04-15,S3087,Synthetic Student 3087,absent,0,qr,9,Wednesday,14:00,3
MATH101,Calculus I,Section 2,2026-04-15,S3089,Synthetic Student 3089,present,0,qr,9,Wednesday,14:00,2
CS101,Intro to Programming,Section 1,2026-04-16,S3004,Synthetic Student 3004,present,0,qr,9,Thursday,08:00,3
CS101,Intro to Programming,Section 1,2026-04-16,S3007,Synthetic Student 3007,present,0,qr,9,Thursday,08:00,2
CS101,Intro to Programming,Section 1,2026-04-16,S3008,Synthetic Student 3008,present,0,qr,9,Thursday,08:00,4
CS101,Intro to Programming,Section 1,2026-04-16,S3010,Synthetic Student 3010,present,0,qr,9,Thursday,08:00,5
CS101,Intro to Programming,Section 1,2026-04-16,S3012,Synthetic Student 3012,late,22,qr,9,Thursday,08:00,5
CS101,Intro to Programming,Section 1,2026-04-16,S3014,Synthetic Student 3014,absent,0,qr,9,Thursday,08:00,2
CS101,Intro to Programming,Section 1,2026-04-16,S3020,Synthetic Student 3020,absent,0,qr,9,Thursday,08:00,2
CS101,Intro to Programming,Section 1,2026-04-16,S3022,Synthetic Student 3022,absent,0,qr,9,Thursday,08:00,3
CS101,Intro to Programming,Section 1,2026-04-16,S3024,Synthetic Student 3024,excused,0,manual,9,Thursday,08:00,5
CS101,Intro to Programming,Section 1,2026-04-16,S3030,Synthetic Student 3030,present,0,qr,9,Thursday,08:00,3
CS101,Intro to Programming,Section 1,2026-04-16,S3031,Synthetic Student 3031,absent,0,qr,9,Thursday,08:00,5
CS101,Intro to Programming,Section 1,2026-04-16,S3032,Synthetic Student 3032,present,0,qr,9,Thursday,08:00,5
CS101,Intro to Programming,Section 1,2026-04-16,S3034,Synthetic Student 3034,absent,0,qr,9,Thursday,08:00,4
CS101,Intro to Programming,Section 1,2026-04-16,S3036,Synthetic Student 3036,absent,0,qr,9,Thursday,08:00,4
CS101,Intro to Programming,Section 1,2026-04-16,S3038,Synthetic Student 3038,present,0,qr,9,Thursday,08:00,4
CS101,Intro to Programming,Section 1,2026-04-16,S3041,Synthetic Student 3041,present,0,qr,9,Thursday,08:00,5
CS101,Intro to Programming,Section 1,2026-04-16,S3045,Synthetic Student 3045,present,0,qr,9,Thursday,08:00,5
CS101,Intro to Programming,Section 1,2026-04-16,S3056,Synthetic Student 3056,present,0,qr,9,Thursday,08:00,4
CS101,Intro to Programming,Section 1,2026-04-16,S3058,Synthetic Student 3058,present,0,qr,9,Thursday,08:00,3
CS101,Intro to Programming,Section 1,2026-04-16,S3059,Synthetic Student 3059,present,0,qr,9,Thursday,08:00,5
CS101,Intro to Programming,Section 1,2026-04-16,S3060,Synthetic Student 3060,present,0,qr,9,Thursday,08:00,2
CS101,Intro to Programming,Section 1,2026-04-16,S3061,Synthetic Student 3061,absent,0,qr,9,Thursday,08:00,4
CS101,Intro to Programming,Section 1,2026-04-16,S3063,Synthetic Student 3063,present,0,qr,9,Thursday,08:00,3
CS101,Intro to Programming,Section 1,2026-04-16,S3068,Synthetic Student 3068,present,0,qr,9,Thursday,08:00,5
CS101,Intro to Programming,Section 1,2026-04-16,S3071,Synthetic Student 3071,absent,0,qr,9,Thursday,08:00,3
CS101,Intro to Programming,Section 1,2026-04-16,S3073,Synthetic Student 3073,absent,0,qr,9,Thursday,08:00,3
CS101,Intro to Programming,Section 1,2026-04-16,S3074,Synthetic Student 3074,present,0,qr,9,Thursday,08:00,4
CS101,Intro to Programming,Section 1,2026-04-16,S3080,Synthetic Student 3080,present,0,qr,9,Thursday,08:00,4
CS101,Intro to Programming,Section 1,2026-04-16,S3082,Synthetic Student 3082,present,0,qr,9,Thursday,08:00,2
CS101,Intro to Programming,Section 1,2026-04-16,S3086,Synthetic Student 3086,present,0,qr,9,Thursday,08:00,3
CS101,Intro to Programming,Section 1,2026-04-16,S3089,Synthetic Student 3089,late,25,qr,9,Thursday,08:00,2
MATH101,Calculus I,Section 1,2026-04-16,S3005,Synthetic Student 3005,present,0,manual,9,Thursday,08:00,5
MATH101,Calculus I,Section 1,2026-04-16,S3007,Synthetic Student 3007,late,20,qr,9,Thursday,08:00,2
MATH101,Calculus I,Section 1,2026-04-16,S3010,Synthetic Student 3010,present,0,qr,9,Thursday,08:00,5
MATH101,Calculus I,Section 1,2026-04-16,S3012,Synthetic Student 3012,absent,0,qr,9,Thursday,08:00,5
MATH101,Calculus I,Section 1,2026-04-16,S3013,Synthetic Student 3013,present,0,qr,9,Thursday,08:00,3
MATH101,Calculus I,Section 1,2026-04-16,S3015,Synthetic Student 3015,present,0,qr,9,Thursday,08:00,4
MATH101,Calculus I,Section 1,2026-04-16,S3016,Synthetic Student 3016,present,0,qr,9,Thursday,08:00,3
MATH101,Calculus I,Section 1,2026-04-16,S3017,Synthetic Student 3017,absent,0,qr,9,Thursday,08:00,4
MATH101,Calculus I,Section 1,2026-04-16,S3018,Synthetic Student 3018,absent,0,qr,9,Thursday,08:00,3
MATH101,Calculus I,Section 1,2026-04-16,S3022,Synthetic Student 3022,present,0,qr,9,Thursday,08:00,3
MATH101,Calculus I,Section 1,2026-04-16,S3023,Synthetic Student 3023,present,0,qr,9,Thursday,08:00,2
MATH101,Calculus I,Section 1,2026-04-16,S3027,Synthetic Student 3027,absent,0,qr,9,Thursday,08:00,5
MATH101,Calculus I,Section 1,2026-04-16,S3028,Synthetic Student 3028,absent,0,qr,9,Thursday,08:00,3
MATH101,Calculus I,Section 1,2026-04-16,S3029,Synthetic Student 3029,present,0,qr,9,Thursday,08:00,3
MATH101,Calculus I,Section 1,2026-04-16,S3032,Synthetic Student 3032,present,0,qr,9,Thursday,08:00,5
MATH101,Calculus I,Section 1,2026-04-16,S3036,Synthetic Student 3036,excused,0,manual,9,Thursday,08:00,4
MATH101,Calculus I,Section 1,2026-04-16,S3038,Synthetic Student 3038,present,0,qr,9,Thursday,08:00,4
MATH101,Calculus I,Section 1,2026-04-16,S3043,Synthetic Student 3043,absent,0,qr,9,Thursday,08:00,4
MATH101,Calculus I,Section 1,2026-04-16,S3044,Synthetic Student 3044,present,0,qr,9,Thursday,08:00,4
MATH101,Calculus I,Section 1,2026-04-16,S3045,Synthetic Student 3045,present,0,qr,9,Thursday,08:00,5
MATH101,Calculus I,Section 1,2026-04-16,S3048,Synthetic Student 3048,present,0,qr,9,Thursday,08:00,5
MATH101,Calculus I,Section 1,2026-04-16,S3050,Synthetic Student 3050,present,0,qr,9,Thursday,08:00,5
MATH101,Calculus I,Section 1,2026-04-16,S3054,Synthetic Student 3054,present,0,qr,9,Thursday,08:00,5
MATH101,Calculus I,Section 1,2026-04-16,S3058,Synthetic Student 3058,present,0,qr,9,Thursday,08:00,3
MATH101,Calculus I,Section 1,2026-04-16,S3059,Synthetic Student 3059,absent,0,qr,9,Thursday,08:00,5
MATH101,Calculus I,Section 1,2026-04-16,S3061,Synthetic Student 3061,late,36,qr,9,Thursday,08:00,4
MATH101,Calculus I,Section 1,2026-04-16,S3067,Synthetic Student 3067,present,0,qr,9,Thursday,08:00,5
MATH101,Calculus I,Section 1,2026-04-16,S3073,Synthetic Student 3073,present,0,qr,9,Thursday,08:00,3
MATH101,Calculus I,Section 1,2026-04-16,S3074,Synthetic Student 3074,present,0,qr,9,Thursday,08:00,4
MATH101,Calculus I,Section 1,2026-04-16,S3076,Synthetic Student 3076,present,0,qr,9,Thursday,08:00,3
MATH101,Calculus I,Section 1,2026-04-16,S3079,Synthetic Student 3079,present,0,qr,9,Thursday,08:00,5
MATH101,Calculus I,Section 1,2026-04-16,S3081,Synthetic Student 3081,present,0,qr,9,Thursday,08:00,5
MATH101,Calculus I,Section 1,2026-04-16,S3084,Synthetic Student 3084,present,0,qr,9,Thursday,08:00,5
MATH101,Calculus I,Section 1,2026-04-16,S3086,Synthetic Student 3086,late,31,qr,9,Thursday,08:00,3
MATH101,Calculus I,Section 1,2026-04-16,S3088,Synthetic Student 3088,present,0,qr,9,Thursday,08:00,4
MATH101,Calculus I,Section 1,2026-04-16,S3090,Synthetic Student 3090,present,0,qr,9,Thursday,08:00,3
CS101,Intro to Programming,Section 2,2026-04-18,S3002,Synthetic Student 3002,present,0,qr,10,Saturday,12:00,5
CS101,Intro to Programming,Section 2,2026-04-18,S3003,Synthetic Student 3003,present,0,qr,10,Saturday,12:00,3
CS101,Intro to Programming,Section 2,2026-04-18,S3005,Synthetic Student 3005,excused,0,manual,10,Saturday,12:00,5
CS101,Intro to Programming,Section 2,2026-04-18,S3006,Synthetic Student 3006,absent,0,qr,10,Saturday,12:00,2
CS101,Intro to Programming,Section 2,2026-04-18,S3009,Synthetic Student 3009,present,0,qr,10,Saturday,12:00,4
CS101,Intro to Programming,Section 2,2026-04-18,S3011,Synthetic Student 3011,present,0,qr,10,Saturday,12:00,3
CS101,Intro to Programming,Section 2,2026-04-18,S3016,Synthetic Student 3016,absent,0,qr,10,Saturday,12:00,3
CS101,Intro to Programming,Section 2,2026-04-18,S3017,Synthetic Student 3017,present,0,qr,10,Saturday,12:00,4
CS101,Intro to Programming,Section 2,2026-04-18,S3018,Synthetic Student 3018,present,0,qr,10,Saturday,12:00,3
CS101,Intro to Programming,Section 2,2026-04-18,S3019,Synthetic Student 3019,present,0,qr,10,Saturday,12:00,3
CS101,Intro to Programming,Section 2,2026-04-18,S3021,Synthetic Student 3021,present,0,qr,10,Saturday,12:00,3
CS101,Intro to Programming,Section 2,2026-04-18,S3025,Synthetic Student 3025,present,0,qr,10,Saturday,12:00,2
CS101,Intro to Programming,Section 2,2026-04-18,S3027,Synthetic Student 3027,present,0,qr,10,Saturday,12:00,5
CS101,Intro to Programming,Section 2,2026-04-18,S3029,Synthetic Student 3029,present,0,qr,10,Saturday,12:00,3
CS101,Intro to Programming,Section 2,2026-04-18,S3033,Synthetic Student 3033,present,0,qr,10,Saturday,12:00,5
CS101,Intro to Programming,Section 2,2026-04-18,S3035,Synthetic Student 3035,present,0,qr,10,Saturday,12:00,2
CS101,Intro to Programming,Section 2,2026-04-18,S3040,Synthetic Student 3040,present,0,qr,10,Saturday,12:00,5
CS101,Intro to Programming,Section 2,2026-04-18,S3042,Synthetic Student 3042,present,0,qr,10,Saturday,12:00,5
CS101,Intro to Programming,Section 2,2026-04-18,S3044,Synthetic Student 3044,absent,0,qr,10,Saturday,12:00,4
CS101,Intro to Programming,Section 2,2026-04-18,S3046,Synthetic Student 3046,absent,0,qr,10,Saturday,12:00,3
CS101,Intro to Programming,Section 2,2026-04-18,S3047,Synthetic Student 3047,absent,0,qr,10,Saturday,12:00,2
CS101,Intro to Programming,Section 2,2026-04-18,S3048,Synthetic Student 3048,present,0,qr,10,Saturday,12:00,5
CS101,Intro to Programming,Section 2,2026-04-18,S3049,Synthetic Student 3049,present,0,qr,10,Saturday,12:00,4
CS101,Intro to Programming,Section 2,2026-04-18,S3050,Synthetic Student 3050,present,0,qr,10,Saturday,12:00,5
CS101,Intro to Programming,Section 2,2026-04-18,S3051,Synthetic Student 3051,present,0,qr,10,Saturday,12:00,5
CS101,Intro to Programming,Section 2,2026-04-18,S3054,Synthetic Student 3054,present,0,qr,10,Saturday,12:00,5
CS101,Intro to Programming,Section 2,2026-04-18,S3057,Synthetic Student 3057,present,0,qr,10,Saturday,12:00,3
CS101,Intro to Programming,Section 2,2026-04-18,S3062,Synthetic Student 3062,absent,0,qr,10,Saturday,12:00,5
CS101,Intro to Programming,Section 2,2026-04-18,S3067,Synthetic Student 3067,absent,0,qr,10,Saturday,12:00,5
CS101,Intro to Programming,Section 2,2026-04-18,S3070,Synthetic Student 3070,present,0,qr,10,Saturday,12:00,5
CS101,Intro to Programming,Section 2,2026-04-18,S3075,Synthetic Student 3075,present,0,qr,10,Saturday,12:00,4
CS101,Intro to Programming,Section 2,2026-04-18,S3078,Synthetic Student 3078,present,0,qr,10,Saturday,12:00,2
CS101,Intro to Programming,Section 2,2026-04-18,S3079,Synthetic Student 3079,present,0,qr,10,Saturday,12:00,5
CS101,Intro to Programming,Section 2,2026-04-18,S3081,Synthetic Student 3081,absent,0,qr,10,Saturday,12:00,5
CS101,Intro to Programming,Section 2,2026-04-18,S3083,Synthetic Student 3083,present,0,qr,10,Saturday,12:00,5
CS101,Intro to Programming,Section 2,2026-04-18,S3084,Synthetic Student 3084,present,0,qr,10,Saturday,12:00,5
CS101,Intro to Programming,Section 2,2026-04-18,S3085,Synthetic Student 3085,present,0,qr,10,Saturday,12:00,5
CS101,Intro to Programming,Section 2,2026-04-18,S3087,Synthetic Student 3087,present,0,qr,10,Saturday,12:00,3
CS101,Intro to Programming,Section 2,2026-04-18,S3088,Synthetic Student 3088,late,39,qr,10,Saturday,12:00,4
PHY101,Physics I,Section 1,2026-04-18,S3001,Synthetic Student 3001,present,0,qr,10,Saturday,08:00,2
PHY101,Physics I,Section 1,2026-04-18,S3009,Synthetic Student 3009,present,0,qr,10,Saturday,08:00,4
PHY101,Physics I,Section 1,2026-04-18,S3010,Synthetic Student 3010,present,0,qr,10,Saturday,08:00,5
PHY101,Physics I,Section 1,2026-04-18,S3018,Synthetic Student 3018,present,0,qr,10,Saturday,08:00,3
PHY101,Physics I,Section 1,2026-04-18,S3020,Synthetic Student 3020,absent,0,qr,10,Saturday,08:00,2
PHY101,Physics I,Section 1,2026-04-18,S3026,Synthetic Student 3026,excused,0,manual,10,Saturday,08:00,2
PHY101,Physics I,Section 1,2026-04-18,S3027,Synthetic Student 3027,present,0,qr,10,Saturday,08:00,5
PHY101,Physics I,Section 1,2026-04-18,S3029,Synthetic Student 3029,present,0,qr,10,Saturday,08:00,3
PHY101,Physics I,Section 1,2026-04-18,S3030,Synthetic Student 3030,absent,0,qr,10,Saturday,08:00,3
PHY101,Physics I,Section 1,2026-04-18,S3033,Synthetic Student 3033,absent,0,qr,10,Saturday,08:00,5
PHY101,Physics I,Section 1,2026-04-18,S3036,Synthetic Student 3036,absent,0,qr,10,Saturday,08:00,4
PHY101,Physics I,Section 1,2026-04-18,S3037,Synthetic Student 3037,absent,0,qr,10,Saturday,08:00,3
PHY101,Physics I,Section 1,2026-04-18,S3041,Synthetic Student 3041,absent,0,qr,10,Saturday,08:00,5
PHY101,Physics I,Section 1,2026-04-18,S3043,Synthetic Student 3043,absent,0,qr,10,Saturday,08:00,4
PHY101,Physics I,Section 1,2026-04-18,S3044,Synthetic Student 3044,late,33,qr,10,Saturday,08:00,4
PHY101,Physics I,Section 1,2026-04-18,S3045,Synthetic Student 3045,late,33,qr,10,Saturday,08:00,5
PHY101,Physics I,Section 1,2026-04-18,S3048,Synthetic Student 3048,absent,0,qr,10,Saturday,08:00,5
PHY101,Physics I,Section 1,2026-04-18,S3050,Synthetic Student 3050,absent,0,qr,10,Saturday,08:00,5
PHY101,Physics I,Section 1,2026-04-18,S3051,Synthetic Student 3051,present,0,qr,10,Saturday,08:00,5
PHY101,Physics I,Section 1,2026-04-18,S3054,Synthetic Student 3054,present,0,qr,10,Saturday,08:00,5
PHY101,Physics I,Section 1,2026-04-18,S3055,Synthetic Student 3055,absent,0,qr,10,Saturday,08:00,4
PHY101,Physics I,Section 1,2026-04-18,S3056,Synthetic Student 3056,absent,0,qr,10,Saturday,08:00,4
PHY101,Physics I,Section 1,2026-04-18,S3057,Synthetic Student 3057,present,0,qr,10,Saturday,08:00,3
PHY101,Physics I,Section 1,2026-04-18,S3059,Synthetic Student 3059,late,37,qr,10,Saturday,08:00,5
PHY101,Physics I,Section 1,2026-04-18,S3060,Synthetic Student 3060,present,0,qr,10,Saturday,08:00,2
PHY101,Physics I,Section 1,2026-04-18,S3061,Synthetic Student 3061,absent,0,qr,10,Saturday,08:00,4
PHY101,Physics I,Section 1,2026-04-18,S3064,Synthetic Student 3064,present,0,qr,10,Saturday,08:00,2
PHY101,Physics I,Section 1,2026-04-18,S3065,Synthetic Student 3065,absent,0,qr,10,Saturday,08:00,2
PHY101,Physics I,Section 1,2026-04-18,S3066,Synthetic Student 3066,absent,0,qr,10,Saturday,08:00,3
PHY101,Physics I,Section 1,2026-04-18,S3067,Synthetic Student 3067,present,0,qr,10,Saturday,08:00,5
PHY101,Physics I,Section 1,2026-04-18,S3069,Synthetic Student 3069,present,0,qr,10,Saturday,08:00,3
PHY101,Physics I,Section 1,2026-04-18,S3071,Synthetic Student 3071,excused,0,manual,10,Saturday,08:00,3
PHY101,Physics I,Section 1,2026-04-18,S3074,Synthetic Student 3074,late,21,qr,10,Saturday,08:00,4
PHY101,Physics I,Section 1,2026-04-18,S3075,Synthetic Student 3075,absent,0,qr,10,Saturday,08:00,4
PHY101,Physics I,Section 1,2026-04-18,S3077,Synthetic Student 3077,absent,0,qr,10,Saturday,08:00,3
PHY101,Physics I,Section 1,2026-04-18,S3079,Synthetic Student 3079,absent,0,qr,10,Saturday,08:00,5
PHY101,Physics I,Section 1,2026-04-18,S3080,Synthetic Student 3080,present,0,qr,10,Saturday,08:00,4
PHY101,Physics I,Section 1,2026-04-18,S3081,Synthetic Student 3081,present,0,qr,10,Saturday,08:00,5
PHY101,Physics I,Section 1,2026-04-18,S3090,Synthetic Student 3090,late,19,qr,10,Saturday,08:00,3
PHY101,Physics I,Section 2,2026-04-18,S3002,Synthetic Student 3002,absent,0,qr,10,Saturday,10:00,5
PHY101,Physics I,Section 2,2026-04-18,S3004,Synthetic Student 3004,present,0,qr,10,Saturday,10:00,3
PHY101,Physics I,Section 2,2026-04-18,S3005,Synthetic Student 3005,present,0,qr,10,Saturday,10:00,5
PHY101,Physics I,Section 2,2026-04-18,S3008,Synthetic Student 3008,present,0,qr,10,Saturday,10:00,4
PHY101,Physics I,Section 2,2026-04-18,S3012,Synthetic Student 3012,absent,0,qr,10,Saturday,10:00,5
PHY101,Physics I,Section 2,2026-04-18,S3015,Synthetic Student 3015,absent,0,qr,10,Saturday,10:00,4
PHY101,Physics I,Section 2,2026-04-18,S3019,Synthetic Student 3019,present,0,qr,10,Saturday,10:00,3
PHY101,Physics I,Section 2,2026-04-18,S3022,Synthetic Student 3022,present,0,qr,10,Saturday,10:00,3
PHY101,Physics I,Section 2,2026-04-18,S3024,Synthetic Student 3024,absent,0,qr,10,Saturday,10:00,5
PHY101,Physics I,Section 2,2026-04-18,S3031,Synthetic Student 3031,absent,0,qr,10,Saturday,10:00,5
PHY101,Physics I,Section 2,2026-04-18,S3032,Synthetic Student 3032,late,23,qr,10,Saturday,10:00,5
PHY101,Physics I,Section 2,2026-04-18,S3034,Synthetic Student 3034,absent,0,qr,10,Saturday,10:00,4
PHY101,Physics I,Section 2,2026-04-18,S3035,Synthetic Student 3035,present,0,qr,10,Saturday,10:00,2
PHY101,Physics I,Section 2,2026-04-18,S3039,Synthetic Student 3039,present,0,qr,10,Saturday,10:00,4
PHY101,Physics I,Section 2,2026-04-18,S3040,Synthetic Student 3040,present,0,qr,10,Saturday,10:00,5
PHY101,Physics I,Section 2,2026-04-18,S3042,Synthetic Student 3042,present,0,qr,10,Saturday,10:00,5
PHY101,Physics I,Section 2,2026-04-18,S3046,Synthetic Student 3046,absent,0,qr,10,Saturday,10:00,3
PHY101,Physics I,Section 2,2026-04-18,S3049,Synthetic Student 3049,present,0,qr,10,Saturday,10:00,4
PHY101,Physics I,Section 2,2026-04-18,S3062,Synthetic Student 3062,excused,0,manual,10,Saturday,10:00,5
PHY101,Physics I,Section 2,2026-04-18,S3063,Synthetic Student 3063,present,0,qr,10,Saturday,10:00,3
PHY101,Physics I,Section 2,2026-04-18,S3068,Synthetic Student 3068,absent,0,qr,10,Saturday,10:00,5
PHY101,Physics I,Section 2,2026-04-18,S3070,Synthetic Student 3070,present,0,qr,10,Saturday,10:00,5
PHY101,Physics I,Section 2,2026-04-18,S3083,Synthetic Student 3083,present,0,qr,10,Saturday,10:00,5
PHY101,Physics I,Section 2,2026-04-18,S3084,Synthetic Student 3084,present,0,qr,10,Saturday,10:00,5
PHY101,Physics I,Section 2,2026-04-18,S3085,Synthetic Student 3085,excused,0,manual,10,Saturday,10:00,5
PHY101,Physics I,Section 2,2026-04-18,S3088,Synthetic Student 3088,present,0,qr,10,Saturday,10:00,4
CS201,Data Structures,Section 1,2026-04-19,S3005,Synthetic Student 3005,late,19,qr,10,Sunday,10:00,5
CS201,Data Structures,Section 1,2026-04-19,S3008,Synthetic Student 3008,absent,0,qr,10,Sunday,10:00,4
CS201,Data Structures,Section 1,2026-04-19,S3009,Synthetic Student 3009,late,35,qr,10,Sunday,10:00,4
CS201,Data Structures,Section 1,2026-04-19,S3010,Synthetic Student 3010,present,0,qr,10,Sunday,10:00,5
CS201,Data Structures,Section 1,2026-04-19,S3012,Synthetic Student 3012,absent,0,qr,10,Sunday,10:00,5
CS201,Data Structures,Section 1,2026-04-19,S3015,Synthetic Student 3015,present,0,qr,10,Sunday,10:00,4
CS201,Data Structures,Section 1,2026-04-19,S3017,Synthetic Student 3017,absent,0,qr,10,Sunday,10:00,4
CS201,Data Structures,Section 1,2026-04-19,S3021,Synthetic Student 3021,present,0,qr,10,Sunday,10:00,3
CS201,Data Structures,Section 1,2026-04-19,S3023,Synthetic Student 3023,absent,0,qr,10,Sunday,10:00,2
CS201,Data Structures,Section 1,2026-04-19,S3032,Synthetic Student 3032,absent,0,qr,10,Sunday,10:00,5
CS201,Data Structures,Section 1,2026-04-19,S3033,Synthetic Student 3033,present,0,qr,10,Sunday,10:00,5
CS201,Data Structures,Section 1,2026-04-19,S3036,Synthetic Student 3036,late,24,qr,10,Sunday,10:00,4
CS201,Data Structures,Section 1,2026-04-19,S3037,Synthetic Student 3037,absent,0,qr,10,Sunday,10:00,3
CS201,Data Structures,Section 1,2026-04-19,S3038,Synthetic Student 3038,present,0,qr,10,Sunday,10:00,4
CS201,Data Structures,Section 1,2026-04-19,S3039,Synthetic Student 3039,present,0,qr,10,Sunday,10:00,4
CS201,Data Structures,Section 1,2026-04-19,S3040,Synthetic Student 3040,present,0,qr,10,Sunday,10:00,5
CS201,Data Structures,Section 1,2026-04-19,S3041,Synthetic Student 3041,present,0,qr,10,Sunday,10:00,5
CS201,Data Structures,Section 1,2026-04-19,S3043,Synthetic Student 3043,present,0,qr,10,Sunday,10:00,4
CS201,Data Structures,Section 1,2026-04-19,S3048,Synthetic Student 3048,present,0,qr,10,Sunday,10:00,5
CS201,Data Structures,Section 1,2026-04-19,S3053,Synthetic Student 3053,present,0,qr,10,Sunday,10:00,2
CS201,Data Structures,Section 1,2026-04-19,S3057,Synthetic Student 3057,absent,0,qr,10,Sunday,10:00,3
CS201,Data Structures,Section 1,2026-04-19,S3068,Synthetic Student 3068,absent,0,qr,10,Sunday,10:00,5
CS201,Data Structures,Section 1,2026-04-19,S3070,Synthetic Student 3070,present,0,qr,10,Sunday,10:00,5
CS201,Data Structures,Section 1,2026-04-19,S3075,Synthetic Student 3075,present,0,qr,10,Sunday,10:00,4
CS201,Data Structures,Section 1,2026-04-19,S3077,Synthetic Student 3077,present,0,qr,10,Sunday,10:00,3
CS201,Data Structures,Section 1,2026-04-19,S3079,Synthetic Student 3079,present,0,qr,10,Sunday,10:00,5
CS201,Data Structures,Section 1,2026-04-19,S3080,Synthetic Student 3080,absent,0,qr,10,Sunday,10:00,4
CS201,Data Structures,Section 1,2026-04-19,S3081,Synthetic Student 3081,present,0,qr,10,Sunday,10:00,5
CS201,Data Structures,Section 1,2026-04-19,S3083,Synthetic Student 3083,absent,0,qr,10,Sunday,10:00,5
CS201,Data Structures,Section 1,2026-04-19,S3085,Synthetic Student 3085,present,0,qr,10,Sunday,10:00,5
CS201,Data Structures,Section 2,2026-04-19,S3001,Synthetic Student 3001,late,22,qr,10,Sunday,08:00,2
CS201,Data Structures,Section 2,2026-04-19,S3002,Synthetic Student 3002,present,0,qr,10,Sunday,08:00,5
CS201,Data Structures,Section 2,2026-04-19,S3006,Synthetic Student 3006,absent,0,qr,10,Sunday,08:00,2
CS201,Data Structures,Section 2,2026-04-19,S3011,Synthetic Student 3011,present,0,qr,10,Sunday,08:00,3
CS201,Data Structures,Section 2,2026-04-19,S3013,Synthetic Student 3013,late,40,qr,10,Sunday,08:00,3
CS201,Data Structures,Section 2,2026-04-19,S3014,Synthetic Student 3014,present,0,qr,10,Sunday,08:00,2
CS201,Data Structures,Section 2,2026-04-19,S3024,Synthetic Student 3024,absent,0,qr,10,Sunday,08:00,5
CS201,Data Structures,Section 2,2026-04-19,S3026,Synthetic Student 3026,present,0,qr,10,Sunday,08:00,2
CS201,Data Structures,Section 2,2026-04-19,S3027,Synthetic Student 3027,present,0,qr,10,Sunday,08:00,5
CS201,Data Structures,Section 2,2026-04-19,S3028,Synthetic Student 3028,late,26,qr,10,Sunday,08:00,3
CS201,Data Structures,Section 2,2026-04-19,S3031,Synthetic Student 3031,late,40,qr,10,Sunday,08:00,5
CS201,Data Structures,Section 2,2026-04-19,S3042,Synthetic Student 3042,present,0,qr,10,Sunday,08:00,5
CS201,Data Structures,Section 2,2026-04-19,S3045,Synthetic Student 3045,absent,0,qr,10,Sunday,08:00,5
CS201,Data Structures,Section 2,2026-04-19,S3049,Synthetic Student 3049,absent,0,qr,10,Sunday,08:00,4
CS201,Data Structures,Section 2,2026-04-19,S3050,Synthetic Student 3050,present,0,qr,10,Sunday,08:00,5
CS201,Data Structures,Section 2,2026-04-19,S3051,Synthetic Student 3051,present,0,qr,10,Sunday,08:00,5
CS201,Data Structures,Section 2,2026-04-19,S3054,Synthetic Student 3054,late,28,qr,10,Sunday,08:00,5
CS201,Data Structures,Section 2,2026-04-19,S3055,Synthetic Student 3055,absent,0,qr,10,Sunday,08:00,4
CS201,Data Structures,Section 2,2026-04-19,S3056,Synthetic Student 3056,absent,0,qr,10,Sunday,08:00,4
CS201,Data Structures,Section 2,2026-04-19,S3059,Synthetic Student 3059,present,0,qr,10,Sunday,08:00,5
CS201,Data Structures,Section 2,2026-04-19,S3061,Synthetic Student 3061,present,0,qr,10,Sunday,08:00,4
CS201,Data Structures,Section 2,2026-04-19,S3062,Synthetic Student 3062,absent,0,qr,10,Sunday,08:00,5
CS201,Data Structures,Section 2,2026-04-19,S3066,Synthetic Student 3066,present,0,qr,10,Sunday,08:00,3
CS201,Data Structures,Section 2,2026-04-19,S3067,Synthetic Student 3067,absent,0,qr,10,Sunday,08:00,5
CS201,Data Structures,Section 2,2026-04-19,S3069,Synthetic Student 3069,present,0,qr,10,Sunday,08:00,3
CS201,Data Structures,Section 2,2026-04-19,S3072,Synthetic Student 3072,present,0,qr,10,Sunday,08:00,2
CS201,Data Structures,Section 2,2026-04-19,S3073,Synthetic Student 3073,present,0,qr,10,Sunday,08:00,3
CS201,Data Structures,Section 2,2026-04-19,S3074,Synthetic Student 3074,late,36,qr,10,Sunday,08:00,4
CS201,Data Structures,Section 2,2026-04-19,S3076,Synthetic Student 3076,late,26,qr,10,Sunday,08:00,3
CS201,Data Structures,Section 2,2026-04-19,S3084,Synthetic Student 3084,absent,0,qr,10,Sunday,08:00,5
CS201,Data Structures,Section 2,2026-04-19,S3087,Synthetic Student 3087,absent,0,qr,10,Sunday,08:00,3
CS201,Data Structures,Section 2,2026-04-19,S3088,Synthetic Student 3088,present,0,qr,10,Sunday,08:00,4
ENG101,Technical English,Section 1,2026-04-19,S3002,Synthetic Student 3002,present,0,qr,10,Sunday,08:00,5
ENG101,Technical English,Section 1,2026-04-19,S3005,Synthetic Student 3005,present,0,qr,10,Sunday,08:00,5
ENG101,Technical English,Section 1,2026-04-19,S3010,Synthetic Student 3010,present,0,qr,10,Sunday,08:00,5
ENG101,Technical English,Section 1,2026-04-19,S3011,Synthetic Student 3011,present,0,qr,10,Sunday,08:00,3
ENG101,Technical English,Section 1,2026-04-19,S3013,Synthetic Student 3013,present,0,qr,10,Sunday,08:00,3
ENG101,Technical English,Section 1,2026-04-19,S3015,Synthetic Student 3015,absent,0,qr,10,Sunday,08:00,4
ENG101,Technical English,Section 1,2026-04-19,S3017,Synthetic Student 3017,present,0,qr,10,Sunday,08:00,4
ENG101,Technical English,Section 1,2026-04-19,S3021,Synthetic Student 3021,present,0,qr,10,Sunday,08:00,3
ENG101,Technical English,Section 1,2026-04-19,S3030,Synthetic Student 3030,absent,0,qr,10,Sunday,08:00,3
ENG101,Technical English,Section 1,2026-04-19,S3032,Synthetic Student 3032,present,0,qr,10,Sunday,08:00,5
ENG101,Technical English,Section 1,2026-04-19,S3034,Synthetic Student 3034,excused,0,manual,10,Sunday,08:00,4
ENG101,Technical English,Section 1,2026-04-19,S3037,Synthetic Student 3037,absent,0,qr,10,Sunday,08:00,3
ENG101,Technical English,Section 1,2026-04-19,S3040,Synthetic Student 3040,excused,0,manual,10,Sunday,08:00,5
ENG101,Technical English,Section 1,2026-04-19,S3041,Synthetic Student 3041,absent,0,qr,10,Sunday,08:00,5
ENG101,Technical English,Section 1,2026-04-19,S3044,Synthetic Student 3044,present,0,qr,10,Sunday,08:00,4
ENG101,Technical English,Section 1,2026-04-19,S3045,Synthetic Student 3045,present,0,qr,10,Sunday,08:00,5
ENG101,Technical English,Section 1,2026-04-19,S3048,Synthetic Student 3048,present,0,qr,10,Sunday,08:00,5
ENG101,Technical English,Section 1,2026-04-19,S3050,Synthetic Student 3050,present,0,qr,10,Sunday,08:00,5
ENG101,Technical English,Section 1,2026-04-19,S3054,Synthetic Student 3054,absent,0,qr,10,Sunday,08:00,5
ENG101,Technical English,Section 1,2026-04-19,S3059,Synthetic Student 3059,present,0,qr,10,Sunday,08:00,5
ENG101,Technical English,Section 1,2026-04-19,S3064,Synthetic Student 3064,present,0,qr,10,Sunday,08:00,2
ENG101,Technical English,Section 1,2026-04-19,S3068,Synthetic Student 3068,late,38,qr,10,Sunday,08:00,5
ENG101,Technical English,Section 1,2026-04-19,S3069,Synthetic Student 3069,present,0,qr,10,Sunday,08:00,3
ENG101,Technical English,Section 1,2026-04-19,S3071,Synthetic Student 3071,absent,0,qr,10,Sunday,08:00,3
ENG101,Technical English,Section 1,2026-04-19,S3072,Synthetic Student 3072,late,29,qr,10,Sunday,08:00,2
ENG101,Technical English,Section 1,2026-04-19,S3075,Synthetic Student 3075,present,0,qr,10,Sunday,08:00,4
ENG101,Technical English,Section 1,2026-04-19,S3078,Synthetic Student 3078,late,40,qr,10,Sunday,08:00,2
ENG101,Technical English,Section 1,2026-04-19,S3081,Synthetic Student 3081,present,0,qr,10,Sunday,08:00,5
ENG101,Technical English,Section 1,2026-04-19,S3083,Synthetic Student 3083,absent,0,qr,10,Sunday,08:00,5
ENG101,Technical English,Section 1,2026-04-19,S3086,Synthetic Student 3086,present,0,qr,10,Sunday,08:00,3
ENG101,Technical English,Section 1,2026-04-19,S3090,Synthetic Student 3090,present,0,qr,10,Sunday,08:00,3
ENG101,Technical English,Section 2,2026-04-22,S3003,Synthetic Student 3003,absent,0,qr,10,Wednesday,10:00,3
ENG101,Technical English,Section 2,2026-04-22,S3008,Synthetic Student 3008,present,0,qr,10,Wednesday,10:00,4
ENG101,Technical English,Section 2,2026-04-22,S3012,Synthetic Student 3012,late,23,qr,10,Wednesday,10:00,5
ENG101,Technical English,Section 2,2026-04-22,S3016,Synthetic Student 3016,late,24,qr,10,Wednesday,10:00,3
ENG101,Technical English,Section 2,2026-04-22,S3024,Synthetic Student 3024,present,0,qr,10,Wednesday,10:00,5
ENG101,Technical English,Section 2,2026-04-22,S3027,Synthetic Student 3027,present,0,qr,10,Wednesday,10:00,5
ENG101,Technical English,Section 2,2026-04-22,S3028,Synthetic Student 3028,excused,0,manual,10,Wednesday,10:00,3
ENG101,Technical English,Section 2,2026-04-22,S3031,Synthetic Student 3031,present,0,qr,10,Wednesday,10:00,5
ENG101,Technical English,Section 2,2026-04-22,S3033,Synthetic Student 3033,present,0,qr,10,Wednesday,10:00,5
ENG101,Technical English,Section 2,2026-04-22,S3038,Synthetic Student 3038,absent,0,qr,10,Wednesday,10:00,4
ENG101,Technical English,Section 2,2026-04-22,S3039,Synthetic Student 3039,present,0,qr,10,Wednesday,10:00,4
ENG101,Technical English,Section 2,2026-04-22,S3042,Synthetic Student 3042,present,0,qr,10,Wednesday,10:00,5
ENG101,Technical English,Section 2,2026-04-22,S3043,Synthetic Student 3043,absent,0,qr,10,Wednesday,10:00,4
ENG101,Technical English,Section 2,2026-04-22,S3047,Synthetic Student 3047,present,0,qr,10,Wednesday,10:00,2
ENG101,Technical English,Section 2,2026-04-22,S3051,Synthetic Student 3051,present,0,qr,10,Wednesday,10:00,5
ENG101,Technical English,Section 2,2026-04-22,S3052,Synthetic Student 3052,present,0,qr,10,Wednesday,10:00,2
ENG101,Technical English,Section 2,2026-04-22,S3055,Synthetic Student 3055,absent,0,qr,10,Wednesday,10:00,4
ENG101,Technical English,Section 2,2026-04-22,S3058,Synthetic Student 3058,present,0,qr,10,Wednesday,10:00,3
ENG101,Technical English,Section 2,2026-04-22,S3062,Synthetic Student 3062,present,0,qr,10,Wednesday,10:00,5
ENG101,Technical English,Section 2,2026-04-22,S3063,Synthetic Student 3063,late,22,qr,10,Wednesday,10:00,3
ENG101,Technical English,Section 2,2026-04-22,S3067,Synthetic Student 3067,present,0,qr,10,Wednesday,10:00,5
ENG101,Technical English,Section 2,2026-04-22,S3070,Synthetic Student 3070,present,0,qr,10,Wednesday,10:00,5
ENG101,Technical English,Section 2,2026-04-22,S3076,Synthetic Student 3076,present,0,qr,10,Wednesday,10:00,3
ENG101,Technical English,Section 2,2026-04-22,S3079,Synthetic Student 3079,present,0,qr,10,Wednesday,10:00,5
ENG101,Technical English,Section 2,2026-04-22,S3080,Synthetic Student 3080,present,0,qr,10,Wednesday,10:00,4
ENG101,Technical English,Section 2,2026-04-22,S3084,Synthetic Student 3084,late,24,qr,10,Wednesday,10:00,5
ENG101,Technical English,Section 2,2026-04-22,S3085,Synthetic Student 3085,present,0,qr,10,Wednesday,10:00,5
MATH101,Calculus I,Section 2,2026-04-22,S3002,Synthetic Student 3002,absent,0,qr,10,Wednesday,14:00,5
MATH101,Calculus I,Section 2,2026-04-22,S3003,Synthetic Student 3003,present,0,qr,10,Wednesday,14:00,3
MATH101,Calculus I,Section 2,2026-04-22,S3004,Synthetic Student 3004,late,20,qr,10,Wednesday,14:00,3
MATH101,Calculus I,Section 2,2026-04-22,S3009,Synthetic Student 3009,present,0,qr,10,Wednesday,14:00,4
MATH101,Calculus I,Section 2,2026-04-22,S3019,Synthetic Student 3019,present,0,qr,10,Wednesday,14:00,3
MATH101,Calculus I,Section 2,2026-04-22,S3024,Synthetic Student 3024,excused,0,manual,10,Wednesday,14:00,5
MATH101,Calculus I,Section 2,2026-04-22,S3025,Synthetic Student 3025,absent,0,qr,10,Wednesday,14:00,2
MATH101,Calculus I,Section 2,2026-04-22,S3031,Synthetic Student 3031,present,0,qr,10,Wednesday,14:00,5
MATH101,Calculus I,Section 2,2026-04-22,S3033,Synthetic Student 3033,excused,0,manual,10,Wednesday,14:00,5
MATH101,Calculus I,Section 2,2026-04-22,S3034,Synthetic Student 3034,absent,0,qr,10,Wednesday,14:00,4
MATH101,Calculus I,Section 2,2026-04-22,S3039,Synthetic Student 3039,present,0,qr,10,Wednesday,14:00,4
MATH101,Calculus I,Section 2,2026-04-22,S3040,Synthetic Student 3040,present,0,qr,10,Wednesday,14:00,5
MATH101,Calculus I,Section 2,2026-04-22,S3041,Synthetic Student 3041,absent,0,qr,10,Wednesday,14:00,5
MATH101,Calculus I,Section 2,2026-04-22,S3042,Synthetic Student 3042,absent,0,qr,10,Wednesday,14:00,5
MATH101,Calculus I,Section 2,2026-04-22,S3046,Synthetic Student 3046,late,39,qr,10,Wednesday,14:00,3
MATH101,Calculus I,Section 2,2026-04-22,S3049,Synthetic Student 3049,absent,0,qr,10,Wednesday,14:00,4
MATH101,Calculus I,Section 2,2026-04-22,S3051,Synthetic Student 3051,present,0,qr,10,Wednesday,14:00,5
MATH101,Calculus I,Section 2,2026-04-22,S3052,Synthetic Student 3052,present,0,qr,10,Wednesday,14:00,2
MATH101,Calculus I,Section 2,2026-04-22,S3053,Synthetic Student 3053,absent,0,qr,10,Wednesday,14:00,2
MATH101,Calculus I,Section 2,2026-04-22,S3055,Synthetic Student 3055,absent,0,qr,10,Wednesday,14:00,4
MATH101,Calculus I,Section 2,2026-04-22,S3056,Synthetic Student 3056,absent,0,qr,10,Wednesday,14:00,4
MATH101,Calculus I,Section 2,2026-04-22,S3062,Synthetic Student 3062,absent,0,qr,10,Wednesday,14:00,5
MATH101,Calculus I,Section 2,2026-04-22,S3065,Synthetic Student 3065,present,0,qr,10,Wednesday,14:00,2
MATH101,Calculus I,Section 2,2026-04-22,S3066,Synthetic Student 3066,present,0,qr,10,Wednesday,14:00,3
MATH101,Calculus I,Section 2,2026-04-22,S3068,Synthetic Student 3068,absent,0,qr,10,Wednesday,14:00,5
MATH101,Calculus I,Section 2,2026-04-22,S3070,Synthetic Student 3070,present,0,qr,10,Wednesday,14:00,5
MATH101,Calculus I,Section 2,2026-04-22,S3077,Synthetic Student 3077,present,0,qr,10,Wednesday,14:00,3
MATH101,Calculus I,Section 2,2026-04-22,S3082,Synthetic Student 3082,present,0,qr,10,Wednesday,14:00,2
MATH101,Calculus I,Section 2,2026-04-22,S3083,Synthetic Student 3083,late,18,qr,10,Wednesday,14:00,5
MATH101,Calculus I,Section 2,2026-04-22,S3085,Synthetic Student 3085,present,0,qr,10,Wednesday,14:00,5
MATH101,Calculus I,Section 2,2026-04-22,S3087,Synthetic Student 3087,present,0,qr,10,Wednesday,14:00,3
MATH101,Calculus I,Section 2,2026-04-22,S3089,Synthetic Student 3089,present,0,qr,10,Wednesday,14:00,2
CS101,Intro to Programming,Section 1,2026-04-23,S3004,Synthetic Student 3004,present,0,qr,10,Thursday,08:00,3
CS101,Intro to Programming,Section 1,2026-04-23,S3007,Synthetic Student 3007,present,0,qr,10,Thursday,08:00,2
CS101,Intro to Programming,Section 1,2026-04-23,S3008,Synthetic Student 3008,absent,0,qr,10,Thursday,08:00,4
CS101,Intro to Programming,Section 1,2026-04-23,S3010,Synthetic Student 3010,absent,0,qr,10,Thursday,08:00,5
CS101,Intro to Programming,Section 1,2026-04-23,S3012,Synthetic Student 3012,present,0,qr,10,Thursday,08:00,5
CS101,Intro to Programming,Section 1,2026-04-23,S3014,Synthetic Student 3014,absent,0,qr,10,Thursday,08:00,2
CS101,Intro to Programming,Section 1,2026-04-23,S3020,Synthetic Student 3020,absent,0,qr,10,Thursday,08:00,2
CS101,Intro to Programming,Section 1,2026-04-23,S3022,Synthetic Student 3022,present,0,qr,10,Thursday,08:00,3
CS101,Intro to Programming,Section 1,2026-04-23,S3024,Synthetic Student 3024,present,0,qr,10,Thursday,08:00,5
CS101,Intro to Programming,Section 1,2026-04-23,S3030,Synthetic Student 3030,absent,0,qr,10,Thursday,08:00,3
CS101,Intro to Programming,Section 1,2026-04-23,S3031,Synthetic Student 3031,late,16,qr,10,Thursday,08:00,5
CS101,Intro to Programming,Section 1,2026-04-23,S3032,Synthetic Student 3032,present,0,qr,10,Thursday,08:00,5
CS101,Intro to Programming,Section 1,2026-04-23,S3034,Synthetic Student 3034,present,0,qr,10,Thursday,08:00,4
CS101,Intro to Programming,Section 1,2026-04-23,S3036,Synthetic Student 3036,absent,0,qr,10,Thursday,08:00,4
CS101,Intro to Programming,Section 1,2026-04-23,S3038,Synthetic Student 3038,absent,0,qr,10,Thursday,08:00,4
CS101,Intro to Programming,Section 1,2026-04-23,S3041,Synthetic Student 3041,present,0,qr,10,Thursday,08:00,5
CS101,Intro to Programming,Section 1,2026-04-23,S3045,Synthetic Student 3045,present,0,qr,10,Thursday,08:00,5
CS101,Intro to Programming,Section 1,2026-04-23,S3056,Synthetic Student 3056,absent,0,qr,10,Thursday,08:00,4
CS101,Intro to Programming,Section 1,2026-04-23,S3058,Synthetic Student 3058,present,0,qr,10,Thursday,08:00,3
CS101,Intro to Programming,Section 1,2026-04-23,S3059,Synthetic Student 3059,present,0,qr,10,Thursday,08:00,5
CS101,Intro to Programming,Section 1,2026-04-23,S3060,Synthetic Student 3060,present,0,qr,10,Thursday,08:00,2
CS101,Intro to Programming,Section 1,2026-04-23,S3061,Synthetic Student 3061,absent,0,qr,10,Thursday,08:00,4
CS101,Intro to Programming,Section 1,2026-04-23,S3063,Synthetic Student 3063,present,0,qr,10,Thursday,08:00,3
CS101,Intro to Programming,Section 1,2026-04-23,S3068,Synthetic Student 3068,absent,0,qr,10,Thursday,08:00,5
CS101,Intro to Programming,Section 1,2026-04-23,S3071,Synthetic Student 3071,present,0,qr,10,Thursday,08:00,3
CS101,Intro to Programming,Section 1,2026-04-23,S3073,Synthetic Student 3073,present,0,qr,10,Thursday,08:00,3
CS101,Intro to Programming,Section 1,2026-04-23,S3074,Synthetic Student 3074,absent,0,qr,10,Thursday,08:00,4
CS101,Intro to Programming,Section 1,2026-04-23,S3080,Synthetic Student 3080,present,0,qr,10,Thursday,08:00,4
CS101,Intro to Programming,Section 1,2026-04-23,S3082,Synthetic Student 3082,present,0,qr,10,Thursday,08:00,2
CS101,Intro to Programming,Section 1,2026-04-23,S3086,Synthetic Student 3086,late,36,qr,10,Thursday,08:00,3
CS101,Intro to Programming,Section 1,2026-04-23,S3089,Synthetic Student 3089,absent,0,qr,10,Thursday,08:00,2
MATH101,Calculus I,Section 1,2026-04-23,S3005,Synthetic Student 3005,present,0,qr,10,Thursday,08:00,5
MATH101,Calculus I,Section 1,2026-04-23,S3007,Synthetic Student 3007,absent,0,qr,10,Thursday,08:00,2
MATH101,Calculus I,Section 1,2026-04-23,S3010,Synthetic Student 3010,absent,0,qr,10,Thursday,08:00,5
MATH101,Calculus I,Section 1,2026-04-23,S3012,Synthetic Student 3012,late,29,qr,10,Thursday,08:00,5
MATH101,Calculus I,Section 1,2026-04-23,S3013,Synthetic Student 3013,present,0,qr,10,Thursday,08:00,3
MATH101,Calculus I,Section 1,2026-04-23,S3015,Synthetic Student 3015,absent,0,qr,10,Thursday,08:00,4
MATH101,Calculus I,Section 1,2026-04-23,S3016,Synthetic Student 3016,absent,0,qr,10,Thursday,08:00,3
MATH101,Calculus I,Section 1,2026-04-23,S3017,Synthetic Student 3017,absent,0,qr,10,Thursday,08:00,4
MATH101,Calculus I,Section 1,2026-04-23,S3018,Synthetic Student 3018,late,19,qr,10,Thursday,08:00,3
MATH101,Calculus I,Section 1,2026-04-23,S3022,Synthetic Student 3022,absent,0,qr,10,Thursday,08:00,3
MATH101,Calculus I,Section 1,2026-04-23,S3023,Synthetic Student 3023,present,0,qr,10,Thursday,08:00,2
MATH101,Calculus I,Section 1,2026-04-23,S3027,Synthetic Student 3027,present,0,qr,10,Thursday,08:00,5
MATH101,Calculus I,Section 1,2026-04-23,S3028,Synthetic Student 3028,late,29,qr,10,Thursday,08:00,3
MATH101,Calculus I,Section 1,2026-04-23,S3029,Synthetic Student 3029,late,32,qr,10,Thursday,08:00,3
MATH101,Calculus I,Section 1,2026-04-23,S3032,Synthetic Student 3032,present,0,qr,10,Thursday,08:00,5
MATH101,Calculus I,Section 1,2026-04-23,S3036,Synthetic Student 3036,absent,0,qr,10,Thursday,08:00,4
MATH101,Calculus I,Section 1,2026-04-23,S3038,Synthetic Student 3038,present,0,qr,10,Thursday,08:00,4
MATH101,Calculus I,Section 1,2026-04-23,S3043,Synthetic Student 3043,present,0,qr,10,Thursday,08:00,4
MATH101,Calculus I,Section 1,2026-04-23,S3044,Synthetic Student 3044,late,28,qr,10,Thursday,08:00,4
MATH101,Calculus I,Section 1,2026-04-23,S3045,Synthetic Student 3045,present,0,qr,10,Thursday,08:00,5
MATH101,Calculus I,Section 1,2026-04-23,S3048,Synthetic Student 3048,absent,0,qr,10,Thursday,08:00,5
MATH101,Calculus I,Section 1,2026-04-23,S3050,Synthetic Student 3050,present,0,qr,10,Thursday,08:00,5
MATH101,Calculus I,Section 1,2026-04-23,S3054,Synthetic Student 3054,present,0,qr,10,Thursday,08:00,5
MATH101,Calculus I,Section 1,2026-04-23,S3058,Synthetic Student 3058,present,0,qr,10,Thursday,08:00,3
MATH101,Calculus I,Section 1,2026-04-23,S3059,Synthetic Student 3059,present,0,qr,10,Thursday,08:00,5
MATH101,Calculus I,Section 1,2026-04-23,S3061,Synthetic Student 3061,present,0,qr,10,Thursday,08:00,4
MATH101,Calculus I,Section 1,2026-04-23,S3067,Synthetic Student 3067,present,0,qr,10,Thursday,08:00,5
MATH101,Calculus I,Section 1,2026-04-23,S3073,Synthetic Student 3073,present,0,qr,10,Thursday,08:00,3
MATH101,Calculus I,Section 1,2026-04-23,S3074,Synthetic Student 3074,present,0,qr,10,Thursday,08:00,4
MATH101,Calculus I,Section 1,2026-04-23,S3076,Synthetic Student 3076,present,0,qr,10,Thursday,08:00,3
MATH101,Calculus I,Section 1,2026-04-23,S3079,Synthetic Student 3079,present,0,qr,10,Thursday,08:00,5
MATH101,Calculus I,Section 1,2026-04-23,S3081,Synthetic Student 3081,present,0,qr,10,Thursday,08:00,5
MATH101,Calculus I,Section 1,2026-04-23,S3084,Synthetic Student 3084,present,0,qr,10,Thursday,08:00,5
MATH101,Calculus I,Section 1,2026-04-23,S3086,Synthetic Student 3086,present,0,qr,10,Thursday,08:00,3
MATH101,Calculus I,Section 1,2026-04-23,S3088,Synthetic Student 3088,present,0,qr,10,Thursday,08:00,4
MATH101,Calculus I,Section 1,2026-04-23,S3090,Synthetic Student 3090,present,0,qr,10,Thursday,08:00,3
CS101,Intro to Programming,Section 2,2026-04-25,S3002,Synthetic Student 3002,late,36,qr,11,Saturday,12:00,5
CS101,Intro to Programming,Section 2,2026-04-25,S3003,Synthetic Student 3003,present,0,qr,11,Saturday,12:00,3
CS101,Intro to Programming,Section 2,2026-04-25,S3005,Synthetic Student 3005,present,0,qr,11,Saturday,12:00,5
CS101,Intro to Programming,Section 2,2026-04-25,S3006,Synthetic Student 3006,present,0,qr,11,Saturday,12:00,2
CS101,Intro to Programming,Section 2,2026-04-25,S3009,Synthetic Student 3009,absent,0,qr,11,Saturday,12:00,4
CS101,Intro to Programming,Section 2,2026-04-25,S3011,Synthetic Student 3011,absent,0,qr,11,Saturday,12:00,3
CS101,Intro to Programming,Section 2,2026-04-25,S3016,Synthetic Student 3016,absent,0,qr,11,Saturday,12:00,3
CS101,Intro to Programming,Section 2,2026-04-25,S3017,Synthetic Student 3017,present,0,qr,11,Saturday,12:00,4
CS101,Intro to Programming,Section 2,2026-04-25,S3018,Synthetic Student 3018,present,0,qr,11,Saturday,12:00,3
CS101,Intro to Programming,Section 2,2026-04-25,S3019,Synthetic Student 3019,absent,0,qr,11,Saturday,12:00,3
CS101,Intro to Programming,Section 2,2026-04-25,S3021,Synthetic Student 3021,present,0,qr,11,Saturday,12:00,3
CS101,Intro to Programming,Section 2,2026-04-25,S3025,Synthetic Student 3025,present,0,qr,11,Saturday,12:00,2
CS101,Intro to Programming,Section 2,2026-04-25,S3027,Synthetic Student 3027,absent,0,qr,11,Saturday,12:00,5
CS101,Intro to Programming,Section 2,2026-04-25,S3029,Synthetic Student 3029,present,0,qr,11,Saturday,12:00,3
CS101,Intro to Programming,Section 2,2026-04-25,S3033,Synthetic Student 3033,present,0,qr,11,Saturday,12:00,5
CS101,Intro to Programming,Section 2,2026-04-25,S3035,Synthetic Student 3035,present,0,qr,11,Saturday,12:00,2
CS101,Intro to Programming,Section 2,2026-04-25,S3040,Synthetic Student 3040,present,0,qr,11,Saturday,12:00,5
CS101,Intro to Programming,Section 2,2026-04-25,S3042,Synthetic Student 3042,present,0,qr,11,Saturday,12:00,5
CS101,Intro to Programming,Section 2,2026-04-25,S3044,Synthetic Student 3044,absent,0,qr,11,Saturday,12:00,4
CS101,Intro to Programming,Section 2,2026-04-25,S3046,Synthetic Student 3046,absent,0,qr,11,Saturday,12:00,3
CS101,Intro to Programming,Section 2,2026-04-25,S3047,Synthetic Student 3047,present,0,qr,11,Saturday,12:00,2
CS101,Intro to Programming,Section 2,2026-04-25,S3048,Synthetic Student 3048,absent,0,qr,11,Saturday,12:00,5
CS101,Intro to Programming,Section 2,2026-04-25,S3049,Synthetic Student 3049,present,0,qr,11,Saturday,12:00,4
CS101,Intro to Programming,Section 2,2026-04-25,S3050,Synthetic Student 3050,present,0,qr,11,Saturday,12:00,5
CS101,Intro to Programming,Section 2,2026-04-25,S3051,Synthetic Student 3051,present,0,qr,11,Saturday,12:00,5
CS101,Intro to Programming,Section 2,2026-04-25,S3054,Synthetic Student 3054,present,0,qr,11,Saturday,12:00,5
CS101,Intro to Programming,Section 2,2026-04-25,S3057,Synthetic Student 3057,absent,0,qr,11,Saturday,12:00,3
CS101,Intro to Programming,Section 2,2026-04-25,S3062,Synthetic Student 3062,present,0,qr,11,Saturday,12:00,5
CS101,Intro to Programming,Section 2,2026-04-25,S3067,Synthetic Student 3067,present,0,qr,11,Saturday,12:00,5
CS101,Intro to Programming,Section 2,2026-04-25,S3070,Synthetic Student 3070,present,0,qr,11,Saturday,12:00,5
CS101,Intro to Programming,Section 2,2026-04-25,S3075,Synthetic Student 3075,present,0,qr,11,Saturday,12:00,4
CS101,Intro to Programming,Section 2,2026-04-25,S3078,Synthetic Student 3078,present,0,qr,11,Saturday,12:00,2
CS101,Intro to Programming,Section 2,2026-04-25,S3079,Synthetic Student 3079,present,0,qr,11,Saturday,12:00,5
CS101,Intro to Programming,Section 2,2026-04-25,S3081,Synthetic Student 3081,present,0,qr,11,Saturday,12:00,5
CS101,Intro to Programming,Section 2,2026-04-25,S3083,Synthetic Student 3083,present,0,qr,11,Saturday,12:00,5
CS101,Intro to Programming,Section 2,2026-04-25,S3084,Synthetic Student 3084,present,0,qr,11,Saturday,12:00,5
CS101,Intro to Programming,Section 2,2026-04-25,S3085,Synthetic Student 3085,present,0,qr,11,Saturday,12:00,5
CS101,Intro to Programming,Section 2,2026-04-25,S3087,Synthetic Student 3087,present,0,qr,11,Saturday,12:00,3
CS101,Intro to Programming,Section 2,2026-04-25,S3088,Synthetic Student 3088,present,0,qr,11,Saturday,12:00,4
PHY101,Physics I,Section 1,2026-04-25,S3001,Synthetic Student 3001,present,0,qr,11,Saturday,08:00,2
PHY101,Physics I,Section 1,2026-04-25,S3009,Synthetic Student 3009,present,0,qr,11,Saturday,08:00,4
PHY101,Physics I,Section 1,2026-04-25,S3010,Synthetic Student 3010,late,40,qr,11,Saturday,08:00,5
PHY101,Physics I,Section 1,2026-04-25,S3018,Synthetic Student 3018,absent,0,qr,11,Saturday,08:00,3
PHY101,Physics I,Section 1,2026-04-25,S3020,Synthetic Student 3020,absent,0,qr,11,Saturday,08:00,2
PHY101,Physics I,Section 1,2026-04-25,S3026,Synthetic Student 3026,present,0,qr,11,Saturday,08:00,2
PHY101,Physics I,Section 1,2026-04-25,S3027,Synthetic Student 3027,absent,0,qr,11,Saturday,08:00,5
PHY101,Physics I,Section 1,2026-04-25,S3029,Synthetic Student 3029,absent,0,qr,11,Saturday,08:00,3
PHY101,Physics I,Section 1,2026-04-25,S3030,Synthetic Student 3030,absent,0,qr,11,Saturday,08:00,3
PHY101,Physics I,Section 1,2026-04-25,S3033,Synthetic Student 3033,present,0,qr,11,Saturday,08:00,5
PHY101,Physics I,Section 1,2026-04-25,S3036,Synthetic Student 3036,absent,0,qr,11,Saturday,08:00,4
PHY101,Physics I,Section 1,2026-04-25,S3037,Synthetic Student 3037,present,0,qr,11,Saturday,08:00,3
PHY101,Physics I,Section 1,2026-04-25,S3041,Synthetic Student 3041,late,31,qr,11,Saturday,08:00,5
PHY101,Physics I,Section 1,2026-04-25,S3043,Synthetic Student 3043,present,0,qr,11,Saturday,08:00,4
PHY101,Physics I,Section 1,2026-04-25,S3044,Synthetic Student 3044,present,0,qr,11,Saturday,08:00,4
PHY101,Physics I,Section 1,2026-04-25,S3045,Synthetic Student 3045,present,0,qr,11,Saturday,08:00,5
PHY101,Physics I,Section 1,2026-04-25,S3048,Synthetic Student 3048,present,0,qr,11,Saturday,08:00,5
PHY101,Physics I,Section 1,2026-04-25,S3050,Synthetic Student 3050,present,0,qr,11,Saturday,08:00,5
PHY101,Physics I,Section 1,2026-04-25,S3051,Synthetic Student 3051,absent,0,qr,11,Saturday,08:00,5
PHY101,Physics I,Section 1,2026-04-25,S3054,Synthetic Student 3054,absent,0,qr,11,Saturday,08:00,5
PHY101,Physics I,Section 1,2026-04-25,S3055,Synthetic Student 3055,present,0,qr,11,Saturday,08:00,4
PHY101,Physics I,Section 1,2026-04-25,S3056,Synthetic Student 3056,present,0,qr,11,Saturday,08:00,4
PHY101,Physics I,Section 1,2026-04-25,S3057,Synthetic Student 3057,present,0,qr,11,Saturday,08:00,3
PHY101,Physics I,Section 1,2026-04-25,S3059,Synthetic Student 3059,absent,0,qr,11,Saturday,08:00,5
PHY101,Physics I,Section 1,2026-04-25,S3060,Synthetic Student 3060,late,26,qr,11,Saturday,08:00,2
PHY101,Physics I,Section 1,2026-04-25,S3061,Synthetic Student 3061,present,0,qr,11,Saturday,08:00,4
PHY101,Physics I,Section 1,2026-04-25,S3064,Synthetic Student 3064,present,0,qr,11,Saturday,08:00,2
PHY101,Physics I,Section 1,2026-04-25,S3065,Synthetic Student 3065,absent,0,qr,11,Saturday,08:00,2
PHY101,Physics I,Section 1,2026-04-25,S3066,Synthetic Student 3066,present,0,qr,11,Saturday,08:00,3
PHY101,Physics I,Section 1,2026-04-25,S3067,Synthetic Student 3067,absent,0,qr,11,Saturday,08:00,5
PHY101,Physics I,Section 1,2026-04-25,S3069,Synthetic Student 3069,present,0,qr,11,Saturday,08:00,3
PHY101,Physics I,Section 1,2026-04-25,S3071,Synthetic Student 3071,present,0,qr,11,Saturday,08:00,3
PHY101,Physics I,Section 1,2026-04-25,S3074,Synthetic Student 3074,absent,0,qr,11,Saturday,08:00,4
PHY101,Physics I,Section 1,2026-04-25,S3075,Synthetic Student 3075,present,0,qr,11,Saturday,08:00,4
PHY101,Physics I,Section 1,2026-04-25,S3077,Synthetic Student 3077,present,0,qr,11,Saturday,08:00,3
PHY101,Physics I,Section 1,2026-04-25,S3079,Synthetic Student 3079,present,0,qr,11,Saturday,08:00,5
PHY101,Physics I,Section 1,2026-04-25,S3080,Synthetic Student 3080,present,0,qr,11,Saturday,08:00,4
PHY101,Physics I,Section 1,2026-04-25,S3081,Synthetic Student 3081,present,0,qr,11,Saturday,08:00,5
PHY101,Physics I,Section 1,2026-04-25,S3090,Synthetic Student 3090,present,0,qr,11,Saturday,08:00,3
PHY101,Physics I,Section 2,2026-04-25,S3002,Synthetic Student 3002,present,0,qr,11,Saturday,10:00,5
PHY101,Physics I,Section 2,2026-04-25,S3004,Synthetic Student 3004,present,0,qr,11,Saturday,10:00,3
PHY101,Physics I,Section 2,2026-04-25,S3005,Synthetic Student 3005,absent,0,qr,11,Saturday,10:00,5
PHY101,Physics I,Section 2,2026-04-25,S3008,Synthetic Student 3008,absent,0,qr,11,Saturday,10:00,4
PHY101,Physics I,Section 2,2026-04-25,S3012,Synthetic Student 3012,absent,0,qr,11,Saturday,10:00,5
PHY101,Physics I,Section 2,2026-04-25,S3015,Synthetic Student 3015,absent,0,qr,11,Saturday,10:00,4
PHY101,Physics I,Section 2,2026-04-25,S3019,Synthetic Student 3019,present,0,qr,11,Saturday,10:00,3
PHY101,Physics I,Section 2,2026-04-25,S3022,Synthetic Student 3022,present,0,qr,11,Saturday,10:00,3
PHY101,Physics I,Section 2,2026-04-25,S3024,Synthetic Student 3024,absent,0,qr,11,Saturday,10:00,5
PHY101,Physics I,Section 2,2026-04-25,S3031,Synthetic Student 3031,present,0,qr,11,Saturday,10:00,5
PHY101,Physics I,Section 2,2026-04-25,S3032,Synthetic Student 3032,present,0,qr,11,Saturday,10:00,5
PHY101,Physics I,Section 2,2026-04-25,S3034,Synthetic Student 3034,present,0,qr,11,Saturday,10:00,4
PHY101,Physics I,Section 2,2026-04-25,S3035,Synthetic Student 3035,present,0,qr,11,Saturday,10:00,2
PHY101,Physics I,Section 2,2026-04-25,S3039,Synthetic Student 3039,present,0,qr,11,Saturday,10:00,4
PHY101,Physics I,Section 2,2026-04-25,S3040,Synthetic Student 3040,present,0,qr,11,Saturday,10:00,5
PHY101,Physics I,Section 2,2026-04-25,S3042,Synthetic Student 3042,present,0,qr,11,Saturday,10:00,5
PHY101,Physics I,Section 2,2026-04-25,S3046,Synthetic Student 3046,absent,0,qr,11,Saturday,10:00,3
PHY101,Physics I,Section 2,2026-04-25,S3049,Synthetic Student 3049,absent,0,qr,11,Saturday,10:00,4
PHY101,Physics I,Section 2,2026-04-25,S3062,Synthetic Student 3062,present,0,qr,11,Saturday,10:00,5
PHY101,Physics I,Section 2,2026-04-25,S3063,Synthetic Student 3063,present,0,qr,11,Saturday,10:00,3
PHY101,Physics I,Section 2,2026-04-25,S3068,Synthetic Student 3068,present,0,qr,11,Saturday,10:00,5
PHY101,Physics I,Section 2,2026-04-25,S3070,Synthetic Student 3070,absent,0,qr,11,Saturday,10:00,5
PHY101,Physics I,Section 2,2026-04-25,S3083,Synthetic Student 3083,present,0,qr,11,Saturday,10:00,5
PHY101,Physics I,Section 2,2026-04-25,S3084,Synthetic Student 3084,present,0,qr,11,Saturday,10:00,5
PHY101,Physics I,Section 2,2026-04-25,S3085,Synthetic Student 3085,present,0,qr,11,Saturday,10:00,5
PHY101,Physics I,Section 2,2026-04-25,S3088,Synthetic Student 3088,absent,0,qr,11,Saturday,10:00,4
CS201,Data Structures,Section 1,2026-04-26,S3005,Synthetic Student 3005,absent,0,qr,11,Sunday,10:00,5
CS201,Data Structures,Section 1,2026-04-26,S3008,Synthetic Student 3008,late,34,qr,11,Sunday,10:00,4
CS201,Data Structures,Section 1,2026-04-26,S3009,Synthetic Student 3009,present,0,qr,11,Sunday,10:00,4
CS201,Data Structures,Section 1,2026-04-26,S3010,Synthetic Student 3010,present,0,qr,11,Sunday,10:00,5
CS201,Data Structures,Section 1,2026-04-26,S3012,Synthetic Student 3012,present,0,qr,11,Sunday,10:00,5
CS201,Data Structures,Section 1,2026-04-26,S3015,Synthetic Student 3015,present,0,qr,11,Sunday,10:00,4
CS201,Data Structures,Section 1,2026-04-26,S3017,Synthetic Student 3017,absent,0,qr,11,Sunday,10:00,4
CS201,Data Structures,Section 1,2026-04-26,S3021,Synthetic Student 3021,present,0,qr,11,Sunday,10:00,3
CS201,Data Structures,Section 1,2026-04-26,S3023,Synthetic Student 3023,present,0,qr,11,Sunday,10:00,2
CS201,Data Structures,Section 1,2026-04-26,S3032,Synthetic Student 3032,late,35,qr,11,Sunday,10:00,5
CS201,Data Structures,Section 1,2026-04-26,S3033,Synthetic Student 3033,present,0,qr,11,Sunday,10:00,5
CS201,Data Structures,Section 1,2026-04-26,S3036,Synthetic Student 3036,present,0,qr,11,Sunday,10:00,4
CS201,Data Structures,Section 1,2026-04-26,S3037,Synthetic Student 3037,present,0,qr,11,Sunday,10:00,3
CS201,Data Structures,Section 1,2026-04-26,S3038,Synthetic Student 3038,present,0,qr,11,Sunday,10:00,4
CS201,Data Structures,Section 1,2026-04-26,S3039,Synthetic Student 3039,present,0,qr,11,Sunday,10:00,4
CS201,Data Structures,Section 1,2026-04-26,S3040,Synthetic Student 3040,present,0,qr,11,Sunday,10:00,5
CS201,Data Structures,Section 1,2026-04-26,S3041,Synthetic Student 3041,present,0,qr,11,Sunday,10:00,5
CS201,Data Structures,Section 1,2026-04-26,S3043,Synthetic Student 3043,present,0,qr,11,Sunday,10:00,4
CS201,Data Structures,Section 1,2026-04-26,S3048,Synthetic Student 3048,absent,0,qr,11,Sunday,10:00,5
CS201,Data Structures,Section 1,2026-04-26,S3053,Synthetic Student 3053,present,0,qr,11,Sunday,10:00,2
CS201,Data Structures,Section 1,2026-04-26,S3057,Synthetic Student 3057,present,0,qr,11,Sunday,10:00,3
CS201,Data Structures,Section 1,2026-04-26,S3068,Synthetic Student 3068,excused,0,manual,11,Sunday,10:00,5
CS201,Data Structures,Section 1,2026-04-26,S3070,Synthetic Student 3070,present,0,qr,11,Sunday,10:00,5
CS201,Data Structures,Section 1,2026-04-26,S3075,Synthetic Student 3075,present,0,qr,11,Sunday,10:00,4
CS201,Data Structures,Section 1,2026-04-26,S3077,Synthetic Student 3077,present,0,qr,11,Sunday,10:00,3
CS201,Data Structures,Section 1,2026-04-26,S3079,Synthetic Student 3079,absent,0,qr,11,Sunday,10:00,5
CS201,Data Structures,Section 1,2026-04-26,S3080,Synthetic Student 3080,present,0,qr,11,Sunday,10:00,4
CS201,Data Structures,Section 1,2026-04-26,S3081,Synthetic Student 3081,present,0,qr,11,Sunday,10:00,5
CS201,Data Structures,Section 1,2026-04-26,S3083,Synthetic Student 3083,present,0,qr,11,Sunday,10:00,5
CS201,Data Structures,Section 1,2026-04-26,S3085,Synthetic Student 3085,present,0,qr,11,Sunday,10:00,5
CS201,Data Structures,Section 2,2026-04-26,S3001,Synthetic Student 3001,present,0,qr,11,Sunday,08:00,2
CS201,Data Structures,Section 2,2026-04-26,S3002,Synthetic Student 3002,absent,0,qr,11,Sunday,08:00,5
CS201,Data Structures,Section 2,2026-04-26,S3006,Synthetic Student 3006,late,38,qr,11,Sunday,08:00,2
CS201,Data Structures,Section 2,2026-04-26,S3011,Synthetic Student 3011,absent,0,qr,11,Sunday,08:00,3
CS201,Data Structures,Section 2,2026-04-26,S3013,Synthetic Student 3013,late,37,qr,11,Sunday,08:00,3
CS201,Data Structures,Section 2,2026-04-26,S3014,Synthetic Student 3014,present,0,qr,11,Sunday,08:00,2
CS201,Data Structures,Section 2,2026-04-26,S3024,Synthetic Student 3024,present,0,qr,11,Sunday,08:00,5
CS201,Data Structures,Section 2,2026-04-26,S3026,Synthetic Student 3026,present,0,qr,11,Sunday,08:00,2
CS201,Data Structures,Section 2,2026-04-26,S3027,Synthetic Student 3027,absent,0,qr,11,Sunday,08:00,5
CS201,Data Structures,Section 2,2026-04-26,S3028,Synthetic Student 3028,present,0,qr,11,Sunday,08:00,3
CS201,Data Structures,Section 2,2026-04-26,S3031,Synthetic Student 3031,late,22,qr,11,Sunday,08:00,5
CS201,Data Structures,Section 2,2026-04-26,S3042,Synthetic Student 3042,late,21,qr,11,Sunday,08:00,5
CS201,Data Structures,Section 2,2026-04-26,S3045,Synthetic Student 3045,absent,0,qr,11,Sunday,08:00,5
CS201,Data Structures,Section 2,2026-04-26,S3049,Synthetic Student 3049,present,0,qr,11,Sunday,08:00,4
CS201,Data Structures,Section 2,2026-04-26,S3050,Synthetic Student 3050,present,0,qr,11,Sunday,08:00,5
CS201,Data Structures,Section 2,2026-04-26,S3051,Synthetic Student 3051,present,0,qr,11,Sunday,08:00,5
CS201,Data Structures,Section 2,2026-04-26,S3054,Synthetic Student 3054,late,25,qr,11,Sunday,08:00,5
CS201,Data Structures,Section 2,2026-04-26,S3055,Synthetic Student 3055,absent,0,qr,11,Sunday,08:00,4
CS201,Data Structures,Section 2,2026-04-26,S3056,Synthetic Student 3056,present,0,qr,11,Sunday,08:00,4
CS201,Data Structures,Section 2,2026-04-26,S3059,Synthetic Student 3059,present,0,qr,11,Sunday,08:00,5
CS201,Data Structures,Section 2,2026-04-26,S3061,Synthetic Student 3061,absent,0,qr,11,Sunday,08:00,4
CS201,Data Structures,Section 2,2026-04-26,S3062,Synthetic Student 3062,absent,0,qr,11,Sunday,08:00,5
CS201,Data Structures,Section 2,2026-04-26,S3066,Synthetic Student 3066,present,0,qr,11,Sunday,08:00,3
CS201,Data Structures,Section 2,2026-04-26,S3067,Synthetic Student 3067,present,0,qr,11,Sunday,08:00,5
CS201,Data Structures,Section 2,2026-04-26,S3069,Synthetic Student 3069,present,0,qr,11,Sunday,08:00,3
CS201,Data Structures,Section 2,2026-04-26,S3072,Synthetic Student 3072,present,0,qr,11,Sunday,08:00,2
CS201,Data Structures,Section 2,2026-04-26,S3073,Synthetic Student 3073,present,0,qr,11,Sunday,08:00,3
CS201,Data Structures,Section 2,2026-04-26,S3074,Synthetic Student 3074,absent,0,qr,11,Sunday,08:00,4
CS201,Data Structures,Section 2,2026-04-26,S3076,Synthetic Student 3076,present,0,qr,11,Sunday,08:00,3
CS201,Data Structures,Section 2,2026-04-26,S3084,Synthetic Student 3084,present,0,qr,11,Sunday,08:00,5
CS201,Data Structures,Section 2,2026-04-26,S3087,Synthetic Student 3087,present,0,qr,11,Sunday,08:00,3
CS201,Data Structures,Section 2,2026-04-26,S3088,Synthetic Student 3088,present,0,qr,11,Sunday,08:00,4
ENG101,Technical English,Section 1,2026-04-26,S3002,Synthetic Student 3002,absent,0,qr,11,Sunday,08:00,5
ENG101,Technical English,Section 1,2026-04-26,S3005,Synthetic Student 3005,absent,0,qr,11,Sunday,08:00,5
ENG101,Technical English,Section 1,2026-04-26,S3010,Synthetic Student 3010,absent,0,qr,11,Sunday,08:00,5
ENG101,Technical English,Section 1,2026-04-26,S3011,Synthetic Student 3011,absent,0,qr,11,Sunday,08:00,3
ENG101,Technical English,Section 1,2026-04-26,S3013,Synthetic Student 3013,present,0,qr,11,Sunday,08:00,3
ENG101,Technical English,Section 1,2026-04-26,S3015,Synthetic Student 3015,absent,0,qr,11,Sunday,08:00,4
ENG101,Technical English,Section 1,2026-04-26,S3017,Synthetic Student 3017,present,0,qr,11,Sunday,08:00,4
ENG101,Technical English,Section 1,2026-04-26,S3021,Synthetic Student 3021,present,0,qr,11,Sunday,08:00,3
ENG101,Technical English,Section 1,2026-04-26,S3030,Synthetic Student 3030,absent,0,qr,11,Sunday,08:00,3
ENG101,Technical English,Section 1,2026-04-26,S3032,Synthetic Student 3032,present,0,qr,11,Sunday,08:00,5
ENG101,Technical English,Section 1,2026-04-26,S3034,Synthetic Student 3034,present,0,qr,11,Sunday,08:00,4
ENG101,Technical English,Section 1,2026-04-26,S3037,Synthetic Student 3037,present,0,qr,11,Sunday,08:00,3
ENG101,Technical English,Section 1,2026-04-26,S3040,Synthetic Student 3040,absent,0,qr,11,Sunday,08:00,5
ENG101,Technical English,Section 1,2026-04-26,S3041,Synthetic Student 3041,present,0,qr,11,Sunday,08:00,5
ENG101,Technical English,Section 1,2026-04-26,S3044,Synthetic Student 3044,late,22,qr,11,Sunday,08:00,4
ENG101,Technical English,Section 1,2026-04-26,S3045,Synthetic Student 3045,late,37,qr,11,Sunday,08:00,5
ENG101,Technical English,Section 1,2026-04-26,S3048,Synthetic Student 3048,present,0,qr,11,Sunday,08:00,5
ENG101,Technical English,Section 1,2026-04-26,S3050,Synthetic Student 3050,present,0,qr,11,Sunday,08:00,5
ENG101,Technical English,Section 1,2026-04-26,S3054,Synthetic Student 3054,absent,0,qr,11,Sunday,08:00,5
ENG101,Technical English,Section 1,2026-04-26,S3059,Synthetic Student 3059,present,0,qr,11,Sunday,08:00,5
ENG101,Technical English,Section 1,2026-04-26,S3064,Synthetic Student 3064,present,0,qr,11,Sunday,08:00,2
ENG101,Technical English,Section 1,2026-04-26,S3068,Synthetic Student 3068,absent,0,qr,11,Sunday,08:00,5
ENG101,Technical English,Section 1,2026-04-26,S3069,Synthetic Student 3069,present,0,qr,11,Sunday,08:00,3
ENG101,Technical English,Section 1,2026-04-26,S3071,Synthetic Student 3071,excused,0,manual,11,Sunday,08:00,3
ENG101,Technical English,Section 1,2026-04-26,S3072,Synthetic Student 3072,late,35,qr,11,Sunday,08:00,2
ENG101,Technical English,Section 1,2026-04-26,S3075,Synthetic Student 3075,late,38,qr,11,Sunday,08:00,4
ENG101,Technical English,Section 1,2026-04-26,S3078,Synthetic Student 3078,absent,0,qr,11,Sunday,08:00,2
ENG101,Technical English,Section 1,2026-04-26,S3081,Synthetic Student 3081,absent,0,qr,11,Sunday,08:00,5
ENG101,Technical English,Section 1,2026-04-26,S3083,Synthetic Student 3083,absent,0,qr,11,Sunday,08:00,5
ENG101,Technical English,Section 1,2026-04-26,S3086,Synthetic Student 3086,absent,0,qr,11,Sunday,08:00,3
ENG101,Technical English,Section 1,2026-04-26,S3090,Synthetic Student 3090,present,0,qr,11,Sunday,08:00,3
ENG101,Technical English,Section 2,2026-04-29,S3003,Synthetic Student 3003,present,0,qr,11,Wednesday,10:00,3
ENG101,Technical English,Section 2,2026-04-29,S3008,Synthetic Student 3008,absent,0,qr,11,Wednesday,10:00,4
ENG101,Technical English,Section 2,2026-04-29,S3012,Synthetic Student 3012,present,0,qr,11,Wednesday,10:00,5
ENG101,Technical English,Section 2,2026-04-29,S3016,Synthetic Student 3016,excused,0,manual,11,Wednesday,10:00,3
ENG101,Technical English,Section 2,2026-04-29,S3024,Synthetic Student 3024,present,0,qr,11,Wednesday,10:00,5
ENG101,Technical English,Section 2,2026-04-29,S3027,Synthetic Student 3027,absent,0,qr,11,Wednesday,10:00,5
ENG101,Technical English,Section 2,2026-04-29,S3028,Synthetic Student 3028,absent,0,qr,11,Wednesday,10:00,3
ENG101,Technical English,Section 2,2026-04-29,S3031,Synthetic Student 3031,present,0,qr,11,Wednesday,10:00,5
ENG101,Technical English,Section 2,2026-04-29,S3033,Synthetic Student 3033,present,0,qr,11,Wednesday,10:00,5
ENG101,Technical English,Section 2,2026-04-29,S3038,Synthetic Student 3038,absent,0,qr,11,Wednesday,10:00,4
ENG101,Technical English,Section 2,2026-04-29,S3039,Synthetic Student 3039,absent,0,qr,11,Wednesday,10:00,4
ENG101,Technical English,Section 2,2026-04-29,S3042,Synthetic Student 3042,absent,0,qr,11,Wednesday,10:00,5
ENG101,Technical English,Section 2,2026-04-29,S3043,Synthetic Student 3043,present,0,qr,11,Wednesday,10:00,4
ENG101,Technical English,Section 2,2026-04-29,S3047,Synthetic Student 3047,present,0,qr,11,Wednesday,10:00,2
ENG101,Technical English,Section 2,2026-04-29,S3051,Synthetic Student 3051,absent,0,qr,11,Wednesday,10:00,5
ENG101,Technical English,Section 2,2026-04-29,S3052,Synthetic Student 3052,present,0,qr,11,Wednesday,10:00,2
ENG101,Technical English,Section 2,2026-04-29,S3055,Synthetic Student 3055,absent,0,qr,11,Wednesday,10:00,4
ENG101,Technical English,Section 2,2026-04-29,S3058,Synthetic Student 3058,present,0,qr,11,Wednesday,10:00,3
ENG101,Technical English,Section 2,2026-04-29,S3062,Synthetic Student 3062,absent,0,qr,11,Wednesday,10:00,5
ENG101,Technical English,Section 2,2026-04-29,S3063,Synthetic Student 3063,late,36,qr,11,Wednesday,10:00,3
ENG101,Technical English,Section 2,2026-04-29,S3067,Synthetic Student 3067,present,0,qr,11,Wednesday,10:00,5
ENG101,Technical English,Section 2,2026-04-29,S3070,Synthetic Student 3070,absent,0,qr,11,Wednesday,10:00,5
ENG101,Technical English,Section 2,2026-04-29,S3076,Synthetic Student 3076,present,0,qr,11,Wednesday,10:00,3
ENG101,Technical English,Section 2,2026-04-29,S3079,Synthetic Student 3079,absent,0,qr,11,Wednesday,10:00,5
ENG101,Technical English,Section 2,2026-04-29,S3080,Synthetic Student 3080,present,0,qr,11,Wednesday,10:00,4
ENG101,Technical English,Section 2,2026-04-29,S3084,Synthetic Student 3084,present,0,qr,11,Wednesday,10:00,5
ENG101,Technical English,Section 2,2026-04-29,S3085,Synthetic Student 3085,present,0,qr,11,Wednesday,10:00,5
MATH101,Calculus I,Section 2,2026-04-29,S3002,Synthetic Student 3002,present,0,qr,11,Wednesday,14:00,5
MATH101,Calculus I,Section 2,2026-04-29,S3003,Synthetic Student 3003,present,0,qr,11,Wednesday,14:00,3
MATH101,Calculus I,Section 2,2026-04-29,S3004,Synthetic Student 3004,present,0,qr,11,Wednesday,14:00,3
MATH101,Calculus I,Section 2,2026-04-29,S3009,Synthetic Student 3009,present,0,qr,11,Wednesday,14:00,4
MATH101,Calculus I,Section 2,2026-04-29,S3019,Synthetic Student 3019,present,0,qr,11,Wednesday,14:00,3
MATH101,Calculus I,Section 2,2026-04-29,S3024,Synthetic Student 3024,absent,0,qr,11,Wednesday,14:00,5
MATH101,Calculus I,Section 2,2026-04-29,S3025,Synthetic Student 3025,late,30,qr,11,Wednesday,14:00,2
MATH101,Calculus I,Section 2,2026-04-29,S3031,Synthetic Student 3031,late,22,qr,11,Wednesday,14:00,5
MATH101,Calculus I,Section 2,2026-04-29,S3033,Synthetic Student 3033,absent,0,qr,11,Wednesday,14:00,5
MATH101,Calculus I,Section 2,2026-04-29,S3034,Synthetic Student 3034,absent,0,qr,11,Wednesday,14:00,4
MATH101,Calculus I,Section 2,2026-04-29,S3039,Synthetic Student 3039,present,0,qr,11,Wednesday,14:00,4
MATH101,Calculus I,Section 2,2026-04-29,S3040,Synthetic Student 3040,present,0,qr,11,Wednesday,14:00,5
MATH101,Calculus I,Section 2,2026-04-29,S3041,Synthetic Student 3041,present,0,qr,11,Wednesday,14:00,5
MATH101,Calculus I,Section 2,2026-04-29,S3042,Synthetic Student 3042,excused,0,manual,11,Wednesday,14:00,5
MATH101,Calculus I,Section 2,2026-04-29,S3046,Synthetic Student 3046,absent,0,qr,11,Wednesday,14:00,3
MATH101,Calculus I,Section 2,2026-04-29,S3049,Synthetic Student 3049,absent,0,qr,11,Wednesday,14:00,4
MATH101,Calculus I,Section 2,2026-04-29,S3051,Synthetic Student 3051,present,0,qr,11,Wednesday,14:00,5
MATH101,Calculus I,Section 2,2026-04-29,S3052,Synthetic Student 3052,absent,0,qr,11,Wednesday,14:00,2
MATH101,Calculus I,Section 2,2026-04-29,S3053,Synthetic Student 3053,present,0,qr,11,Wednesday,14:00,2
MATH101,Calculus I,Section 2,2026-04-29,S3055,Synthetic Student 3055,absent,0,qr,11,Wednesday,14:00,4
MATH101,Calculus I,Section 2,2026-04-29,S3056,Synthetic Student 3056,present,0,qr,11,Wednesday,14:00,4
MATH101,Calculus I,Section 2,2026-04-29,S3062,Synthetic Student 3062,absent,0,qr,11,Wednesday,14:00,5
MATH101,Calculus I,Section 2,2026-04-29,S3065,Synthetic Student 3065,present,0,qr,11,Wednesday,14:00,2
MATH101,Calculus I,Section 2,2026-04-29,S3066,Synthetic Student 3066,present,0,qr,11,Wednesday,14:00,3
MATH101,Calculus I,Section 2,2026-04-29,S3068,Synthetic Student 3068,present,0,qr,11,Wednesday,14:00,5
MATH101,Calculus I,Section 2,2026-04-29,S3070,Synthetic Student 3070,absent,0,qr,11,Wednesday,14:00,5
MATH101,Calculus I,Section 2,2026-04-29,S3077,Synthetic Student 3077,absent,0,qr,11,Wednesday,14:00,3
MATH101,Calculus I,Section 2,2026-04-29,S3082,Synthetic Student 3082,present,0,qr,11,Wednesday,14:00,2
MATH101,Calculus I,Section 2,2026-04-29,S3083,Synthetic Student 3083,present,0,qr,11,Wednesday,14:00,5
MATH101,Calculus I,Section 2,2026-04-29,S3085,Synthetic Student 3085,absent,0,qr,11,Wednesday,14:00,5
MATH101,Calculus I,Section 2,2026-04-29,S3087,Synthetic Student 3087,present,0,qr,11,Wednesday,14:00,3
MATH101,Calculus I,Section 2,2026-04-29,S3089,Synthetic Student 3089,present,0,qr,11,Wednesday,14:00,2
CS101,Intro to Programming,Section 1,2026-04-30,S3004,Synthetic Student 3004,present,0,qr,11,Thursday,08:00,3
CS101,Intro to Programming,Section 1,2026-04-30,S3007,Synthetic Student 3007,present,0,qr,11,Thursday,08:00,2
CS101,Intro to Programming,Section 1,2026-04-30,S3008,Synthetic Student 3008,absent,0,qr,11,Thursday,08:00,4
CS101,Intro to Programming,Section 1,2026-04-30,S3010,Synthetic Student 3010,present,0,qr,11,Thursday,08:00,5
CS101,Intro to Programming,Section 1,2026-04-30,S3012,Synthetic Student 3012,present,0,qr,11,Thursday,08:00,5
CS101,Intro to Programming,Section 1,2026-04-30,S3014,Synthetic Student 3014,absent,0,qr,11,Thursday,08:00,2
CS101,Intro to Programming,Section 1,2026-04-30,S3020,Synthetic Student 3020,present,0,qr,11,Thursday,08:00,2
CS101,Intro to Programming,Section 1,2026-04-30,S3022,Synthetic Student 3022,present,0,qr,11,Thursday,08:00,3
CS101,Intro to Programming,Section 1,2026-04-30,S3024,Synthetic Student 3024,present,0,qr,11,Thursday,08:00,5
CS101,Intro to Programming,Section 1,2026-04-30,S3030,Synthetic Student 3030,absent,0,qr,11,Thursday,08:00,3
CS101,Intro to Programming,Section 1,2026-04-30,S3031,Synthetic Student 3031,present,0,qr,11,Thursday,08:00,5
CS101,Intro to Programming,Section 1,2026-04-30,S3032,Synthetic Student 3032,late,21,qr,11,Thursday,08:00,5
CS101,Intro to Programming,Section 1,2026-04-30,S3034,Synthetic Student 3034,present,0,qr,11,Thursday,08:00,4
CS101,Intro to Programming,Section 1,2026-04-30,S3036,Synthetic Student 3036,absent,0,qr,11,Thursday,08:00,4
CS101,Intro to Programming,Section 1,2026-04-30,S3038,Synthetic Student 3038,absent,0,qr,11,Thursday,08:00,4
CS101,Intro to Programming,Section 1,2026-04-30,S3041,Synthetic Student 3041,present,0,qr,11,Thursday,08:00,5
CS101,Intro to Programming,Section 1,2026-04-30,S3045,Synthetic Student 3045,absent,0,qr,11,Thursday,08:00,5
CS101,Intro to Programming,Section 1,2026-04-30,S3056,Synthetic Student 3056,present,0,qr,11,Thursday,08:00,4
CS101,Intro to Programming,Section 1,2026-04-30,S3058,Synthetic Student 3058,present,0,qr,11,Thursday,08:00,3
CS101,Intro to Programming,Section 1,2026-04-30,S3059,Synthetic Student 3059,absent,0,qr,11,Thursday,08:00,5
CS101,Intro to Programming,Section 1,2026-04-30,S3060,Synthetic Student 3060,present,0,qr,11,Thursday,08:00,2
CS101,Intro to Programming,Section 1,2026-04-30,S3061,Synthetic Student 3061,present,0,qr,11,Thursday,08:00,4
CS101,Intro to Programming,Section 1,2026-04-30,S3063,Synthetic Student 3063,absent,0,qr,11,Thursday,08:00,3
CS101,Intro to Programming,Section 1,2026-04-30,S3068,Synthetic Student 3068,absent,0,qr,11,Thursday,08:00,5
CS101,Intro to Programming,Section 1,2026-04-30,S3071,Synthetic Student 3071,present,0,qr,11,Thursday,08:00,3
CS101,Intro to Programming,Section 1,2026-04-30,S3073,Synthetic Student 3073,present,0,qr,11,Thursday,08:00,3
CS101,Intro to Programming,Section 1,2026-04-30,S3074,Synthetic Student 3074,absent,0,qr,11,Thursday,08:00,4
CS101,Intro to Programming,Section 1,2026-04-30,S3080,Synthetic Student 3080,present,0,qr,11,Thursday,08:00,4
CS101,Intro to Programming,Section 1,2026-04-30,S3082,Synthetic Student 3082,absent,0,qr,11,Thursday,08:00,2
CS101,Intro to Programming,Section 1,2026-04-30,S3086,Synthetic Student 3086,present,0,qr,11,Thursday,08:00,3
CS101,Intro to Programming,Section 1,2026-04-30,S3089,Synthetic Student 3089,present,0,qr,11,Thursday,08:00,2
MATH101,Calculus I,Section 1,2026-04-30,S3005,Synthetic Student 3005,present,0,qr,11,Thursday,08:00,5
MATH101,Calculus I,Section 1,2026-04-30,S3007,Synthetic Student 3007,absent,0,qr,11,Thursday,08:00,2
MATH101,Calculus I,Section 1,2026-04-30,S3010,Synthetic Student 3010,absent,0,qr,11,Thursday,08:00,5
MATH101,Calculus I,Section 1,2026-04-30,S3012,Synthetic Student 3012,present,0,qr,11,Thursday,08:00,5
MATH101,Calculus I,Section 1,2026-04-30,S3013,Synthetic Student 3013,absent,0,qr,11,Thursday,08:00,3
MATH101,Calculus I,Section 1,2026-04-30,S3015,Synthetic Student 3015,absent,0,qr,11,Thursday,08:00,4
MATH101,Calculus I,Section 1,2026-04-30,S3016,Synthetic Student 3016,present,0,qr,11,Thursday,08:00,3
MATH101,Calculus I,Section 1,2026-04-30,S3017,Synthetic Student 3017,absent,0,qr,11,Thursday,08:00,4
MATH101,Calculus I,Section 1,2026-04-30,S3018,Synthetic Student 3018,late,34,qr,11,Thursday,08:00,3
MATH101,Calculus I,Section 1,2026-04-30,S3022,Synthetic Student 3022,present,0,qr,11,Thursday,08:00,3
MATH101,Calculus I,Section 1,2026-04-30,S3023,Synthetic Student 3023,present,0,qr,11,Thursday,08:00,2
MATH101,Calculus I,Section 1,2026-04-30,S3027,Synthetic Student 3027,late,30,qr,11,Thursday,08:00,5
MATH101,Calculus I,Section 1,2026-04-30,S3028,Synthetic Student 3028,absent,0,qr,11,Thursday,08:00,3
MATH101,Calculus I,Section 1,2026-04-30,S3029,Synthetic Student 3029,late,22,qr,11,Thursday,08:00,3
MATH101,Calculus I,Section 1,2026-04-30,S3032,Synthetic Student 3032,absent,0,qr,11,Thursday,08:00,5
MATH101,Calculus I,Section 1,2026-04-30,S3036,Synthetic Student 3036,absent,0,qr,11,Thursday,08:00,4
MATH101,Calculus I,Section 1,2026-04-30,S3038,Synthetic Student 3038,present,0,qr,11,Thursday,08:00,4
MATH101,Calculus I,Section 1,2026-04-30,S3043,Synthetic Student 3043,present,0,qr,11,Thursday,08:00,4
MATH101,Calculus I,Section 1,2026-04-30,S3044,Synthetic Student 3044,late,17,qr,11,Thursday,08:00,4
MATH101,Calculus I,Section 1,2026-04-30,S3045,Synthetic Student 3045,present,0,qr,11,Thursday,08:00,5
MATH101,Calculus I,Section 1,2026-04-30,S3048,Synthetic Student 3048,present,0,qr,11,Thursday,08:00,5
MATH101,Calculus I,Section 1,2026-04-30,S3050,Synthetic Student 3050,present,0,qr,11,Thursday,08:00,5
MATH101,Calculus I,Section 1,2026-04-30,S3054,Synthetic Student 3054,present,0,qr,11,Thursday,08:00,5
MATH101,Calculus I,Section 1,2026-04-30,S3058,Synthetic Student 3058,present,0,qr,11,Thursday,08:00,3
MATH101,Calculus I,Section 1,2026-04-30,S3059,Synthetic Student 3059,absent,0,qr,11,Thursday,08:00,5
MATH101,Calculus I,Section 1,2026-04-30,S3061,Synthetic Student 3061,absent,0,qr,11,Thursday,08:00,4
MATH101,Calculus I,Section 1,2026-04-30,S3067,Synthetic Student 3067,absent,0,qr,11,Thursday,08:00,5
MATH101,Calculus I,Section 1,2026-04-30,S3073,Synthetic Student 3073,absent,0,qr,11,Thursday,08:00,3
MATH101,Calculus I,Section 1,2026-04-30,S3074,Synthetic Student 3074,present,0,qr,11,Thursday,08:00,4
MATH101,Calculus I,Section 1,2026-04-30,S3076,Synthetic Student 3076,present,0,qr,11,Thursday,08:00,3
MATH101,Calculus I,Section 1,2026-04-30,S3079,Synthetic Student 3079,absent,0,qr,11,Thursday,08:00,5
MATH101,Calculus I,Section 1,2026-04-30,S3081,Synthetic Student 3081,absent,0,qr,11,Thursday,08:00,5
MATH101,Calculus I,Section 1,2026-04-30,S3084,Synthetic Student 3084,present,0,qr,11,Thursday,08:00,5
MATH101,Calculus I,Section 1,2026-04-30,S3086,Synthetic Student 3086,present,0,qr,11,Thursday,08:00,3
MATH101,Calculus I,Section 1,2026-04-30,S3088,Synthetic Student 3088,late,21,qr,11,Thursday,08:00,4
MATH101,Calculus I,Section 1,2026-04-30,S3090,Synthetic Student 3090,absent,0,qr,11,Thursday,08:00,3
CS101,Intro to Programming,Section 2,2026-05-02,S3002,Synthetic Student 3002,present,0,qr,12,Saturday,12:00,5
CS101,Intro to Programming,Section 2,2026-05-02,S3003,Synthetic Student 3003,present,0,qr,12,Saturday,12:00,3
CS101,Intro to Programming,Section 2,2026-05-02,S3005,Synthetic Student 3005,present,0,qr,12,Saturday,12:00,5
CS101,Intro to Programming,Section 2,2026-05-02,S3006,Synthetic Student 3006,present,0,qr,12,Saturday,12:00,2
CS101,Intro to Programming,Section 2,2026-05-02,S3009,Synthetic Student 3009,present,0,qr,12,Saturday,12:00,4
CS101,Intro to Programming,Section 2,2026-05-02,S3011,Synthetic Student 3011,absent,0,qr,12,Saturday,12:00,3
CS101,Intro to Programming,Section 2,2026-05-02,S3016,Synthetic Student 3016,late,37,qr,12,Saturday,12:00,3
CS101,Intro to Programming,Section 2,2026-05-02,S3017,Synthetic Student 3017,absent,0,qr,12,Saturday,12:00,4
CS101,Intro to Programming,Section 2,2026-05-02,S3018,Synthetic Student 3018,present,0,qr,12,Saturday,12:00,3
CS101,Intro to Programming,Section 2,2026-05-02,S3019,Synthetic Student 3019,present,0,qr,12,Saturday,12:00,3
CS101,Intro to Programming,Section 2,2026-05-02,S3021,Synthetic Student 3021,present,0,qr,12,Saturday,12:00,3
CS101,Intro to Programming,Section 2,2026-05-02,S3025,Synthetic Student 3025,absent,0,qr,12,Saturday,12:00,2
CS101,Intro to Programming,Section 2,2026-05-02,S3027,Synthetic Student 3027,present,0,qr,12,Saturday,12:00,5
CS101,Intro to Programming,Section 2,2026-05-02,S3029,Synthetic Student 3029,present,0,qr,12,Saturday,12:00,3
CS101,Intro to Programming,Section 2,2026-05-02,S3033,Synthetic Student 3033,present,0,qr,12,Saturday,12:00,5
CS101,Intro to Programming,Section 2,2026-05-02,S3035,Synthetic Student 3035,present,0,qr,12,Saturday,12:00,2
CS101,Intro to Programming,Section 2,2026-05-02,S3040,Synthetic Student 3040,present,0,qr,12,Saturday,12:00,5
CS101,Intro to Programming,Section 2,2026-05-02,S3042,Synthetic Student 3042,present,0,qr,12,Saturday,12:00,5
CS101,Intro to Programming,Section 2,2026-05-02,S3044,Synthetic Student 3044,present,0,qr,12,Saturday,12:00,4
CS101,Intro to Programming,Section 2,2026-05-02,S3046,Synthetic Student 3046,present,0,qr,12,Saturday,12:00,3
CS101,Intro to Programming,Section 2,2026-05-02,S3047,Synthetic Student 3047,absent,0,qr,12,Saturday,12:00,2
CS101,Intro to Programming,Section 2,2026-05-02,S3048,Synthetic Student 3048,absent,0,qr,12,Saturday,12:00,5
CS101,Intro to Programming,Section 2,2026-05-02,S3049,Synthetic Student 3049,absent,0,qr,12,Saturday,12:00,4
CS101,Intro to Programming,Section 2,2026-05-02,S3050,Synthetic Student 3050,present,0,qr,12,Saturday,12:00,5
CS101,Intro to Programming,Section 2,2026-05-02,S3051,Synthetic Student 3051,late,29,qr,12,Saturday,12:00,5
CS101,Intro to Programming,Section 2,2026-05-02,S3054,Synthetic Student 3054,absent,0,qr,12,Saturday,12:00,5
CS101,Intro to Programming,Section 2,2026-05-02,S3057,Synthetic Student 3057,absent,0,qr,12,Saturday,12:00,3
CS101,Intro to Programming,Section 2,2026-05-02,S3062,Synthetic Student 3062,absent,0,qr,12,Saturday,12:00,5
CS101,Intro to Programming,Section 2,2026-05-02,S3067,Synthetic Student 3067,present,0,qr,12,Saturday,12:00,5
CS101,Intro to Programming,Section 2,2026-05-02,S3070,Synthetic Student 3070,present,0,qr,12,Saturday,12:00,5
CS101,Intro to Programming,Section 2,2026-05-02,S3075,Synthetic Student 3075,present,0,qr,12,Saturday,12:00,4
CS101,Intro to Programming,Section 2,2026-05-02,S3078,Synthetic Student 3078,absent,0,qr,12,Saturday,12:00,2
CS101,Intro to Programming,Section 2,2026-05-02,S3079,Synthetic Student 3079,present,0,qr,12,Saturday,12:00,5
CS101,Intro to Programming,Section 2,2026-05-02,S3081,Synthetic Student 3081,present,0,qr,12,Saturday,12:00,5
CS101,Intro to Programming,Section 2,2026-05-02,S3083,Synthetic Student 3083,present,0,qr,12,Saturday,12:00,5
CS101,Intro to Programming,Section 2,2026-05-02,S3084,Synthetic Student 3084,present,0,qr,12,Saturday,12:00,5
CS101,Intro to Programming,Section 2,2026-05-02,S3085,Synthetic Student 3085,present,0,qr,12,Saturday,12:00,5
CS101,Intro to Programming,Section 2,2026-05-02,S3087,Synthetic Student 3087,present,0,qr,12,Saturday,12:00,3
CS101,Intro to Programming,Section 2,2026-05-02,S3088,Synthetic Student 3088,absent,0,qr,12,Saturday,12:00,4
PHY101,Physics I,Section 1,2026-05-02,S3001,Synthetic Student 3001,late,34,qr,12,Saturday,08:00,2
PHY101,Physics I,Section 1,2026-05-02,S3009,Synthetic Student 3009,present,0,qr,12,Saturday,08:00,4
PHY101,Physics I,Section 1,2026-05-02,S3010,Synthetic Student 3010,late,35,qr,12,Saturday,08:00,5
PHY101,Physics I,Section 1,2026-05-02,S3018,Synthetic Student 3018,present,0,qr,12,Saturday,08:00,3
PHY101,Physics I,Section 1,2026-05-02,S3020,Synthetic Student 3020,absent,0,qr,12,Saturday,08:00,2
PHY101,Physics I,Section 1,2026-05-02,S3026,Synthetic Student 3026,present,0,qr,12,Saturday,08:00,2
PHY101,Physics I,Section 1,2026-05-02,S3027,Synthetic Student 3027,present,0,qr,12,Saturday,08:00,5
PHY101,Physics I,Section 1,2026-05-02,S3029,Synthetic Student 3029,present,0,qr,12,Saturday,08:00,3
PHY101,Physics I,Section 1,2026-05-02,S3030,Synthetic Student 3030,present,0,qr,12,Saturday,08:00,3
PHY101,Physics I,Section 1,2026-05-02,S3033,Synthetic Student 3033,present,0,qr,12,Saturday,08:00,5
PHY101,Physics I,Section 1,2026-05-02,S3036,Synthetic Student 3036,present,0,qr,12,Saturday,08:00,4
PHY101,Physics I,Section 1,2026-05-02,S3037,Synthetic Student 3037,present,0,qr,12,Saturday,08:00,3
PHY101,Physics I,Section 1,2026-05-02,S3041,Synthetic Student 3041,absent,0,qr,12,Saturday,08:00,5
PHY101,Physics I,Section 1,2026-05-02,S3043,Synthetic Student 3043,present,0,qr,12,Saturday,08:00,4
PHY101,Physics I,Section 1,2026-05-02,S3044,Synthetic Student 3044,present,0,qr,12,Saturday,08:00,4
PHY101,Physics I,Section 1,2026-05-02,S3045,Synthetic Student 3045,absent,0,qr,12,Saturday,08:00,5
PHY101,Physics I,Section 1,2026-05-02,S3048,Synthetic Student 3048,absent,0,qr,12,Saturday,08:00,5
PHY101,Physics I,Section 1,2026-05-02,S3050,Synthetic Student 3050,present,0,qr,12,Saturday,08:00,5
PHY101,Physics I,Section 1,2026-05-02,S3051,Synthetic Student 3051,present,0,qr,12,Saturday,08:00,5
PHY101,Physics I,Section 1,2026-05-02,S3054,Synthetic Student 3054,present,0,qr,12,Saturday,08:00,5
PHY101,Physics I,Section 1,2026-05-02,S3055,Synthetic Student 3055,present,0,qr,12,Saturday,08:00,4
PHY101,Physics I,Section 1,2026-05-02,S3056,Synthetic Student 3056,late,32,qr,12,Saturday,08:00,4
PHY101,Physics I,Section 1,2026-05-02,S3057,Synthetic Student 3057,absent,0,qr,12,Saturday,08:00,3
PHY101,Physics I,Section 1,2026-05-02,S3059,Synthetic Student 3059,present,0,qr,12,Saturday,08:00,5
PHY101,Physics I,Section 1,2026-05-02,S3060,Synthetic Student 3060,absent,0,qr,12,Saturday,08:00,2
PHY101,Physics I,Section 1,2026-05-02,S3061,Synthetic Student 3061,present,0,qr,12,Saturday,08:00,4
PHY101,Physics I,Section 1,2026-05-02,S3064,Synthetic Student 3064,late,21,qr,12,Saturday,08:00,2
PHY101,Physics I,Section 1,2026-05-02,S3065,Synthetic Student 3065,present,0,qr,12,Saturday,08:00,2
PHY101,Physics I,Section 1,2026-05-02,S3066,Synthetic Student 3066,present,0,qr,12,Saturday,08:00,3
PHY101,Physics I,Section 1,2026-05-02,S3067,Synthetic Student 3067,absent,0,qr,12,Saturday,08:00,5
PHY101,Physics I,Section 1,2026-05-02,S3069,Synthetic Student 3069,excused,0,manual,12,Saturday,08:00,3
PHY101,Physics I,Section 1,2026-05-02,S3071,Synthetic Student 3071,absent,0,qr,12,Saturday,08:00,3
PHY101,Physics I,Section 1,2026-05-02,S3074,Synthetic Student 3074,absent,0,qr,12,Saturday,08:00,4
PHY101,Physics I,Section 1,2026-05-02,S3075,Synthetic Student 3075,present,0,qr,12,Saturday,08:00,4
PHY101,Physics I,Section 1,2026-05-02,S3077,Synthetic Student 3077,present,0,qr,12,Saturday,08:00,3
PHY101,Physics I,Section 1,2026-05-02,S3079,Synthetic Student 3079,absent,0,qr,12,Saturday,08:00,5
PHY101,Physics I,Section 1,2026-05-02,S3080,Synthetic Student 3080,absent,0,qr,12,Saturday,08:00,4
PHY101,Physics I,Section 1,2026-05-02,S3081,Synthetic Student 3081,late,22,qr,12,Saturday,08:00,5
PHY101,Physics I,Section 1,2026-05-02,S3090,Synthetic Student 3090,present,0,qr,12,Saturday,08:00,3
PHY101,Physics I,Section 2,2026-05-02,S3002,Synthetic Student 3002,present,0,qr,12,Saturday,10:00,5
PHY101,Physics I,Section 2,2026-05-02,S3004,Synthetic Student 3004,absent,0,qr,12,Saturday,10:00,3
PHY101,Physics I,Section 2,2026-05-02,S3005,Synthetic Student 3005,absent,0,qr,12,Saturday,10:00,5
PHY101,Physics I,Section 2,2026-05-02,S3008,Synthetic Student 3008,present,0,qr,12,Saturday,10:00,4
PHY101,Physics I,Section 2,2026-05-02,S3012,Synthetic Student 3012,late,18,qr,12,Saturday,10:00,5
PHY101,Physics I,Section 2,2026-05-02,S3015,Synthetic Student 3015,absent,0,qr,12,Saturday,10:00,4
PHY101,Physics I,Section 2,2026-05-02,S3019,Synthetic Student 3019,present,0,qr,12,Saturday,10:00,3
PHY101,Physics I,Section 2,2026-05-02,S3022,Synthetic Student 3022,present,0,qr,12,Saturday,10:00,3
PHY101,Physics I,Section 2,2026-05-02,S3024,Synthetic Student 3024,absent,0,qr,12,Saturday,10:00,5
PHY101,Physics I,Section 2,2026-05-02,S3031,Synthetic Student 3031,present,0,qr,12,Saturday,10:00,5
PHY101,Physics I,Section 2,2026-05-02,S3032,Synthetic Student 3032,present,0,qr,12,Saturday,10:00,5
PHY101,Physics I,Section 2,2026-05-02,S3034,Synthetic Student 3034,absent,0,qr,12,Saturday,10:00,4
PHY101,Physics I,Section 2,2026-05-02,S3035,Synthetic Student 3035,present,0,qr,12,Saturday,10:00,2
PHY101,Physics I,Section 2,2026-05-02,S3039,Synthetic Student 3039,present,0,qr,12,Saturday,10:00,4
PHY101,Physics I,Section 2,2026-05-02,S3040,Synthetic Student 3040,absent,0,qr,12,Saturday,10:00,5
PHY101,Physics I,Section 2,2026-05-02,S3042,Synthetic Student 3042,present,0,qr,12,Saturday,10:00,5
PHY101,Physics I,Section 2,2026-05-02,S3046,Synthetic Student 3046,present,0,qr,12,Saturday,10:00,3
PHY101,Physics I,Section 2,2026-05-02,S3049,Synthetic Student 3049,present,0,qr,12,Saturday,10:00,4
PHY101,Physics I,Section 2,2026-05-02,S3062,Synthetic Student 3062,absent,0,qr,12,Saturday,10:00,5
PHY101,Physics I,Section 2,2026-05-02,S3063,Synthetic Student 3063,absent,0,qr,12,Saturday,10:00,3
PHY101,Physics I,Section 2,2026-05-02,S3068,Synthetic Student 3068,absent,0,qr,12,Saturday,10:00,5
PHY101,Physics I,Section 2,2026-05-02,S3070,Synthetic Student 3070,present,0,qr,12,Saturday,10:00,5
PHY101,Physics I,Section 2,2026-05-02,S3083,Synthetic Student 3083,absent,0,qr,12,Saturday,10:00,5
PHY101,Physics I,Section 2,2026-05-02,S3084,Synthetic Student 3084,present,0,qr,12,Saturday,10:00,5
PHY101,Physics I,Section 2,2026-05-02,S3085,Synthetic Student 3085,absent,0,qr,12,Saturday,10:00,5
PHY101,Physics I,Section 2,2026-05-02,S3088,Synthetic Student 3088,absent,0,qr,12,Saturday,10:00,4
CS201,Data Structures,Section 1,2026-05-03,S3005,Synthetic Student 3005,late,23,qr,12,Sunday,10:00,5
CS201,Data Structures,Section 1,2026-05-03,S3008,Synthetic Student 3008,present,0,qr,12,Sunday,10:00,4
CS201,Data Structures,Section 1,2026-05-03,S3009,Synthetic Student 3009,present,0,qr,12,Sunday,10:00,4
CS201,Data Structures,Section 1,2026-05-03,S3010,Synthetic Student 3010,present,0,qr,12,Sunday,10:00,5
CS201,Data Structures,Section 1,2026-05-03,S3012,Synthetic Student 3012,present,0,qr,12,Sunday,10:00,5
CS201,Data Structures,Section 1,2026-05-03,S3015,Synthetic Student 3015,present,0,qr,12,Sunday,10:00,4
CS201,Data Structures,Section 1,2026-05-03,S3017,Synthetic Student 3017,present,0,qr,12,Sunday,10:00,4
CS201,Data Structures,Section 1,2026-05-03,S3021,Synthetic Student 3021,present,0,qr,12,Sunday,10:00,3
CS201,Data Structures,Section 1,2026-05-03,S3023,Synthetic Student 3023,present,0,qr,12,Sunday,10:00,2
CS201,Data Structures,Section 1,2026-05-03,S3032,Synthetic Student 3032,present,0,qr,12,Sunday,10:00,5
CS201,Data Structures,Section 1,2026-05-03,S3033,Synthetic Student 3033,late,32,qr,12,Sunday,10:00,5
CS201,Data Structures,Section 1,2026-05-03,S3036,Synthetic Student 3036,present,0,qr,12,Sunday,10:00,4
CS201,Data Structures,Section 1,2026-05-03,S3037,Synthetic Student 3037,present,0,qr,12,Sunday,10:00,3
CS201,Data Structures,Section 1,2026-05-03,S3038,Synthetic Student 3038,present,0,qr,12,Sunday,10:00,4
CS201,Data Structures,Section 1,2026-05-03,S3039,Synthetic Student 3039,present,0,qr,12,Sunday,10:00,4
CS201,Data Structures,Section 1,2026-05-03,S3040,Synthetic Student 3040,absent,0,qr,12,Sunday,10:00,5
CS201,Data Structures,Section 1,2026-05-03,S3041,Synthetic Student 3041,absent,0,qr,12,Sunday,10:00,5
CS201,Data Structures,Section 1,2026-05-03,S3043,Synthetic Student 3043,present,0,qr,12,Sunday,10:00,4
CS201,Data Structures,Section 1,2026-05-03,S3048,Synthetic Student 3048,present,0,qr,12,Sunday,10:00,5
CS201,Data Structures,Section 1,2026-05-03,S3053,Synthetic Student 3053,present,0,qr,12,Sunday,10:00,2
CS201,Data Structures,Section 1,2026-05-03,S3057,Synthetic Student 3057,present,0,qr,12,Sunday,10:00,3
CS201,Data Structures,Section 1,2026-05-03,S3068,Synthetic Student 3068,absent,0,qr,12,Sunday,10:00,5
CS201,Data Structures,Section 1,2026-05-03,S3070,Synthetic Student 3070,present,0,qr,12,Sunday,10:00,5
CS201,Data Structures,Section 1,2026-05-03,S3075,Synthetic Student 3075,present,0,qr,12,Sunday,10:00,4
CS201,Data Structures,Section 1,2026-05-03,S3077,Synthetic Student 3077,present,0,qr,12,Sunday,10:00,3
CS201,Data Structures,Section 1,2026-05-03,S3079,Synthetic Student 3079,present,0,qr,12,Sunday,10:00,5
CS201,Data Structures,Section 1,2026-05-03,S3080,Synthetic Student 3080,present,0,qr,12,Sunday,10:00,4
CS201,Data Structures,Section 1,2026-05-03,S3081,Synthetic Student 3081,present,0,qr,12,Sunday,10:00,5
CS201,Data Structures,Section 1,2026-05-03,S3083,Synthetic Student 3083,absent,0,qr,12,Sunday,10:00,5
CS201,Data Structures,Section 1,2026-05-03,S3085,Synthetic Student 3085,late,17,qr,12,Sunday,10:00,5
CS201,Data Structures,Section 2,2026-05-03,S3001,Synthetic Student 3001,late,22,qr,12,Sunday,08:00,2
CS201,Data Structures,Section 2,2026-05-03,S3002,Synthetic Student 3002,present,0,qr,12,Sunday,08:00,5
CS201,Data Structures,Section 2,2026-05-03,S3006,Synthetic Student 3006,present,0,qr,12,Sunday,08:00,2
CS201,Data Structures,Section 2,2026-05-03,S3011,Synthetic Student 3011,excused,0,manual,12,Sunday,08:00,3
CS201,Data Structures,Section 2,2026-05-03,S3013,Synthetic Student 3013,present,0,qr,12,Sunday,08:00,3
CS201,Data Structures,Section 2,2026-05-03,S3014,Synthetic Student 3014,absent,0,qr,12,Sunday,08:00,2
CS201,Data Structures,Section 2,2026-05-03,S3024,Synthetic Student 3024,late,24,qr,12,Sunday,08:00,5
CS201,Data Structures,Section 2,2026-05-03,S3026,Synthetic Student 3026,late,29,qr,12,Sunday,08:00,2
CS201,Data Structures,Section 2,2026-05-03,S3027,Synthetic Student 3027,absent,0,qr,12,Sunday,08:00,5
CS201,Data Structures,Section 2,2026-05-03,S3028,Synthetic Student 3028,late,20,qr,12,Sunday,08:00,3
CS201,Data Structures,Section 2,2026-05-03,S3031,Synthetic Student 3031,present,0,qr,12,Sunday,08:00,5
CS201,Data Structures,Section 2,2026-05-03,S3042,Synthetic Student 3042,present,0,qr,12,Sunday,08:00,5
CS201,Data Structures,Section 2,2026-05-03,S3045,Synthetic Student 3045,present,0,qr,12,Sunday,08:00,5
CS201,Data Structures,Section 2,2026-05-03,S3049,Synthetic Student 3049,late,17,qr,12,Sunday,08:00,4
CS201,Data Structures,Section 2,2026-05-03,S3050,Synthetic Student 3050,late,36,qr,12,Sunday,08:00,5
CS201,Data Structures,Section 2,2026-05-03,S3051,Synthetic Student 3051,present,0,qr,12,Sunday,08:00,5
CS201,Data Structures,Section 2,2026-05-03,S3054,Synthetic Student 3054,absent,0,qr,12,Sunday,08:00,5
CS201,Data Structures,Section 2,2026-05-03,S3055,Synthetic Student 3055,absent,0,qr,12,Sunday,08:00,4
CS201,Data Structures,Section 2,2026-05-03,S3056,Synthetic Student 3056,present,0,qr,12,Sunday,08:00,4
CS201,Data Structures,Section 2,2026-05-03,S3059,Synthetic Student 3059,present,0,qr,12,Sunday,08:00,5
CS201,Data Structures,Section 2,2026-05-03,S3061,Synthetic Student 3061,present,0,qr,12,Sunday,08:00,4
CS201,Data Structures,Section 2,2026-05-03,S3062,Synthetic Student 3062,excused,0,manual,12,Sunday,08:00,5
CS201,Data Structures,Section 2,2026-05-03,S3066,Synthetic Student 3066,present,0,qr,12,Sunday,08:00,3
CS201,Data Structures,Section 2,2026-05-03,S3067,Synthetic Student 3067,present,0,qr,12,Sunday,08:00,5
CS201,Data Structures,Section 2,2026-05-03,S3069,Synthetic Student 3069,absent,0,qr,12,Sunday,08:00,3
CS201,Data Structures,Section 2,2026-05-03,S3072,Synthetic Student 3072,present,0,qr,12,Sunday,08:00,2
CS201,Data Structures,Section 2,2026-05-03,S3073,Synthetic Student 3073,present,0,qr,12,Sunday,08:00,3
CS201,Data Structures,Section 2,2026-05-03,S3074,Synthetic Student 3074,present,0,qr,12,Sunday,08:00,4
CS201,Data Structures,Section 2,2026-05-03,S3076,Synthetic Student 3076,present,0,qr,12,Sunday,08:00,3
CS201,Data Structures,Section 2,2026-05-03,S3084,Synthetic Student 3084,present,0,qr,12,Sunday,08:00,5
CS201,Data Structures,Section 2,2026-05-03,S3087,Synthetic Student 3087,present,0,qr,12,Sunday,08:00,3
CS201,Data Structures,Section 2,2026-05-03,S3088,Synthetic Student 3088,present,0,qr,12,Sunday,08:00,4
ENG101,Technical English,Section 1,2026-05-03,S3002,Synthetic Student 3002,absent,0,qr,12,Sunday,08:00,5
ENG101,Technical English,Section 1,2026-05-03,S3005,Synthetic Student 3005,present,0,qr,12,Sunday,08:00,5
ENG101,Technical English,Section 1,2026-05-03,S3010,Synthetic Student 3010,present,0,qr,12,Sunday,08:00,5
ENG101,Technical English,Section 1,2026-05-03,S3011,Synthetic Student 3011,absent,0,qr,12,Sunday,08:00,3
ENG101,Technical English,Section 1,2026-05-03,S3013,Synthetic Student 3013,late,30,qr,12,Sunday,08:00,3
ENG101,Technical English,Section 1,2026-05-03,S3015,Synthetic Student 3015,present,0,qr,12,Sunday,08:00,4
ENG101,Technical English,Section 1,2026-05-03,S3017,Synthetic Student 3017,present,0,qr,12,Sunday,08:00,4
ENG101,Technical English,Section 1,2026-05-03,S3021,Synthetic Student 3021,present,0,qr,12,Sunday,08:00,3
ENG101,Technical English,Section 1,2026-05-03,S3030,Synthetic Student 3030,present,0,qr,12,Sunday,08:00,3
ENG101,Technical English,Section 1,2026-05-03,S3032,Synthetic Student 3032,present,0,qr,12,Sunday,08:00,5
ENG101,Technical English,Section 1,2026-05-03,S3034,Synthetic Student 3034,present,0,qr,12,Sunday,08:00,4
ENG101,Technical English,Section 1,2026-05-03,S3037,Synthetic Student 3037,present,0,qr,12,Sunday,08:00,3
ENG101,Technical English,Section 1,2026-05-03,S3040,Synthetic Student 3040,present,0,qr,12,Sunday,08:00,5
ENG101,Technical English,Section 1,2026-05-03,S3041,Synthetic Student 3041,excused,0,manual,12,Sunday,08:00,5
ENG101,Technical English,Section 1,2026-05-03,S3044,Synthetic Student 3044,absent,0,qr,12,Sunday,08:00,4
ENG101,Technical English,Section 1,2026-05-03,S3045,Synthetic Student 3045,absent,0,qr,12,Sunday,08:00,5
ENG101,Technical English,Section 1,2026-05-03,S3048,Synthetic Student 3048,present,0,qr,12,Sunday,08:00,5
ENG101,Technical English,Section 1,2026-05-03,S3050,Synthetic Student 3050,present,0,qr,12,Sunday,08:00,5
ENG101,Technical English,Section 1,2026-05-03,S3054,Synthetic Student 3054,late,29,qr,12,Sunday,08:00,5
ENG101,Technical English,Section 1,2026-05-03,S3059,Synthetic Student 3059,present,0,qr,12,Sunday,08:00,5
ENG101,Technical English,Section 1,2026-05-03,S3064,Synthetic Student 3064,present,0,qr,12,Sunday,08:00,2
ENG101,Technical English,Section 1,2026-05-03,S3068,Synthetic Student 3068,absent,0,qr,12,Sunday,08:00,5
ENG101,Technical English,Section 1,2026-05-03,S3069,Synthetic Student 3069,present,0,qr,12,Sunday,08:00,3
ENG101,Technical English,Section 1,2026-05-03,S3071,Synthetic Student 3071,present,0,qr,12,Sunday,08:00,3
ENG101,Technical English,Section 1,2026-05-03,S3072,Synthetic Student 3072,absent,0,qr,12,Sunday,08:00,2
ENG101,Technical English,Section 1,2026-05-03,S3075,Synthetic Student 3075,absent,0,qr,12,Sunday,08:00,4
ENG101,Technical English,Section 1,2026-05-03,S3078,Synthetic Student 3078,present,0,qr,12,Sunday,08:00,2
ENG101,Technical English,Section 1,2026-05-03,S3081,Synthetic Student 3081,late,27,qr,12,Sunday,08:00,5
ENG101,Technical English,Section 1,2026-05-03,S3083,Synthetic Student 3083,present,0,qr,12,Sunday,08:00,5
ENG101,Technical English,Section 1,2026-05-03,S3086,Synthetic Student 3086,present,0,qr,12,Sunday,08:00,3
ENG101,Technical English,Section 1,2026-05-03,S3090,Synthetic Student 3090,present,0,qr,12,Sunday,08:00,3
ENG101,Technical English,Section 2,2026-05-06,S3003,Synthetic Student 3003,present,0,qr,12,Wednesday,10:00,3
ENG101,Technical English,Section 2,2026-05-06,S3008,Synthetic Student 3008,present,0,qr,12,Wednesday,10:00,4
ENG101,Technical English,Section 2,2026-05-06,S3012,Synthetic Student 3012,absent,0,qr,12,Wednesday,10:00,5
ENG101,Technical English,Section 2,2026-05-06,S3016,Synthetic Student 3016,present,0,qr,12,Wednesday,10:00,3
ENG101,Technical English,Section 2,2026-05-06,S3024,Synthetic Student 3024,present,0,qr,12,Wednesday,10:00,5
ENG101,Technical English,Section 2,2026-05-06,S3027,Synthetic Student 3027,present,0,qr,12,Wednesday,10:00,5
ENG101,Technical English,Section 2,2026-05-06,S3028,Synthetic Student 3028,present,0,qr,12,Wednesday,10:00,3
ENG101,Technical English,Section 2,2026-05-06,S3031,Synthetic Student 3031,absent,0,qr,12,Wednesday,10:00,5
ENG101,Technical English,Section 2,2026-05-06,S3033,Synthetic Student 3033,present,0,qr,12,Wednesday,10:00,5
ENG101,Technical English,Section 2,2026-05-06,S3038,Synthetic Student 3038,present,0,qr,12,Wednesday,10:00,4
ENG101,Technical English,Section 2,2026-05-06,S3039,Synthetic Student 3039,present,0,qr,12,Wednesday,10:00,4
ENG101,Technical English,Section 2,2026-05-06,S3042,Synthetic Student 3042,present,0,qr,12,Wednesday,10:00,5
ENG101,Technical English,Section 2,2026-05-06,S3043,Synthetic Student 3043,present,0,qr,12,Wednesday,10:00,4
ENG101,Technical English,Section 2,2026-05-06,S3047,Synthetic Student 3047,excused,0,manual,12,Wednesday,10:00,2
ENG101,Technical English,Section 2,2026-05-06,S3051,Synthetic Student 3051,absent,0,qr,12,Wednesday,10:00,5
ENG101,Technical English,Section 2,2026-05-06,S3052,Synthetic Student 3052,present,0,qr,12,Wednesday,10:00,2
ENG101,Technical English,Section 2,2026-05-06,S3055,Synthetic Student 3055,present,0,qr,12,Wednesday,10:00,4
ENG101,Technical English,Section 2,2026-05-06,S3058,Synthetic Student 3058,present,0,qr,12,Wednesday,10:00,3
ENG101,Technical English,Section 2,2026-05-06,S3062,Synthetic Student 3062,absent,0,qr,12,Wednesday,10:00,5
ENG101,Technical English,Section 2,2026-05-06,S3063,Synthetic Student 3063,late,19,qr,12,Wednesday,10:00,3
ENG101,Technical English,Section 2,2026-05-06,S3067,Synthetic Student 3067,present,0,qr,12,Wednesday,10:00,5
ENG101,Technical English,Section 2,2026-05-06,S3070,Synthetic Student 3070,absent,0,qr,12,Wednesday,10:00,5
ENG101,Technical English,Section 2,2026-05-06,S3076,Synthetic Student 3076,absent,0,qr,12,Wednesday,10:00,3
ENG101,Technical English,Section 2,2026-05-06,S3079,Synthetic Student 3079,absent,0,qr,12,Wednesday,10:00,5
ENG101,Technical English,Section 2,2026-05-06,S3080,Synthetic Student 3080,excused,0,manual,12,Wednesday,10:00,4
ENG101,Technical English,Section 2,2026-05-06,S3084,Synthetic Student 3084,present,0,qr,12,Wednesday,10:00,5
ENG101,Technical English,Section 2,2026-05-06,S3085,Synthetic Student 3085,excused,0,manual,12,Wednesday,10:00,5
MATH101,Calculus I,Section 2,2026-05-06,S3002,Synthetic Student 3002,absent,0,qr,12,Wednesday,14:00,5
MATH101,Calculus I,Section 2,2026-05-06,S3003,Synthetic Student 3003,excused,0,manual,12,Wednesday,14:00,3
MATH101,Calculus I,Section 2,2026-05-06,S3004,Synthetic Student 3004,present,0,qr,12,Wednesday,14:00,3
MATH101,Calculus I,Section 2,2026-05-06,S3009,Synthetic Student 3009,present,0,qr,12,Wednesday,14:00,4
MATH101,Calculus I,Section 2,2026-05-06,S3019,Synthetic Student 3019,present,0,qr,12,Wednesday,14:00,3
MATH101,Calculus I,Section 2,2026-05-06,S3024,Synthetic Student 3024,present,0,qr,12,Wednesday,14:00,5
MATH101,Calculus I,Section 2,2026-05-06,S3025,Synthetic Student 3025,present,0,qr,12,Wednesday,14:00,2
MATH101,Calculus I,Section 2,2026-05-06,S3031,Synthetic Student 3031,present,0,qr,12,Wednesday,14:00,5
MATH101,Calculus I,Section 2,2026-05-06,S3033,Synthetic Student 3033,absent,0,qr,12,Wednesday,14:00,5
MATH101,Calculus I,Section 2,2026-05-06,S3034,Synthetic Student 3034,excused,0,manual,12,Wednesday,14:00,4
MATH101,Calculus I,Section 2,2026-05-06,S3039,Synthetic Student 3039,present,0,qr,12,Wednesday,14:00,4
MATH101,Calculus I,Section 2,2026-05-06,S3040,Synthetic Student 3040,present,0,qr,12,Wednesday,14:00,5
MATH101,Calculus I,Section 2,2026-05-06,S3041,Synthetic Student 3041,present,0,qr,12,Wednesday,14:00,5
MATH101,Calculus I,Section 2,2026-05-06,S3042,Synthetic Student 3042,present,0,qr,12,Wednesday,14:00,5
MATH101,Calculus I,Section 2,2026-05-06,S3046,Synthetic Student 3046,absent,0,qr,12,Wednesday,14:00,3
MATH101,Calculus I,Section 2,2026-05-06,S3049,Synthetic Student 3049,absent,0,qr,12,Wednesday,14:00,4
MATH101,Calculus I,Section 2,2026-05-06,S3051,Synthetic Student 3051,absent,0,qr,12,Wednesday,14:00,5
MATH101,Calculus I,Section 2,2026-05-06,S3052,Synthetic Student 3052,present,0,qr,12,Wednesday,14:00,2
MATH101,Calculus I,Section 2,2026-05-06,S3053,Synthetic Student 3053,absent,0,qr,12,Wednesday,14:00,2
MATH101,Calculus I,Section 2,2026-05-06,S3055,Synthetic Student 3055,present,0,qr,12,Wednesday,14:00,4
MATH101,Calculus I,Section 2,2026-05-06,S3056,Synthetic Student 3056,absent,0,qr,12,Wednesday,14:00,4
MATH101,Calculus I,Section 2,2026-05-06,S3062,Synthetic Student 3062,absent,0,qr,12,Wednesday,14:00,5
MATH101,Calculus I,Section 2,2026-05-06,S3065,Synthetic Student 3065,present,0,qr,12,Wednesday,14:00,2
MATH101,Calculus I,Section 2,2026-05-06,S3066,Synthetic Student 3066,present,0,qr,12,Wednesday,14:00,3
MATH101,Calculus I,Section 2,2026-05-06,S3068,Synthetic Student 3068,absent,0,qr,12,Wednesday,14:00,5
MATH101,Calculus I,Section 2,2026-05-06,S3070,Synthetic Student 3070,present,0,qr,12,Wednesday,14:00,5
MATH101,Calculus I,Section 2,2026-05-06,S3077,Synthetic Student 3077,late,17,qr,12,Wednesday,14:00,3
MATH101,Calculus I,Section 2,2026-05-06,S3082,Synthetic Student 3082,absent,0,qr,12,Wednesday,14:00,2
MATH101,Calculus I,Section 2,2026-05-06,S3083,Synthetic Student 3083,present,0,qr,12,Wednesday,14:00,5
MATH101,Calculus I,Section 2,2026-05-06,S3085,Synthetic Student 3085,absent,0,qr,12,Wednesday,14:00,5
MATH101,Calculus I,Section 2,2026-05-06,S3087,Synthetic Student 3087,present,0,qr,12,Wednesday,14:00,3
MATH101,Calculus I,Section 2,2026-05-06,S3089,Synthetic Student 3089,present,0,qr,12,Wednesday,14:00,2
CS101,Intro to Programming,Section 1,2026-05-07,S3004,Synthetic Student 3004,present,0,qr,12,Thursday,08:00,3
CS101,Intro to Programming,Section 1,2026-05-07,S3007,Synthetic Student 3007,absent,0,qr,12,Thursday,08:00,2
CS101,Intro to Programming,Section 1,2026-05-07,S3008,Synthetic Student 3008,present,0,qr,12,Thursday,08:00,4
CS101,Intro to Programming,Section 1,2026-05-07,S3010,Synthetic Student 3010,absent,0,qr,12,Thursday,08:00,5
CS101,Intro to Programming,Section 1,2026-05-07,S3012,Synthetic Student 3012,absent,0,qr,12,Thursday,08:00,5
CS101,Intro to Programming,Section 1,2026-05-07,S3014,Synthetic Student 3014,absent,0,qr,12,Thursday,08:00,2
CS101,Intro to Programming,Section 1,2026-05-07,S3020,Synthetic Student 3020,present,0,qr,12,Thursday,08:00,2
CS101,Intro to Programming,Section 1,2026-05-07,S3022,Synthetic Student 3022,present,0,qr,12,Thursday,08:00,3
CS101,Intro to Programming,Section 1,2026-05-07,S3024,Synthetic Student 3024,present,0,qr,12,Thursday,08:00,5
CS101,Intro to Programming,Section 1,2026-05-07,S3030,Synthetic Student 3030,absent,0,qr,12,Thursday,08:00,3
CS101,Intro to Programming,Section 1,2026-05-07,S3031,Synthetic Student 3031,present,0,qr,12,Thursday,08:00,5
CS101,Intro to Programming,Section 1,2026-05-07,S3032,Synthetic Student 3032,present,0,qr,12,Thursday,08:00,5
CS101,Intro to Programming,Section 1,2026-05-07,S3034,Synthetic Student 3034,absent,0,qr,12,Thursday,08:00,4
CS101,Intro to Programming,Section 1,2026-05-07,S3036,Synthetic Student 3036,absent,0,qr,12,Thursday,08:00,4
CS101,Intro to Programming,Section 1,2026-05-07,S3038,Synthetic Student 3038,absent,0,qr,12,Thursday,08:00,4
CS101,Intro to Programming,Section 1,2026-05-07,S3041,Synthetic Student 3041,absent,0,qr,12,Thursday,08:00,5
CS101,Intro to Programming,Section 1,2026-05-07,S3045,Synthetic Student 3045,present,0,qr,12,Thursday,08:00,5
CS101,Intro to Programming,Section 1,2026-05-07,S3056,Synthetic Student 3056,absent,0,qr,12,Thursday,08:00,4
CS101,Intro to Programming,Section 1,2026-05-07,S3058,Synthetic Student 3058,present,0,qr,12,Thursday,08:00,3
CS101,Intro to Programming,Section 1,2026-05-07,S3059,Synthetic Student 3059,late,36,qr,12,Thursday,08:00,5
CS101,Intro to Programming,Section 1,2026-05-07,S3060,Synthetic Student 3060,present,0,qr,12,Thursday,08:00,2
CS101,Intro to Programming,Section 1,2026-05-07,S3061,Synthetic Student 3061,absent,0,qr,12,Thursday,08:00,4
CS101,Intro to Programming,Section 1,2026-05-07,S3063,Synthetic Student 3063,present,0,qr,12,Thursday,08:00,3
CS101,Intro to Programming,Section 1,2026-05-07,S3068,Synthetic Student 3068,excused,0,manual,12,Thursday,08:00,5
CS101,Intro to Programming,Section 1,2026-05-07,S3071,Synthetic Student 3071,absent,0,qr,12,Thursday,08:00,3
CS101,Intro to Programming,Section 1,2026-05-07,S3073,Synthetic Student 3073,late,33,qr,12,Thursday,08:00,3
CS101,Intro to Programming,Section 1,2026-05-07,S3074,Synthetic Student 3074,present,0,qr,12,Thursday,08:00,4
CS101,Intro to Programming,Section 1,2026-05-07,S3080,Synthetic Student 3080,present,0,qr,12,Thursday,08:00,4
CS101,Intro to Programming,Section 1,2026-05-07,S3082,Synthetic Student 3082,late,31,qr,12,Thursday,08:00,2
CS101,Intro to Programming,Section 1,2026-05-07,S3086,Synthetic Student 3086,excused,0,manual,12,Thursday,08:00,3
CS101,Intro to Programming,Section 1,2026-05-07,S3089,Synthetic Student 3089,absent,0,qr,12,Thursday,08:00,2
MATH101,Calculus I,Section 1,2026-05-07,S3005,Synthetic Student 3005,present,0,qr,12,Thursday,08:00,5
MATH101,Calculus I,Section 1,2026-05-07,S3007,Synthetic Student 3007,present,0,qr,12,Thursday,08:00,2
MATH101,Calculus I,Section 1,2026-05-07,S3010,Synthetic Student 3010,late,28,qr,12,Thursday,08:00,5
MATH101,Calculus I,Section 1,2026-05-07,S3012,Synthetic Student 3012,present,0,qr,12,Thursday,08:00,5
MATH101,Calculus I,Section 1,2026-05-07,S3013,Synthetic Student 3013,present,0,qr,12,Thursday,08:00,3
MATH101,Calculus I,Section 1,2026-05-07,S3015,Synthetic Student 3015,late,36,qr,12,Thursday,08:00,4
MATH101,Calculus I,Section 1,2026-05-07,S3016,Synthetic Student 3016,present,0,qr,12,Thursday,08:00,3
MATH101,Calculus I,Section 1,2026-05-07,S3017,Synthetic Student 3017,absent,0,qr,12,Thursday,08:00,4
MATH101,Calculus I,Section 1,2026-05-07,S3018,Synthetic Student 3018,absent,0,qr,12,Thursday,08:00,3
MATH101,Calculus I,Section 1,2026-05-07,S3022,Synthetic Student 3022,present,0,qr,12,Thursday,08:00,3
MATH101,Calculus I,Section 1,2026-05-07,S3023,Synthetic Student 3023,present,0,qr,12,Thursday,08:00,2
MATH101,Calculus I,Section 1,2026-05-07,S3027,Synthetic Student 3027,late,33,qr,12,Thursday,08:00,5
MATH101,Calculus I,Section 1,2026-05-07,S3028,Synthetic Student 3028,absent,0,qr,12,Thursday,08:00,3
MATH101,Calculus I,Section 1,2026-05-07,S3029,Synthetic Student 3029,present,0,qr,12,Thursday,08:00,3
MATH101,Calculus I,Section 1,2026-05-07,S3032,Synthetic Student 3032,present,0,qr,12,Thursday,08:00,5
MATH101,Calculus I,Section 1,2026-05-07,S3036,Synthetic Student 3036,absent,0,qr,12,Thursday,08:00,4
MATH101,Calculus I,Section 1,2026-05-07,S3038,Synthetic Student 3038,late,25,qr,12,Thursday,08:00,4
MATH101,Calculus I,Section 1,2026-05-07,S3043,Synthetic Student 3043,present,0,qr,12,Thursday,08:00,4
MATH101,Calculus I,Section 1,2026-05-07,S3044,Synthetic Student 3044,absent,0,qr,12,Thursday,08:00,4
MATH101,Calculus I,Section 1,2026-05-07,S3045,Synthetic Student 3045,present,0,qr,12,Thursday,08:00,5
MATH101,Calculus I,Section 1,2026-05-07,S3048,Synthetic Student 3048,present,0,qr,12,Thursday,08:00,5
MATH101,Calculus I,Section 1,2026-05-07,S3050,Synthetic Student 3050,present,0,qr,12,Thursday,08:00,5
MATH101,Calculus I,Section 1,2026-05-07,S3054,Synthetic Student 3054,absent,0,qr,12,Thursday,08:00,5
MATH101,Calculus I,Section 1,2026-05-07,S3058,Synthetic Student 3058,absent,0,qr,12,Thursday,08:00,3
MATH101,Calculus I,Section 1,2026-05-07,S3059,Synthetic Student 3059,present,0,qr,12,Thursday,08:00,5
MATH101,Calculus I,Section 1,2026-05-07,S3061,Synthetic Student 3061,present,0,qr,12,Thursday,08:00,4
MATH101,Calculus I,Section 1,2026-05-07,S3067,Synthetic Student 3067,late,34,qr,12,Thursday,08:00,5
MATH101,Calculus I,Section 1,2026-05-07,S3073,Synthetic Student 3073,present,0,qr,12,Thursday,08:00,3
MATH101,Calculus I,Section 1,2026-05-07,S3074,Synthetic Student 3074,present,0,qr,12,Thursday,08:00,4
MATH101,Calculus I,Section 1,2026-05-07,S3076,Synthetic Student 3076,present,0,qr,12,Thursday,08:00,3
MATH101,Calculus I,Section 1,2026-05-07,S3079,Synthetic Student 3079,absent,0,qr,12,Thursday,08:00,5
MATH101,Calculus I,Section 1,2026-05-07,S3081,Synthetic Student 3081,absent,0,qr,12,Thursday,08:00,5
MATH101,Calculus I,Section 1,2026-05-07,S3084,Synthetic Student 3084,present,0,qr,12,Thursday,08:00,5
MATH101,Calculus I,Section 1,2026-05-07,S3086,Synthetic Student 3086,late,38,qr,12,Thursday,08:00,3
MATH101,Calculus I,Section 1,2026-05-07,S3088,Synthetic Student 3088,absent,0,qr,12,Thursday,08:00,4
MATH101,Calculus I,Section 1,2026-05-07,S3090,Synthetic Student 3090,late,16,qr,12,Thursday,08:00,3
CS101,Intro to Programming,Section 2,2026-05-09,S3002,Synthetic Student 3002,present,0,qr,13,Saturday,12:00,5
CS101,Intro to Programming,Section 2,2026-05-09,S3003,Synthetic Student 3003,present,0,qr,13,Saturday,12:00,3
CS101,Intro to Programming,Section 2,2026-05-09,S3005,Synthetic Student 3005,present,0,qr,13,Saturday,12:00,5
CS101,Intro to Programming,Section 2,2026-05-09,S3006,Synthetic Student 3006,absent,0,qr,13,Saturday,12:00,2
CS101,Intro to Programming,Section 2,2026-05-09,S3009,Synthetic Student 3009,present,0,qr,13,Saturday,12:00,4
CS101,Intro to Programming,Section 2,2026-05-09,S3011,Synthetic Student 3011,absent,0,qr,13,Saturday,12:00,3
CS101,Intro to Programming,Section 2,2026-05-09,S3016,Synthetic Student 3016,absent,0,qr,13,Saturday,12:00,3
CS101,Intro to Programming,Section 2,2026-05-09,S3017,Synthetic Student 3017,present,0,qr,13,Saturday,12:00,4
CS101,Intro to Programming,Section 2,2026-05-09,S3018,Synthetic Student 3018,present,0,qr,13,Saturday,12:00,3
CS101,Intro to Programming,Section 2,2026-05-09,S3019,Synthetic Student 3019,present,0,qr,13,Saturday,12:00,3
CS101,Intro to Programming,Section 2,2026-05-09,S3021,Synthetic Student 3021,present,0,qr,13,Saturday,12:00,3
CS101,Intro to Programming,Section 2,2026-05-09,S3025,Synthetic Student 3025,late,37,qr,13,Saturday,12:00,2
CS101,Intro to Programming,Section 2,2026-05-09,S3027,Synthetic Student 3027,absent,0,qr,13,Saturday,12:00,5
CS101,Intro to Programming,Section 2,2026-05-09,S3029,Synthetic Student 3029,present,0,qr,13,Saturday,12:00,3
CS101,Intro to Programming,Section 2,2026-05-09,S3033,Synthetic Student 3033,present,0,qr,13,Saturday,12:00,5
CS101,Intro to Programming,Section 2,2026-05-09,S3035,Synthetic Student 3035,present,0,qr,13,Saturday,12:00,2
CS101,Intro to Programming,Section 2,2026-05-09,S3040,Synthetic Student 3040,present,0,qr,13,Saturday,12:00,5
CS101,Intro to Programming,Section 2,2026-05-09,S3042,Synthetic Student 3042,absent,0,qr,13,Saturday,12:00,5
CS101,Intro to Programming,Section 2,2026-05-09,S3044,Synthetic Student 3044,present,0,qr,13,Saturday,12:00,4
CS101,Intro to Programming,Section 2,2026-05-09,S3046,Synthetic Student 3046,present,0,qr,13,Saturday,12:00,3
CS101,Intro to Programming,Section 2,2026-05-09,S3047,Synthetic Student 3047,present,0,qr,13,Saturday,12:00,2
CS101,Intro to Programming,Section 2,2026-05-09,S3048,Synthetic Student 3048,absent,0,qr,13,Saturday,12:00,5
CS101,Intro to Programming,Section 2,2026-05-09,S3049,Synthetic Student 3049,absent,0,qr,13,Saturday,12:00,4
CS101,Intro to Programming,Section 2,2026-05-09,S3050,Synthetic Student 3050,present,0,qr,13,Saturday,12:00,5
CS101,Intro to Programming,Section 2,2026-05-09,S3051,Synthetic Student 3051,present,0,qr,13,Saturday,12:00,5
CS101,Intro to Programming,Section 2,2026-05-09,S3054,Synthetic Student 3054,present,0,qr,13,Saturday,12:00,5
CS101,Intro to Programming,Section 2,2026-05-09,S3057,Synthetic Student 3057,present,0,qr,13,Saturday,12:00,3
CS101,Intro to Programming,Section 2,2026-05-09,S3062,Synthetic Student 3062,absent,0,qr,13,Saturday,12:00,5
CS101,Intro to Programming,Section 2,2026-05-09,S3067,Synthetic Student 3067,present,0,qr,13,Saturday,12:00,5
CS101,Intro to Programming,Section 2,2026-05-09,S3070,Synthetic Student 3070,late,20,qr,13,Saturday,12:00,5
CS101,Intro to Programming,Section 2,2026-05-09,S3075,Synthetic Student 3075,present,0,qr,13,Saturday,12:00,4
CS101,Intro to Programming,Section 2,2026-05-09,S3078,Synthetic Student 3078,present,0,qr,13,Saturday,12:00,2
CS101,Intro to Programming,Section 2,2026-05-09,S3079,Synthetic Student 3079,present,0,qr,13,Saturday,12:00,5
CS101,Intro to Programming,Section 2,2026-05-09,S3081,Synthetic Student 3081,present,0,qr,13,Saturday,12:00,5
CS101,Intro to Programming,Section 2,2026-05-09,S3083,Synthetic Student 3083,present,0,qr,13,Saturday,12:00,5
CS101,Intro to Programming,Section 2,2026-05-09,S3084,Synthetic Student 3084,present,0,qr,13,Saturday,12:00,5
CS101,Intro to Programming,Section 2,2026-05-09,S3085,Synthetic Student 3085,absent,0,qr,13,Saturday,12:00,5
CS101,Intro to Programming,Section 2,2026-05-09,S3087,Synthetic Student 3087,present,0,qr,13,Saturday,12:00,3
CS101,Intro to Programming,Section 2,2026-05-09,S3088,Synthetic Student 3088,absent,0,qr,13,Saturday,12:00,4
PHY101,Physics I,Section 1,2026-05-09,S3001,Synthetic Student 3001,present,0,qr,13,Saturday,08:00,2
PHY101,Physics I,Section 1,2026-05-09,S3009,Synthetic Student 3009,late,18,qr,13,Saturday,08:00,4
PHY101,Physics I,Section 1,2026-05-09,S3010,Synthetic Student 3010,present,0,qr,13,Saturday,08:00,5
PHY101,Physics I,Section 1,2026-05-09,S3018,Synthetic Student 3018,absent,0,qr,13,Saturday,08:00,3
PHY101,Physics I,Section 1,2026-05-09,S3020,Synthetic Student 3020,late,29,qr,13,Saturday,08:00,2
PHY101,Physics I,Section 1,2026-05-09,S3026,Synthetic Student 3026,present,0,qr,13,Saturday,08:00,2
PHY101,Physics I,Section 1,2026-05-09,S3027,Synthetic Student 3027,present,0,qr,13,Saturday,08:00,5
PHY101,Physics I,Section 1,2026-05-09,S3029,Synthetic Student 3029,present,0,qr,13,Saturday,08:00,3
PHY101,Physics I,Section 1,2026-05-09,S3030,Synthetic Student 3030,present,0,qr,13,Saturday,08:00,3
PHY101,Physics I,Section 1,2026-05-09,S3033,Synthetic Student 3033,excused,0,manual,13,Saturday,08:00,5
PHY101,Physics I,Section 1,2026-05-09,S3036,Synthetic Student 3036,present,0,manual,13,Saturday,08:00,4
PHY101,Physics I,Section 1,2026-05-09,S3037,Synthetic Student 3037,late,34,qr,13,Saturday,08:00,3
PHY101,Physics I,Section 1,2026-05-09,S3041,Synthetic Student 3041,absent,0,qr,13,Saturday,08:00,5
PHY101,Physics I,Section 1,2026-05-09,S3043,Synthetic Student 3043,present,0,qr,13,Saturday,08:00,4
PHY101,Physics I,Section 1,2026-05-09,S3044,Synthetic Student 3044,absent,0,qr,13,Saturday,08:00,4
PHY101,Physics I,Section 1,2026-05-09,S3045,Synthetic Student 3045,absent,0,qr,13,Saturday,08:00,5
PHY101,Physics I,Section 1,2026-05-09,S3048,Synthetic Student 3048,excused,0,manual,13,Saturday,08:00,5
PHY101,Physics I,Section 1,2026-05-09,S3050,Synthetic Student 3050,present,0,qr,13,Saturday,08:00,5
PHY101,Physics I,Section 1,2026-05-09,S3051,Synthetic Student 3051,present,0,qr,13,Saturday,08:00,5
PHY101,Physics I,Section 1,2026-05-09,S3054,Synthetic Student 3054,present,0,qr,13,Saturday,08:00,5
PHY101,Physics I,Section 1,2026-05-09,S3055,Synthetic Student 3055,absent,0,qr,13,Saturday,08:00,4
PHY101,Physics I,Section 1,2026-05-09,S3056,Synthetic Student 3056,absent,0,qr,13,Saturday,08:00,4
PHY101,Physics I,Section 1,2026-05-09,S3057,Synthetic Student 3057,present,0,qr,13,Saturday,08:00,3
PHY101,Physics I,Section 1,2026-05-09,S3059,Synthetic Student 3059,present,0,qr,13,Saturday,08:00,5
PHY101,Physics I,Section 1,2026-05-09,S3060,Synthetic Student 3060,present,0,qr,13,Saturday,08:00,2
PHY101,Physics I,Section 1,2026-05-09,S3061,Synthetic Student 3061,present,0,qr,13,Saturday,08:00,4
PHY101,Physics I,Section 1,2026-05-09,S3064,Synthetic Student 3064,absent,0,qr,13,Saturday,08:00,2
PHY101,Physics I,Section 1,2026-05-09,S3065,Synthetic Student 3065,present,0,qr,13,Saturday,08:00,2
PHY101,Physics I,Section 1,2026-05-09,S3066,Synthetic Student 3066,present,0,qr,13,Saturday,08:00,3
PHY101,Physics I,Section 1,2026-05-09,S3067,Synthetic Student 3067,present,0,qr,13,Saturday,08:00,5
PHY101,Physics I,Section 1,2026-05-09,S3069,Synthetic Student 3069,absent,0,qr,13,Saturday,08:00,3
PHY101,Physics I,Section 1,2026-05-09,S3071,Synthetic Student 3071,present,0,qr,13,Saturday,08:00,3
PHY101,Physics I,Section 1,2026-05-09,S3074,Synthetic Student 3074,late,16,qr,13,Saturday,08:00,4
PHY101,Physics I,Section 1,2026-05-09,S3075,Synthetic Student 3075,present,0,qr,13,Saturday,08:00,4
PHY101,Physics I,Section 1,2026-05-09,S3077,Synthetic Student 3077,present,0,qr,13,Saturday,08:00,3
PHY101,Physics I,Section 1,2026-05-09,S3079,Synthetic Student 3079,present,0,qr,13,Saturday,08:00,5
PHY101,Physics I,Section 1,2026-05-09,S3080,Synthetic Student 3080,late,34,qr,13,Saturday,08:00,4
PHY101,Physics I,Section 1,2026-05-09,S3081,Synthetic Student 3081,absent,0,qr,13,Saturday,08:00,5
PHY101,Physics I,Section 1,2026-05-09,S3090,Synthetic Student 3090,present,0,qr,13,Saturday,08:00,3
PHY101,Physics I,Section 2,2026-05-09,S3002,Synthetic Student 3002,present,0,qr,13,Saturday,10:00,5
PHY101,Physics I,Section 2,2026-05-09,S3004,Synthetic Student 3004,present,0,qr,13,Saturday,10:00,3
PHY101,Physics I,Section 2,2026-05-09,S3005,Synthetic Student 3005,absent,0,qr,13,Saturday,10:00,5
PHY101,Physics I,Section 2,2026-05-09,S3008,Synthetic Student 3008,absent,0,qr,13,Saturday,10:00,4
PHY101,Physics I,Section 2,2026-05-09,S3012,Synthetic Student 3012,present,0,qr,13,Saturday,10:00,5
PHY101,Physics I,Section 2,2026-05-09,S3015,Synthetic Student 3015,absent,0,qr,13,Saturday,10:00,4
PHY101,Physics I,Section 2,2026-05-09,S3019,Synthetic Student 3019,present,0,qr,13,Saturday,10:00,3
PHY101,Physics I,Section 2,2026-05-09,S3022,Synthetic Student 3022,present,0,qr,13,Saturday,10:00,3
PHY101,Physics I,Section 2,2026-05-09,S3024,Synthetic Student 3024,present,0,qr,13,Saturday,10:00,5
PHY101,Physics I,Section 2,2026-05-09,S3031,Synthetic Student 3031,late,39,qr,13,Saturday,10:00,5
PHY101,Physics I,Section 2,2026-05-09,S3032,Synthetic Student 3032,present,0,manual,13,Saturday,10:00,5
PHY101,Physics I,Section 2,2026-05-09,S3034,Synthetic Student 3034,present,0,qr,13,Saturday,10:00,4
PHY101,Physics I,Section 2,2026-05-09,S3035,Synthetic Student 3035,present,0,qr,13,Saturday,10:00,2
PHY101,Physics I,Section 2,2026-05-09,S3039,Synthetic Student 3039,present,0,qr,13,Saturday,10:00,4
PHY101,Physics I,Section 2,2026-05-09,S3040,Synthetic Student 3040,present,0,qr,13,Saturday,10:00,5
PHY101,Physics I,Section 2,2026-05-09,S3042,Synthetic Student 3042,present,0,qr,13,Saturday,10:00,5
PHY101,Physics I,Section 2,2026-05-09,S3046,Synthetic Student 3046,present,0,qr,13,Saturday,10:00,3
PHY101,Physics I,Section 2,2026-05-09,S3049,Synthetic Student 3049,absent,0,qr,13,Saturday,10:00,4
PHY101,Physics I,Section 2,2026-05-09,S3062,Synthetic Student 3062,absent,0,qr,13,Saturday,10:00,5
PHY101,Physics I,Section 2,2026-05-09,S3063,Synthetic Student 3063,present,0,qr,13,Saturday,10:00,3
PHY101,Physics I,Section 2,2026-05-09,S3068,Synthetic Student 3068,absent,0,qr,13,Saturday,10:00,5
PHY101,Physics I,Section 2,2026-05-09,S3070,Synthetic Student 3070,present,0,qr,13,Saturday,10:00,5
PHY101,Physics I,Section 2,2026-05-09,S3083,Synthetic Student 3083,present,0,qr,13,Saturday,10:00,5
PHY101,Physics I,Section 2,2026-05-09,S3084,Synthetic Student 3084,present,0,qr,13,Saturday,10:00,5
PHY101,Physics I,Section 2,2026-05-09,S3085,Synthetic Student 3085,present,0,qr,13,Saturday,10:00,5
PHY101,Physics I,Section 2,2026-05-09,S3088,Synthetic Student 3088,present,0,qr,13,Saturday,10:00,4
CS201,Data Structures,Section 1,2026-05-10,S3005,Synthetic Student 3005,excused,0,manual,13,Sunday,10:00,5
CS201,Data Structures,Section 1,2026-05-10,S3008,Synthetic Student 3008,absent,0,qr,13,Sunday,10:00,4
CS201,Data Structures,Section 1,2026-05-10,S3009,Synthetic Student 3009,present,0,qr,13,Sunday,10:00,4
CS201,Data Structures,Section 1,2026-05-10,S3010,Synthetic Student 3010,present,0,qr,13,Sunday,10:00,5
CS201,Data Structures,Section 1,2026-05-10,S3012,Synthetic Student 3012,present,0,qr,13,Sunday,10:00,5
CS201,Data Structures,Section 1,2026-05-10,S3015,Synthetic Student 3015,present,0,qr,13,Sunday,10:00,4
CS201,Data Structures,Section 1,2026-05-10,S3017,Synthetic Student 3017,absent,0,qr,13,Sunday,10:00,4
CS201,Data Structures,Section 1,2026-05-10,S3021,Synthetic Student 3021,present,0,qr,13,Sunday,10:00,3
CS201,Data Structures,Section 1,2026-05-10,S3023,Synthetic Student 3023,present,0,qr,13,Sunday,10:00,2
CS201,Data Structures,Section 1,2026-05-10,S3032,Synthetic Student 3032,present,0,qr,13,Sunday,10:00,5
CS201,Data Structures,Section 1,2026-05-10,S3033,Synthetic Student 3033,present,0,qr,13,Sunday,10:00,5
CS201,Data Structures,Section 1,2026-05-10,S3036,Synthetic Student 3036,present,0,qr,13,Sunday,10:00,4
CS201,Data Structures,Section 1,2026-05-10,S3037,Synthetic Student 3037,present,0,qr,13,Sunday,10:00,3
CS201,Data Structures,Section 1,2026-05-10,S3038,Synthetic Student 3038,late,26,qr,13,Sunday,10:00,4
CS201,Data Structures,Section 1,2026-05-10,S3039,Synthetic Student 3039,absent,0,qr,13,Sunday,10:00,4
CS201,Data Structures,Section 1,2026-05-10,S3040,Synthetic Student 3040,present,0,qr,13,Sunday,10:00,5
CS201,Data Structures,Section 1,2026-05-10,S3041,Synthetic Student 3041,present,0,qr,13,Sunday,10:00,5
CS201,Data Structures,Section 1,2026-05-10,S3043,Synthetic Student 3043,present,0,qr,13,Sunday,10:00,4
CS201,Data Structures,Section 1,2026-05-10,S3048,Synthetic Student 3048,present,0,qr,13,Sunday,10:00,5
CS201,Data Structures,Section 1,2026-05-10,S3053,Synthetic Student 3053,present,0,qr,13,Sunday,10:00,2
CS201,Data Structures,Section 1,2026-05-10,S3057,Synthetic Student 3057,present,0,qr,13,Sunday,10:00,3
CS201,Data Structures,Section 1,2026-05-10,S3068,Synthetic Student 3068,absent,0,qr,13,Sunday,10:00,5
CS201,Data Structures,Section 1,2026-05-10,S3070,Synthetic Student 3070,present,0,qr,13,Sunday,10:00,5
CS201,Data Structures,Section 1,2026-05-10,S3075,Synthetic Student 3075,present,0,qr,13,Sunday,10:00,4
CS201,Data Structures,Section 1,2026-05-10,S3077,Synthetic Student 3077,present,0,qr,13,Sunday,10:00,3
CS201,Data Structures,Section 1,2026-05-10,S3079,Synthetic Student 3079,present,0,qr,13,Sunday,10:00,5
CS201,Data Structures,Section 1,2026-05-10,S3080,Synthetic Student 3080,present,0,qr,13,Sunday,10:00,4
CS201,Data Structures,Section 1,2026-05-10,S3081,Synthetic Student 3081,present,0,qr,13,Sunday,10:00,5
CS201,Data Structures,Section 1,2026-05-10,S3083,Synthetic Student 3083,absent,0,qr,13,Sunday,10:00,5
CS201,Data Structures,Section 1,2026-05-10,S3085,Synthetic Student 3085,present,0,qr,13,Sunday,10:00,5
CS201,Data Structures,Section 2,2026-05-10,S3001,Synthetic Student 3001,absent,0,qr,13,Sunday,08:00,2
CS201,Data Structures,Section 2,2026-05-10,S3002,Synthetic Student 3002,excused,0,manual,13,Sunday,08:00,5
CS201,Data Structures,Section 2,2026-05-10,S3006,Synthetic Student 3006,present,0,qr,13,Sunday,08:00,2
CS201,Data Structures,Section 2,2026-05-10,S3011,Synthetic Student 3011,absent,0,qr,13,Sunday,08:00,3
CS201,Data Structures,Section 2,2026-05-10,S3013,Synthetic Student 3013,present,0,qr,13,Sunday,08:00,3
CS201,Data Structures,Section 2,2026-05-10,S3014,Synthetic Student 3014,absent,0,qr,13,Sunday,08:00,2
CS201,Data Structures,Section 2,2026-05-10,S3024,Synthetic Student 3024,absent,0,qr,13,Sunday,08:00,5
CS201,Data Structures,Section 2,2026-05-10,S3026,Synthetic Student 3026,present,0,qr,13,Sunday,08:00,2
CS201,Data Structures,Section 2,2026-05-10,S3027,Synthetic Student 3027,present,0,manual,13,Sunday,08:00,5
CS201,Data Structures,Section 2,2026-05-10,S3028,Synthetic Student 3028,present,0,qr,13,Sunday,08:00,3
CS201,Data Structures,Section 2,2026-05-10,S3031,Synthetic Student 3031,present,0,qr,13,Sunday,08:00,5
CS201,Data Structures,Section 2,2026-05-10,S3042,Synthetic Student 3042,absent,0,qr,13,Sunday,08:00,5
CS201,Data Structures,Section 2,2026-05-10,S3045,Synthetic Student 3045,present,0,qr,13,Sunday,08:00,5
CS201,Data Structures,Section 2,2026-05-10,S3049,Synthetic Student 3049,present,0,qr,13,Sunday,08:00,4
CS201,Data Structures,Section 2,2026-05-10,S3050,Synthetic Student 3050,present,0,qr,13,Sunday,08:00,5
CS201,Data Structures,Section 2,2026-05-10,S3051,Synthetic Student 3051,present,0,qr,13,Sunday,08:00,5
CS201,Data Structures,Section 2,2026-05-10,S3054,Synthetic Student 3054,absent,0,qr,13,Sunday,08:00,5
CS201,Data Structures,Section 2,2026-05-10,S3055,Synthetic Student 3055,absent,0,qr,13,Sunday,08:00,4
CS201,Data Structures,Section 2,2026-05-10,S3056,Synthetic Student 3056,late,24,qr,13,Sunday,08:00,4
CS201,Data Structures,Section 2,2026-05-10,S3059,Synthetic Student 3059,absent,0,qr,13,Sunday,08:00,5
CS201,Data Structures,Section 2,2026-05-10,S3061,Synthetic Student 3061,excused,0,manual,13,Sunday,08:00,4
CS201,Data Structures,Section 2,2026-05-10,S3062,Synthetic Student 3062,absent,0,qr,13,Sunday,08:00,5
CS201,Data Structures,Section 2,2026-05-10,S3066,Synthetic Student 3066,present,0,qr,13,Sunday,08:00,3
CS201,Data Structures,Section 2,2026-05-10,S3067,Synthetic Student 3067,absent,0,qr,13,Sunday,08:00,5
CS201,Data Structures,Section 2,2026-05-10,S3069,Synthetic Student 3069,late,32,qr,13,Sunday,08:00,3
CS201,Data Structures,Section 2,2026-05-10,S3072,Synthetic Student 3072,present,0,qr,13,Sunday,08:00,2
CS201,Data Structures,Section 2,2026-05-10,S3073,Synthetic Student 3073,present,0,qr,13,Sunday,08:00,3
CS201,Data Structures,Section 2,2026-05-10,S3074,Synthetic Student 3074,present,0,qr,13,Sunday,08:00,4
CS201,Data Structures,Section 2,2026-05-10,S3076,Synthetic Student 3076,present,0,qr,13,Sunday,08:00,3
CS201,Data Structures,Section 2,2026-05-10,S3084,Synthetic Student 3084,present,0,qr,13,Sunday,08:00,5
CS201,Data Structures,Section 2,2026-05-10,S3087,Synthetic Student 3087,present,0,qr,13,Sunday,08:00,3
CS201,Data Structures,Section 2,2026-05-10,S3088,Synthetic Student 3088,present,0,qr,13,Sunday,08:00,4
ENG101,Technical English,Section 1,2026-05-10,S3002,Synthetic Student 3002,present,0,qr,13,Sunday,08:00,5
ENG101,Technical English,Section 1,2026-05-10,S3005,Synthetic Student 3005,absent,0,qr,13,Sunday,08:00,5
ENG101,Technical English,Section 1,2026-05-10,S3010,Synthetic Student 3010,present,0,qr,13,Sunday,08:00,5
ENG101,Technical English,Section 1,2026-05-10,S3011,Synthetic Student 3011,absent,0,qr,13,Sunday,08:00,3
ENG101,Technical English,Section 1,2026-05-10,S3013,Synthetic Student 3013,present,0,qr,13,Sunday,08:00,3
ENG101,Technical English,Section 1,2026-05-10,S3015,Synthetic Student 3015,absent,0,qr,13,Sunday,08:00,4
ENG101,Technical English,Section 1,2026-05-10,S3017,Synthetic Student 3017,absent,0,qr,13,Sunday,08:00,4
ENG101,Technical English,Section 1,2026-05-10,S3021,Synthetic Student 3021,present,0,qr,13,Sunday,08:00,3
ENG101,Technical English,Section 1,2026-05-10,S3030,Synthetic Student 3030,late,16,qr,13,Sunday,08:00,3
ENG101,Technical English,Section 1,2026-05-10,S3032,Synthetic Student 3032,present,0,qr,13,Sunday,08:00,5
ENG101,Technical English,Section 1,2026-05-10,S3034,Synthetic Student 3034,absent,0,qr,13,Sunday,08:00,4
ENG101,Technical English,Section 1,2026-05-10,S3037,Synthetic Student 3037,present,0,qr,13,Sunday,08:00,3
ENG101,Technical English,Section 1,2026-05-10,S3040,Synthetic Student 3040,absent,0,qr,13,Sunday,08:00,5
ENG101,Technical English,Section 1,2026-05-10,S3041,Synthetic Student 3041,present,0,qr,13,Sunday,08:00,5
ENG101,Technical English,Section 1,2026-05-10,S3044,Synthetic Student 3044,present,0,qr,13,Sunday,08:00,4
ENG101,Technical English,Section 1,2026-05-10,S3045,Synthetic Student 3045,present,0,qr,13,Sunday,08:00,5
ENG101,Technical English,Section 1,2026-05-10,S3048,Synthetic Student 3048,absent,0,qr,13,Sunday,08:00,5
ENG101,Technical English,Section 1,2026-05-10,S3050,Synthetic Student 3050,present,0,qr,13,Sunday,08:00,5
ENG101,Technical English,Section 1,2026-05-10,S3054,Synthetic Student 3054,present,0,qr,13,Sunday,08:00,5
ENG101,Technical English,Section 1,2026-05-10,S3059,Synthetic Student 3059,present,0,qr,13,Sunday,08:00,5
ENG101,Technical English,Section 1,2026-05-10,S3064,Synthetic Student 3064,present,0,qr,13,Sunday,08:00,2
ENG101,Technical English,Section 1,2026-05-10,S3068,Synthetic Student 3068,excused,0,manual,13,Sunday,08:00,5
ENG101,Technical English,Section 1,2026-05-10,S3069,Synthetic Student 3069,present,0,qr,13,Sunday,08:00,3
ENG101,Technical English,Section 1,2026-05-10,S3071,Synthetic Student 3071,present,0,qr,13,Sunday,08:00,3
ENG101,Technical English,Section 1,2026-05-10,S3072,Synthetic Student 3072,present,0,qr,13,Sunday,08:00,2
ENG101,Technical English,Section 1,2026-05-10,S3075,Synthetic Student 3075,present,0,qr,13,Sunday,08:00,4
ENG101,Technical English,Section 1,2026-05-10,S3078,Synthetic Student 3078,absent,0,qr,13,Sunday,08:00,2
ENG101,Technical English,Section 1,2026-05-10,S3081,Synthetic Student 3081,absent,0,qr,13,Sunday,08:00,5
ENG101,Technical English,Section 1,2026-05-10,S3083,Synthetic Student 3083,absent,0,qr,13,Sunday,08:00,5
ENG101,Technical English,Section 1,2026-05-10,S3086,Synthetic Student 3086,present,0,qr,13,Sunday,08:00,3
ENG101,Technical English,Section 1,2026-05-10,S3090,Synthetic Student 3090,absent,0,qr,13,Sunday,08:00,3
ENG101,Technical English,Section 2,2026-05-13,S3003,Synthetic Student 3003,present,0,qr,13,Wednesday,10:00,3
ENG101,Technical English,Section 2,2026-05-13,S3008,Synthetic Student 3008,present,0,qr,13,Wednesday,10:00,4
ENG101,Technical English,Section 2,2026-05-13,S3012,Synthetic Student 3012,present,0,qr,13,Wednesday,10:00,5
ENG101,Technical English,Section 2,2026-05-13,S3016,Synthetic Student 3016,late,34,qr,13,Wednesday,10:00,3
ENG101,Technical English,Section 2,2026-05-13,S3024,Synthetic Student 3024,present,0,qr,13,Wednesday,10:00,5
ENG101,Technical English,Section 2,2026-05-13,S3027,Synthetic Student 3027,absent,0,qr,13,Wednesday,10:00,5
ENG101,Technical English,Section 2,2026-05-13,S3028,Synthetic Student 3028,absent,0,qr,13,Wednesday,10:00,3
ENG101,Technical English,Section 2,2026-05-13,S3031,Synthetic Student 3031,present,0,qr,13,Wednesday,10:00,5
ENG101,Technical English,Section 2,2026-05-13,S3033,Synthetic Student 3033,present,0,qr,13,Wednesday,10:00,5
ENG101,Technical English,Section 2,2026-05-13,S3038,Synthetic Student 3038,present,0,qr,13,Wednesday,10:00,4
ENG101,Technical English,Section 2,2026-05-13,S3039,Synthetic Student 3039,present,0,qr,13,Wednesday,10:00,4
ENG101,Technical English,Section 2,2026-05-13,S3042,Synthetic Student 3042,present,0,qr,13,Wednesday,10:00,5
ENG101,Technical English,Section 2,2026-05-13,S3043,Synthetic Student 3043,present,0,qr,13,Wednesday,10:00,4
ENG101,Technical English,Section 2,2026-05-13,S3047,Synthetic Student 3047,present,0,qr,13,Wednesday,10:00,2
ENG101,Technical English,Section 2,2026-05-13,S3051,Synthetic Student 3051,present,0,qr,13,Wednesday,10:00,5
ENG101,Technical English,Section 2,2026-05-13,S3052,Synthetic Student 3052,absent,0,qr,13,Wednesday,10:00,2
ENG101,Technical English,Section 2,2026-05-13,S3055,Synthetic Student 3055,absent,0,qr,13,Wednesday,10:00,4
ENG101,Technical English,Section 2,2026-05-13,S3058,Synthetic Student 3058,present,0,qr,13,Wednesday,10:00,3
ENG101,Technical English,Section 2,2026-05-13,S3062,Synthetic Student 3062,present,0,qr,13,Wednesday,10:00,5
ENG101,Technical English,Section 2,2026-05-13,S3063,Synthetic Student 3063,present,0,qr,13,Wednesday,10:00,3
ENG101,Technical English,Section 2,2026-05-13,S3067,Synthetic Student 3067,absent,0,qr,13,Wednesday,10:00,5
ENG101,Technical English,Section 2,2026-05-13,S3070,Synthetic Student 3070,excused,0,manual,13,Wednesday,10:00,5
ENG101,Technical English,Section 2,2026-05-13,S3076,Synthetic Student 3076,present,0,qr,13,Wednesday,10:00,3
ENG101,Technical English,Section 2,2026-05-13,S3079,Synthetic Student 3079,present,0,qr,13,Wednesday,10:00,5
ENG101,Technical English,Section 2,2026-05-13,S3080,Synthetic Student 3080,present,0,qr,13,Wednesday,10:00,4
ENG101,Technical English,Section 2,2026-05-13,S3084,Synthetic Student 3084,present,0,qr,13,Wednesday,10:00,5
ENG101,Technical English,Section 2,2026-05-13,S3085,Synthetic Student 3085,present,0,qr,13,Wednesday,10:00,5
MATH101,Calculus I,Section 2,2026-05-13,S3002,Synthetic Student 3002,present,0,qr,13,Wednesday,14:00,5
MATH101,Calculus I,Section 2,2026-05-13,S3003,Synthetic Student 3003,absent,0,qr,13,Wednesday,14:00,3
MATH101,Calculus I,Section 2,2026-05-13,S3004,Synthetic Student 3004,absent,0,qr,13,Wednesday,14:00,3
MATH101,Calculus I,Section 2,2026-05-13,S3009,Synthetic Student 3009,present,0,qr,13,Wednesday,14:00,4
MATH101,Calculus I,Section 2,2026-05-13,S3019,Synthetic Student 3019,present,0,qr,13,Wednesday,14:00,3
MATH101,Calculus I,Section 2,2026-05-13,S3024,Synthetic Student 3024,present,0,qr,13,Wednesday,14:00,5
MATH101,Calculus I,Section 2,2026-05-13,S3025,Synthetic Student 3025,absent,0,qr,13,Wednesday,14:00,2
MATH101,Calculus I,Section 2,2026-05-13,S3031,Synthetic Student 3031,present,0,qr,13,Wednesday,14:00,5
MATH101,Calculus I,Section 2,2026-05-13,S3033,Synthetic Student 3033,present,0,qr,13,Wednesday,14:00,5
MATH101,Calculus I,Section 2,2026-05-13,S3034,Synthetic Student 3034,present,0,qr,13,Wednesday,14:00,4
MATH101,Calculus I,Section 2,2026-05-13,S3039,Synthetic Student 3039,present,0,qr,13,Wednesday,14:00,4
MATH101,Calculus I,Section 2,2026-05-13,S3040,Synthetic Student 3040,absent,0,qr,13,Wednesday,14:00,5
MATH101,Calculus I,Section 2,2026-05-13,S3041,Synthetic Student 3041,present,0,manual,13,Wednesday,14:00,5
MATH101,Calculus I,Section 2,2026-05-13,S3042,Synthetic Student 3042,present,0,qr,13,Wednesday,14:00,5
MATH101,Calculus I,Section 2,2026-05-13,S3046,Synthetic Student 3046,present,0,qr,13,Wednesday,14:00,3
MATH101,Calculus I,Section 2,2026-05-13,S3049,Synthetic Student 3049,present,0,qr,13,Wednesday,14:00,4
MATH101,Calculus I,Section 2,2026-05-13,S3051,Synthetic Student 3051,present,0,qr,13,Wednesday,14:00,5
MATH101,Calculus I,Section 2,2026-05-13,S3052,Synthetic Student 3052,present,0,qr,13,Wednesday,14:00,2
MATH101,Calculus I,Section 2,2026-05-13,S3053,Synthetic Student 3053,absent,0,qr,13,Wednesday,14:00,2
MATH101,Calculus I,Section 2,2026-05-13,S3055,Synthetic Student 3055,absent,0,qr,13,Wednesday,14:00,4
MATH101,Calculus I,Section 2,2026-05-13,S3056,Synthetic Student 3056,present,0,qr,13,Wednesday,14:00,4
MATH101,Calculus I,Section 2,2026-05-13,S3062,Synthetic Student 3062,absent,0,qr,13,Wednesday,14:00,5
MATH101,Calculus I,Section 2,2026-05-13,S3065,Synthetic Student 3065,present,0,qr,13,Wednesday,14:00,2
MATH101,Calculus I,Section 2,2026-05-13,S3066,Synthetic Student 3066,present,0,qr,13,Wednesday,14:00,3
MATH101,Calculus I,Section 2,2026-05-13,S3068,Synthetic Student 3068,absent,0,qr,13,Wednesday,14:00,5
MATH101,Calculus I,Section 2,2026-05-13,S3070,Synthetic Student 3070,present,0,qr,13,Wednesday,14:00,5
MATH101,Calculus I,Section 2,2026-05-13,S3077,Synthetic Student 3077,present,0,qr,13,Wednesday,14:00,3
MATH101,Calculus I,Section 2,2026-05-13,S3082,Synthetic Student 3082,present,0,qr,13,Wednesday,14:00,2
MATH101,Calculus I,Section 2,2026-05-13,S3083,Synthetic Student 3083,present,0,qr,13,Wednesday,14:00,5
MATH101,Calculus I,Section 2,2026-05-13,S3085,Synthetic Student 3085,present,0,qr,13,Wednesday,14:00,5
MATH101,Calculus I,Section 2,2026-05-13,S3087,Synthetic Student 3087,present,0,qr,13,Wednesday,14:00,3
MATH101,Calculus I,Section 2,2026-05-13,S3089,Synthetic Student 3089,present,0,qr,13,Wednesday,14:00,2
CS101,Intro to Programming,Section 1,2026-05-14,S3004,Synthetic Student 3004,present,0,qr,13,Thursday,08:00,3
CS101,Intro to Programming,Section 1,2026-05-14,S3007,Synthetic Student 3007,present,0,qr,13,Thursday,08:00,2
CS101,Intro to Programming,Section 1,2026-05-14,S3008,Synthetic Student 3008,absent,0,qr,13,Thursday,08:00,4
CS101,Intro to Programming,Section 1,2026-05-14,S3010,Synthetic Student 3010,present,0,qr,13,Thursday,08:00,5
CS101,Intro to Programming,Section 1,2026-05-14,S3012,Synthetic Student 3012,excused,0,manual,13,Thursday,08:00,5
CS101,Intro to Programming,Section 1,2026-05-14,S3014,Synthetic Student 3014,absent,0,qr,13,Thursday,08:00,2
CS101,Intro to Programming,Section 1,2026-05-14,S3020,Synthetic Student 3020,present,0,qr,13,Thursday,08:00,2
CS101,Intro to Programming,Section 1,2026-05-14,S3022,Synthetic Student 3022,present,0,qr,13,Thursday,08:00,3
CS101,Intro to Programming,Section 1,2026-05-14,S3024,Synthetic Student 3024,present,0,qr,13,Thursday,08:00,5
CS101,Intro to Programming,Section 1,2026-05-14,S3030,Synthetic Student 3030,present,0,qr,13,Thursday,08:00,3
CS101,Intro to Programming,Section 1,2026-05-14,S3031,Synthetic Student 3031,late,19,qr,13,Thursday,08:00,5
CS101,Intro to Programming,Section 1,2026-05-14,S3032,Synthetic Student 3032,present,0,qr,13,Thursday,08:00,5
CS101,Intro to Programming,Section 1,2026-05-14,S3034,Synthetic Student 3034,absent,0,qr,13,Thursday,08:00,4
CS101,Intro to Programming,Section 1,2026-05-14,S3036,Synthetic Student 3036,absent,0,qr,13,Thursday,08:00,4
CS101,Intro to Programming,Section 1,2026-05-14,S3038,Synthetic Student 3038,present,0,qr,13,Thursday,08:00,4
CS101,Intro to Programming,Section 1,2026-05-14,S3041,Synthetic Student 3041,absent,0,qr,13,Thursday,08:00,5
CS101,Intro to Programming,Section 1,2026-05-14,S3045,Synthetic Student 3045,absent,0,qr,13,Thursday,08:00,5
CS101,Intro to Programming,Section 1,2026-05-14,S3056,Synthetic Student 3056,absent,0,qr,13,Thursday,08:00,4
CS101,Intro to Programming,Section 1,2026-05-14,S3058,Synthetic Student 3058,present,0,qr,13,Thursday,08:00,3
CS101,Intro to Programming,Section 1,2026-05-14,S3059,Synthetic Student 3059,present,0,qr,13,Thursday,08:00,5
CS101,Intro to Programming,Section 1,2026-05-14,S3060,Synthetic Student 3060,present,0,qr,13,Thursday,08:00,2
CS101,Intro to Programming,Section 1,2026-05-14,S3061,Synthetic Student 3061,absent,0,qr,13,Thursday,08:00,4
CS101,Intro to Programming,Section 1,2026-05-14,S3063,Synthetic Student 3063,absent,0,qr,13,Thursday,08:00,3
CS101,Intro to Programming,Section 1,2026-05-14,S3068,Synthetic Student 3068,absent,0,qr,13,Thursday,08:00,5
CS101,Intro to Programming,Section 1,2026-05-14,S3071,Synthetic Student 3071,excused,0,manual,13,Thursday,08:00,3
CS101,Intro to Programming,Section 1,2026-05-14,S3073,Synthetic Student 3073,present,0,qr,13,Thursday,08:00,3
CS101,Intro to Programming,Section 1,2026-05-14,S3074,Synthetic Student 3074,present,0,qr,13,Thursday,08:00,4
CS101,Intro to Programming,Section 1,2026-05-14,S3080,Synthetic Student 3080,present,0,qr,13,Thursday,08:00,4
CS101,Intro to Programming,Section 1,2026-05-14,S3082,Synthetic Student 3082,late,22,qr,13,Thursday,08:00,2
CS101,Intro to Programming,Section 1,2026-05-14,S3086,Synthetic Student 3086,late,28,qr,13,Thursday,08:00,3
CS101,Intro to Programming,Section 1,2026-05-14,S3089,Synthetic Student 3089,present,0,qr,13,Thursday,08:00,2
MATH101,Calculus I,Section 1,2026-05-14,S3005,Synthetic Student 3005,late,27,qr,13,Thursday,08:00,5
MATH101,Calculus I,Section 1,2026-05-14,S3007,Synthetic Student 3007,present,0,qr,13,Thursday,08:00,2
MATH101,Calculus I,Section 1,2026-05-14,S3010,Synthetic Student 3010,present,0,qr,13,Thursday,08:00,5
MATH101,Calculus I,Section 1,2026-05-14,S3012,Synthetic Student 3012,absent,0,qr,13,Thursday,08:00,5
MATH101,Calculus I,Section 1,2026-05-14,S3013,Synthetic Student 3013,absent,0,qr,13,Thursday,08:00,3
MATH101,Calculus I,Section 1,2026-05-14,S3015,Synthetic Student 3015,present,0,qr,13,Thursday,08:00,4
MATH101,Calculus I,Section 1,2026-05-14,S3016,Synthetic Student 3016,late,34,qr,13,Thursday,08:00,3
MATH101,Calculus I,Section 1,2026-05-14,S3017,Synthetic Student 3017,present,0,qr,13,Thursday,08:00,4
MATH101,Calculus I,Section 1,2026-05-14,S3018,Synthetic Student 3018,late,18,qr,13,Thursday,08:00,3
MATH101,Calculus I,Section 1,2026-05-14,S3022,Synthetic Student 3022,present,0,qr,13,Thursday,08:00,3
MATH101,Calculus I,Section 1,2026-05-14,S3023,Synthetic Student 3023,late,32,qr,13,Thursday,08:00,2
MATH101,Calculus I,Section 1,2026-05-14,S3027,Synthetic Student 3027,present,0,qr,13,Thursday,08:00,5
MATH101,Calculus I,Section 1,2026-05-14,S3028,Synthetic Student 3028,absent,0,qr,13,Thursday,08:00,3
MATH101,Calculus I,Section 1,2026-05-14,S3029,Synthetic Student 3029,present,0,qr,13,Thursday,08:00,3
MATH101,Calculus I,Section 1,2026-05-14,S3032,Synthetic Student 3032,late,29,qr,13,Thursday,08:00,5
MATH101,Calculus I,Section 1,2026-05-14,S3036,Synthetic Student 3036,absent,0,qr,13,Thursday,08:00,4
MATH101,Calculus I,Section 1,2026-05-14,S3038,Synthetic Student 3038,present,0,qr,13,Thursday,08:00,4
MATH101,Calculus I,Section 1,2026-05-14,S3043,Synthetic Student 3043,late,18,qr,13,Thursday,08:00,4
MATH101,Calculus I,Section 1,2026-05-14,S3044,Synthetic Student 3044,present,0,qr,13,Thursday,08:00,4
MATH101,Calculus I,Section 1,2026-05-14,S3045,Synthetic Student 3045,present,0,qr,13,Thursday,08:00,5
MATH101,Calculus I,Section 1,2026-05-14,S3048,Synthetic Student 3048,absent,0,qr,13,Thursday,08:00,5
MATH101,Calculus I,Section 1,2026-05-14,S3050,Synthetic Student 3050,present,0,qr,13,Thursday,08:00,5
MATH101,Calculus I,Section 1,2026-05-14,S3054,Synthetic Student 3054,present,0,qr,13,Thursday,08:00,5
MATH101,Calculus I,Section 1,2026-05-14,S3058,Synthetic Student 3058,absent,0,qr,13,Thursday,08:00,3
MATH101,Calculus I,Section 1,2026-05-14,S3059,Synthetic Student 3059,excused,0,manual,13,Thursday,08:00,5
MATH101,Calculus I,Section 1,2026-05-14,S3061,Synthetic Student 3061,present,0,qr,13,Thursday,08:00,4
MATH101,Calculus I,Section 1,2026-05-14,S3067,Synthetic Student 3067,absent,0,qr,13,Thursday,08:00,5
MATH101,Calculus I,Section 1,2026-05-14,S3073,Synthetic Student 3073,late,24,qr,13,Thursday,08:00,3
MATH101,Calculus I,Section 1,2026-05-14,S3074,Synthetic Student 3074,present,0,qr,13,Thursday,08:00,4
MATH101,Calculus I,Section 1,2026-05-14,S3076,Synthetic Student 3076,late,18,qr,13,Thursday,08:00,3
MATH101,Calculus I,Section 1,2026-05-14,S3079,Synthetic Student 3079,present,0,qr,13,Thursday,08:00,5
MATH101,Calculus I,Section 1,2026-05-14,S3081,Synthetic Student 3081,present,0,qr,13,Thursday,08:00,5
MATH101,Calculus I,Section 1,2026-05-14,S3084,Synthetic Student 3084,absent,0,qr,13,Thursday,08:00,5
MATH101,Calculus I,Section 1,2026-05-14,S3086,Synthetic Student 3086,present,0,qr,13,Thursday,08:00,3
MATH101,Calculus I,Section 1,2026-05-14,S3088,Synthetic Student 3088,present,0,qr,13,Thursday,08:00,4
MATH101,Calculus I,Section 1,2026-05-14,S3090,Synthetic Student 3090,present,0,qr,13,Thursday,08:00,3
CS101,Intro to Programming,Section 2,2026-05-16,S3002,Synthetic Student 3002,present,0,qr,14,Saturday,12:00,5
CS101,Intro to Programming,Section 2,2026-05-16,S3003,Synthetic Student 3003,present,0,qr,14,Saturday,12:00,3
CS101,Intro to Programming,Section 2,2026-05-16,S3005,Synthetic Student 3005,present,0,qr,14,Saturday,12:00,5
CS101,Intro to Programming,Section 2,2026-05-16,S3006,Synthetic Student 3006,present,0,qr,14,Saturday,12:00,2
CS101,Intro to Programming,Section 2,2026-05-16,S3009,Synthetic Student 3009,present,0,qr,14,Saturday,12:00,4
CS101,Intro to Programming,Section 2,2026-05-16,S3011,Synthetic Student 3011,absent,0,qr,14,Saturday,12:00,3
CS101,Intro to Programming,Section 2,2026-05-16,S3016,Synthetic Student 3016,excused,0,manual,14,Saturday,12:00,3
CS101,Intro to Programming,Section 2,2026-05-16,S3017,Synthetic Student 3017,present,0,qr,14,Saturday,12:00,4
CS101,Intro to Programming,Section 2,2026-05-16,S3018,Synthetic Student 3018,present,0,qr,14,Saturday,12:00,3
CS101,Intro to Programming,Section 2,2026-05-16,S3019,Synthetic Student 3019,present,0,qr,14,Saturday,12:00,3
CS101,Intro to Programming,Section 2,2026-05-16,S3021,Synthetic Student 3021,present,0,qr,14,Saturday,12:00,3
CS101,Intro to Programming,Section 2,2026-05-16,S3025,Synthetic Student 3025,late,17,qr,14,Saturday,12:00,2
CS101,Intro to Programming,Section 2,2026-05-16,S3027,Synthetic Student 3027,present,0,qr,14,Saturday,12:00,5
CS101,Intro to Programming,Section 2,2026-05-16,S3029,Synthetic Student 3029,present,0,qr,14,Saturday,12:00,3
CS101,Intro to Programming,Section 2,2026-05-16,S3033,Synthetic Student 3033,present,0,qr,14,Saturday,12:00,5
CS101,Intro to Programming,Section 2,2026-05-16,S3035,Synthetic Student 3035,absent,0,qr,14,Saturday,12:00,2
CS101,Intro to Programming,Section 2,2026-05-16,S3040,Synthetic Student 3040,present,0,qr,14,Saturday,12:00,5
CS101,Intro to Programming,Section 2,2026-05-16,S3042,Synthetic Student 3042,present,0,qr,14,Saturday,12:00,5
CS101,Intro to Programming,Section 2,2026-05-16,S3044,Synthetic Student 3044,present,0,qr,14,Saturday,12:00,4
CS101,Intro to Programming,Section 2,2026-05-16,S3046,Synthetic Student 3046,present,0,qr,14,Saturday,12:00,3
CS101,Intro to Programming,Section 2,2026-05-16,S3047,Synthetic Student 3047,absent,0,qr,14,Saturday,12:00,2
CS101,Intro to Programming,Section 2,2026-05-16,S3048,Synthetic Student 3048,present,0,qr,14,Saturday,12:00,5
CS101,Intro to Programming,Section 2,2026-05-16,S3049,Synthetic Student 3049,absent,0,qr,14,Saturday,12:00,4
CS101,Intro to Programming,Section 2,2026-05-16,S3050,Synthetic Student 3050,present,0,qr,14,Saturday,12:00,5
CS101,Intro to Programming,Section 2,2026-05-16,S3051,Synthetic Student 3051,present,0,qr,14,Saturday,12:00,5
CS101,Intro to Programming,Section 2,2026-05-16,S3054,Synthetic Student 3054,present,0,qr,14,Saturday,12:00,5
CS101,Intro to Programming,Section 2,2026-05-16,S3057,Synthetic Student 3057,absent,0,qr,14,Saturday,12:00,3
CS101,Intro to Programming,Section 2,2026-05-16,S3062,Synthetic Student 3062,present,0,qr,14,Saturday,12:00,5
CS101,Intro to Programming,Section 2,2026-05-16,S3067,Synthetic Student 3067,late,33,qr,14,Saturday,12:00,5
CS101,Intro to Programming,Section 2,2026-05-16,S3070,Synthetic Student 3070,present,0,qr,14,Saturday,12:00,5
CS101,Intro to Programming,Section 2,2026-05-16,S3075,Synthetic Student 3075,present,0,qr,14,Saturday,12:00,4
CS101,Intro to Programming,Section 2,2026-05-16,S3078,Synthetic Student 3078,present,0,qr,14,Saturday,12:00,2
CS101,Intro to Programming,Section 2,2026-05-16,S3079,Synthetic Student 3079,present,0,qr,14,Saturday,12:00,5
CS101,Intro to Programming,Section 2,2026-05-16,S3081,Synthetic Student 3081,present,0,qr,14,Saturday,12:00,5
CS101,Intro to Programming,Section 2,2026-05-16,S3083,Synthetic Student 3083,present,0,qr,14,Saturday,12:00,5
CS101,Intro to Programming,Section 2,2026-05-16,S3084,Synthetic Student 3084,present,0,qr,14,Saturday,12:00,5
CS101,Intro to Programming,Section 2,2026-05-16,S3085,Synthetic Student 3085,present,0,qr,14,Saturday,12:00,5
CS101,Intro to Programming,Section 2,2026-05-16,S3087,Synthetic Student 3087,absent,0,qr,14,Saturday,12:00,3
CS101,Intro to Programming,Section 2,2026-05-16,S3088,Synthetic Student 3088,absent,0,qr,14,Saturday,12:00,4
PHY101,Physics I,Section 1,2026-05-16,S3001,Synthetic Student 3001,present,0,qr,14,Saturday,08:00,2
PHY101,Physics I,Section 1,2026-05-16,S3009,Synthetic Student 3009,absent,0,qr,14,Saturday,08:00,4
PHY101,Physics I,Section 1,2026-05-16,S3010,Synthetic Student 3010,absent,0,qr,14,Saturday,08:00,5
PHY101,Physics I,Section 1,2026-05-16,S3018,Synthetic Student 3018,present,0,qr,14,Saturday,08:00,3
PHY101,Physics I,Section 1,2026-05-16,S3020,Synthetic Student 3020,present,0,qr,14,Saturday,08:00,2
PHY101,Physics I,Section 1,2026-05-16,S3026,Synthetic Student 3026,present,0,qr,14,Saturday,08:00,2
PHY101,Physics I,Section 1,2026-05-16,S3027,Synthetic Student 3027,present,0,qr,14,Saturday,08:00,5
PHY101,Physics I,Section 1,2026-05-16,S3029,Synthetic Student 3029,present,0,qr,14,Saturday,08:00,3
PHY101,Physics I,Section 1,2026-05-16,S3030,Synthetic Student 3030,absent,0,qr,14,Saturday,08:00,3
PHY101,Physics I,Section 1,2026-05-16,S3033,Synthetic Student 3033,present,0,qr,14,Saturday,08:00,5
PHY101,Physics I,Section 1,2026-05-16,S3036,Synthetic Student 3036,absent,0,qr,14,Saturday,08:00,4
PHY101,Physics I,Section 1,2026-05-16,S3037,Synthetic Student 3037,absent,0,qr,14,Saturday,08:00,3
PHY101,Physics I,Section 1,2026-05-16,S3041,Synthetic Student 3041,absent,0,qr,14,Saturday,08:00,5
PHY101,Physics I,Section 1,2026-05-16,S3043,Synthetic Student 3043,late,29,qr,14,Saturday,08:00,4
PHY101,Physics I,Section 1,2026-05-16,S3044,Synthetic Student 3044,present,0,qr,14,Saturday,08:00,4
PHY101,Physics I,Section 1,2026-05-16,S3045,Synthetic Student 3045,late,38,qr,14,Saturday,08:00,5
PHY101,Physics I,Section 1,2026-05-16,S3048,Synthetic Student 3048,present,0,qr,14,Saturday,08:00,5
PHY101,Physics I,Section 1,2026-05-16,S3050,Synthetic Student 3050,present,0,qr,14,Saturday,08:00,5
PHY101,Physics I,Section 1,2026-05-16,S3051,Synthetic Student 3051,present,0,qr,14,Saturday,08:00,5
PHY101,Physics I,Section 1,2026-05-16,S3054,Synthetic Student 3054,present,0,qr,14,Saturday,08:00,5
PHY101,Physics I,Section 1,2026-05-16,S3055,Synthetic Student 3055,present,0,qr,14,Saturday,08:00,4
PHY101,Physics I,Section 1,2026-05-16,S3056,Synthetic Student 3056,present,0,qr,14,Saturday,08:00,4
PHY101,Physics I,Section 1,2026-05-16,S3057,Synthetic Student 3057,absent,0,qr,14,Saturday,08:00,3
PHY101,Physics I,Section 1,2026-05-16,S3059,Synthetic Student 3059,absent,0,qr,14,Saturday,08:00,5
PHY101,Physics I,Section 1,2026-05-16,S3060,Synthetic Student 3060,present,0,qr,14,Saturday,08:00,2
PHY101,Physics I,Section 1,2026-05-16,S3061,Synthetic Student 3061,present,0,qr,14,Saturday,08:00,4
PHY101,Physics I,Section 1,2026-05-16,S3064,Synthetic Student 3064,present,0,qr,14,Saturday,08:00,2
PHY101,Physics I,Section 1,2026-05-16,S3065,Synthetic Student 3065,present,0,qr,14,Saturday,08:00,2
PHY101,Physics I,Section 1,2026-05-16,S3066,Synthetic Student 3066,present,0,qr,14,Saturday,08:00,3
PHY101,Physics I,Section 1,2026-05-16,S3067,Synthetic Student 3067,absent,0,qr,14,Saturday,08:00,5
PHY101,Physics I,Section 1,2026-05-16,S3069,Synthetic Student 3069,present,0,qr,14,Saturday,08:00,3
PHY101,Physics I,Section 1,2026-05-16,S3071,Synthetic Student 3071,absent,0,qr,14,Saturday,08:00,3
PHY101,Physics I,Section 1,2026-05-16,S3074,Synthetic Student 3074,present,0,qr,14,Saturday,08:00,4
PHY101,Physics I,Section 1,2026-05-16,S3075,Synthetic Student 3075,late,21,qr,14,Saturday,08:00,4
PHY101,Physics I,Section 1,2026-05-16,S3077,Synthetic Student 3077,present,0,qr,14,Saturday,08:00,3
PHY101,Physics I,Section 1,2026-05-16,S3079,Synthetic Student 3079,present,0,qr,14,Saturday,08:00,5
PHY101,Physics I,Section 1,2026-05-16,S3080,Synthetic Student 3080,present,0,qr,14,Saturday,08:00,4
PHY101,Physics I,Section 1,2026-05-16,S3081,Synthetic Student 3081,late,18,qr,14,Saturday,08:00,5
PHY101,Physics I,Section 1,2026-05-16,S3090,Synthetic Student 3090,present,0,qr,14,Saturday,08:00,3
PHY101,Physics I,Section 2,2026-05-16,S3002,Synthetic Student 3002,absent,0,qr,14,Saturday,10:00,5
PHY101,Physics I,Section 2,2026-05-16,S3004,Synthetic Student 3004,present,0,qr,14,Saturday,10:00,3
PHY101,Physics I,Section 2,2026-05-16,S3005,Synthetic Student 3005,absent,0,qr,14,Saturday,10:00,5
PHY101,Physics I,Section 2,2026-05-16,S3008,Synthetic Student 3008,absent,0,qr,14,Saturday,10:00,4
PHY101,Physics I,Section 2,2026-05-16,S3012,Synthetic Student 3012,present,0,qr,14,Saturday,10:00,5
PHY101,Physics I,Section 2,2026-05-16,S3015,Synthetic Student 3015,present,0,qr,14,Saturday,10:00,4
PHY101,Physics I,Section 2,2026-05-16,S3019,Synthetic Student 3019,late,34,qr,14,Saturday,10:00,3
PHY101,Physics I,Section 2,2026-05-16,S3022,Synthetic Student 3022,present,0,qr,14,Saturday,10:00,3
PHY101,Physics I,Section 2,2026-05-16,S3024,Synthetic Student 3024,present,0,qr,14,Saturday,10:00,5
PHY101,Physics I,Section 2,2026-05-16,S3031,Synthetic Student 3031,present,0,qr,14,Saturday,10:00,5
PHY101,Physics I,Section 2,2026-05-16,S3032,Synthetic Student 3032,present,0,qr,14,Saturday,10:00,5
PHY101,Physics I,Section 2,2026-05-16,S3034,Synthetic Student 3034,present,0,qr,14,Saturday,10:00,4
PHY101,Physics I,Section 2,2026-05-16,S3035,Synthetic Student 3035,present,0,qr,14,Saturday,10:00,2
PHY101,Physics I,Section 2,2026-05-16,S3039,Synthetic Student 3039,present,0,qr,14,Saturday,10:00,4
PHY101,Physics I,Section 2,2026-05-16,S3040,Synthetic Student 3040,absent,0,qr,14,Saturday,10:00,5
PHY101,Physics I,Section 2,2026-05-16,S3042,Synthetic Student 3042,present,0,qr,14,Saturday,10:00,5
PHY101,Physics I,Section 2,2026-05-16,S3046,Synthetic Student 3046,late,24,qr,14,Saturday,10:00,3
PHY101,Physics I,Section 2,2026-05-16,S3049,Synthetic Student 3049,present,0,qr,14,Saturday,10:00,4
PHY101,Physics I,Section 2,2026-05-16,S3062,Synthetic Student 3062,absent,0,qr,14,Saturday,10:00,5
PHY101,Physics I,Section 2,2026-05-16,S3063,Synthetic Student 3063,present,0,qr,14,Saturday,10:00,3
PHY101,Physics I,Section 2,2026-05-16,S3068,Synthetic Student 3068,absent,0,qr,14,Saturday,10:00,5
PHY101,Physics I,Section 2,2026-05-16,S3070,Synthetic Student 3070,absent,0,qr,14,Saturday,10:00,5
PHY101,Physics I,Section 2,2026-05-16,S3083,Synthetic Student 3083,present,0,qr,14,Saturday,10:00,5
PHY101,Physics I,Section 2,2026-05-16,S3084,Synthetic Student 3084,present,0,qr,14,Saturday,10:00,5
PHY101,Physics I,Section 2,2026-05-16,S3085,Synthetic Student 3085,absent,0,qr,14,Saturday,10:00,5
PHY101,Physics I,Section 2,2026-05-16,S3088,Synthetic Student 3088,present,0,qr,14,Saturday,10:00,4
CS201,Data Structures,Section 1,2026-05-17,S3005,Synthetic Student 3005,absent,0,qr,14,Sunday,10:00,5
CS201,Data Structures,Section 1,2026-05-17,S3008,Synthetic Student 3008,absent,0,qr,14,Sunday,10:00,4
CS201,Data Structures,Section 1,2026-05-17,S3009,Synthetic Student 3009,present,0,qr,14,Sunday,10:00,4
CS201,Data Structures,Section 1,2026-05-17,S3010,Synthetic Student 3010,late,23,qr,14,Sunday,10:00,5
CS201,Data Structures,Section 1,2026-05-17,S3012,Synthetic Student 3012,present,0,qr,14,Sunday,10:00,5
CS201,Data Structures,Section 1,2026-05-17,S3015,Synthetic Student 3015,absent,0,qr,14,Sunday,10:00,4
CS201,Data Structures,Section 1,2026-05-17,S3017,Synthetic Student 3017,absent,0,qr,14,Sunday,10:00,4
CS201,Data Structures,Section 1,2026-05-17,S3021,Synthetic Student 3021,absent,0,qr,14,Sunday,10:00,3
CS201,Data Structures,Section 1,2026-05-17,S3023,Synthetic Student 3023,present,0,qr,14,Sunday,10:00,2
CS201,Data Structures,Section 1,2026-05-17,S3032,Synthetic Student 3032,present,0,qr,14,Sunday,10:00,5
CS201,Data Structures,Section 1,2026-05-17,S3033,Synthetic Student 3033,present,0,qr,14,Sunday,10:00,5
CS201,Data Structures,Section 1,2026-05-17,S3036,Synthetic Student 3036,present,0,qr,14,Sunday,10:00,4
CS201,Data Structures,Section 1,2026-05-17,S3037,Synthetic Student 3037,present,0,qr,14,Sunday,10:00,3
CS201,Data Structures,Section 1,2026-05-17,S3038,Synthetic Student 3038,present,0,qr,14,Sunday,10:00,4
CS201,Data Structures,Section 1,2026-05-17,S3039,Synthetic Student 3039,present,0,qr,14,Sunday,10:00,4
CS201,Data Structures,Section 1,2026-05-17,S3040,Synthetic Student 3040,present,0,qr,14,Sunday,10:00,5
CS201,Data Structures,Section 1,2026-05-17,S3041,Synthetic Student 3041,present,0,qr,14,Sunday,10:00,5
CS201,Data Structures,Section 1,2026-05-17,S3043,Synthetic Student 3043,present,0,qr,14,Sunday,10:00,4
CS201,Data Structures,Section 1,2026-05-17,S3048,Synthetic Student 3048,present,0,qr,14,Sunday,10:00,5
CS201,Data Structures,Section 1,2026-05-17,S3053,Synthetic Student 3053,absent,0,qr,14,Sunday,10:00,2
CS201,Data Structures,Section 1,2026-05-17,S3057,Synthetic Student 3057,absent,0,qr,14,Sunday,10:00,3
CS201,Data Structures,Section 1,2026-05-17,S3068,Synthetic Student 3068,absent,0,qr,14,Sunday,10:00,5
CS201,Data Structures,Section 1,2026-05-17,S3070,Synthetic Student 3070,absent,0,qr,14,Sunday,10:00,5
CS201,Data Structures,Section 1,2026-05-17,S3075,Synthetic Student 3075,present,0,qr,14,Sunday,10:00,4
CS201,Data Structures,Section 1,2026-05-17,S3077,Synthetic Student 3077,late,35,qr,14,Sunday,10:00,3
CS201,Data Structures,Section 1,2026-05-17,S3079,Synthetic Student 3079,absent,0,qr,14,Sunday,10:00,5
CS201,Data Structures,Section 1,2026-05-17,S3080,Synthetic Student 3080,present,0,qr,14,Sunday,10:00,4
CS201,Data Structures,Section 1,2026-05-17,S3081,Synthetic Student 3081,absent,0,qr,14,Sunday,10:00,5
CS201,Data Structures,Section 1,2026-05-17,S3083,Synthetic Student 3083,absent,0,qr,14,Sunday,10:00,5
CS201,Data Structures,Section 1,2026-05-17,S3085,Synthetic Student 3085,present,0,qr,14,Sunday,10:00,5
CS201,Data Structures,Section 2,2026-05-17,S3001,Synthetic Student 3001,present,0,qr,14,Sunday,08:00,2
CS201,Data Structures,Section 2,2026-05-17,S3002,Synthetic Student 3002,absent,0,qr,14,Sunday,08:00,5
CS201,Data Structures,Section 2,2026-05-17,S3006,Synthetic Student 3006,present,0,qr,14,Sunday,08:00,2
CS201,Data Structures,Section 2,2026-05-17,S3011,Synthetic Student 3011,present,0,qr,14,Sunday,08:00,3
CS201,Data Structures,Section 2,2026-05-17,S3013,Synthetic Student 3013,present,0,qr,14,Sunday,08:00,3
CS201,Data Structures,Section 2,2026-05-17,S3014,Synthetic Student 3014,absent,0,qr,14,Sunday,08:00,2
CS201,Data Structures,Section 2,2026-05-17,S3024,Synthetic Student 3024,present,0,qr,14,Sunday,08:00,5
CS201,Data Structures,Section 2,2026-05-17,S3026,Synthetic Student 3026,late,20,qr,14,Sunday,08:00,2
CS201,Data Structures,Section 2,2026-05-17,S3027,Synthetic Student 3027,present,0,qr,14,Sunday,08:00,5
CS201,Data Structures,Section 2,2026-05-17,S3028,Synthetic Student 3028,late,17,qr,14,Sunday,08:00,3
CS201,Data Structures,Section 2,2026-05-17,S3031,Synthetic Student 3031,late,40,qr,14,Sunday,08:00,5
CS201,Data Structures,Section 2,2026-05-17,S3042,Synthetic Student 3042,present,0,qr,14,Sunday,08:00,5
CS201,Data Structures,Section 2,2026-05-17,S3045,Synthetic Student 3045,present,0,qr,14,Sunday,08:00,5
CS201,Data Structures,Section 2,2026-05-17,S3049,Synthetic Student 3049,present,0,qr,14,Sunday,08:00,4
CS201,Data Structures,Section 2,2026-05-17,S3050,Synthetic Student 3050,late,32,qr,14,Sunday,08:00,5
CS201,Data Structures,Section 2,2026-05-17,S3051,Synthetic Student 3051,present,0,qr,14,Sunday,08:00,5
CS201,Data Structures,Section 2,2026-05-17,S3054,Synthetic Student 3054,present,0,qr,14,Sunday,08:00,5
CS201,Data Structures,Section 2,2026-05-17,S3055,Synthetic Student 3055,present,0,qr,14,Sunday,08:00,4
CS201,Data Structures,Section 2,2026-05-17,S3056,Synthetic Student 3056,present,0,qr,14,Sunday,08:00,4
CS201,Data Structures,Section 2,2026-05-17,S3059,Synthetic Student 3059,present,0,qr,14,Sunday,08:00,5
CS201,Data Structures,Section 2,2026-05-17,S3061,Synthetic Student 3061,present,0,qr,14,Sunday,08:00,4
CS201,Data Structures,Section 2,2026-05-17,S3062,Synthetic Student 3062,absent,0,qr,14,Sunday,08:00,5
CS201,Data Structures,Section 2,2026-05-17,S3066,Synthetic Student 3066,present,0,qr,14,Sunday,08:00,3
CS201,Data Structures,Section 2,2026-05-17,S3067,Synthetic Student 3067,present,0,qr,14,Sunday,08:00,5
CS201,Data Structures,Section 2,2026-05-17,S3069,Synthetic Student 3069,excused,0,manual,14,Sunday,08:00,3
CS201,Data Structures,Section 2,2026-05-17,S3072,Synthetic Student 3072,present,0,qr,14,Sunday,08:00,2
CS201,Data Structures,Section 2,2026-05-17,S3073,Synthetic Student 3073,present,0,qr,14,Sunday,08:00,3
CS201,Data Structures,Section 2,2026-05-17,S3074,Synthetic Student 3074,absent,0,qr,14,Sunday,08:00,4
CS201,Data Structures,Section 2,2026-05-17,S3076,Synthetic Student 3076,absent,0,qr,14,Sunday,08:00,3
CS201,Data Structures,Section 2,2026-05-17,S3084,Synthetic Student 3084,present,0,qr,14,Sunday,08:00,5
CS201,Data Structures,Section 2,2026-05-17,S3087,Synthetic Student 3087,present,0,qr,14,Sunday,08:00,3
CS201,Data Structures,Section 2,2026-05-17,S3088,Synthetic Student 3088,excused,0,manual,14,Sunday,08:00,4
ENG101,Technical English,Section 1,2026-05-17,S3002,Synthetic Student 3002,present,0,qr,14,Sunday,08:00,5
ENG101,Technical English,Section 1,2026-05-17,S3005,Synthetic Student 3005,absent,0,qr,14,Sunday,08:00,5
ENG101,Technical English,Section 1,2026-05-17,S3010,Synthetic Student 3010,present,0,qr,14,Sunday,08:00,5
ENG101,Technical English,Section 1,2026-05-17,S3011,Synthetic Student 3011,present,0,qr,14,Sunday,08:00,3
ENG101,Technical English,Section 1,2026-05-17,S3013,Synthetic Student 3013,absent,0,qr,14,Sunday,08:00,3
ENG101,Technical English,Section 1,2026-05-17,S3015,Synthetic Student 3015,absent,0,qr,14,Sunday,08:00,4
ENG101,Technical English,Section 1,2026-05-17,S3017,Synthetic Student 3017,absent,0,qr,14,Sunday,08:00,4
ENG101,Technical English,Section 1,2026-05-17,S3021,Synthetic Student 3021,present,0,qr,14,Sunday,08:00,3
ENG101,Technical English,Section 1,2026-05-17,S3030,Synthetic Student 3030,present,0,qr,14,Sunday,08:00,3
ENG101,Technical English,Section 1,2026-05-17,S3032,Synthetic Student 3032,excused,0,manual,14,Sunday,08:00,5
ENG101,Technical English,Section 1,2026-05-17,S3034,Synthetic Student 3034,absent,0,qr,14,Sunday,08:00,4
ENG101,Technical English,Section 1,2026-05-17,S3037,Synthetic Student 3037,late,39,qr,14,Sunday,08:00,3
ENG101,Technical English,Section 1,2026-05-17,S3040,Synthetic Student 3040,present,0,qr,14,Sunday,08:00,5
ENG101,Technical English,Section 1,2026-05-17,S3041,Synthetic Student 3041,present,0,qr,14,Sunday,08:00,5
ENG101,Technical English,Section 1,2026-05-17,S3044,Synthetic Student 3044,absent,0,qr,14,Sunday,08:00,4
ENG101,Technical English,Section 1,2026-05-17,S3045,Synthetic Student 3045,present,0,qr,14,Sunday,08:00,5
ENG101,Technical English,Section 1,2026-05-17,S3048,Synthetic Student 3048,absent,0,qr,14,Sunday,08:00,5
ENG101,Technical English,Section 1,2026-05-17,S3050,Synthetic Student 3050,absent,0,qr,14,Sunday,08:00,5
ENG101,Technical English,Section 1,2026-05-17,S3054,Synthetic Student 3054,absent,0,qr,14,Sunday,08:00,5
ENG101,Technical English,Section 1,2026-05-17,S3059,Synthetic Student 3059,absent,0,qr,14,Sunday,08:00,5
ENG101,Technical English,Section 1,2026-05-17,S3064,Synthetic Student 3064,present,0,qr,14,Sunday,08:00,2
ENG101,Technical English,Section 1,2026-05-17,S3068,Synthetic Student 3068,absent,0,qr,14,Sunday,08:00,5
ENG101,Technical English,Section 1,2026-05-17,S3069,Synthetic Student 3069,absent,0,qr,14,Sunday,08:00,3
ENG101,Technical English,Section 1,2026-05-17,S3071,Synthetic Student 3071,present,0,qr,14,Sunday,08:00,3
ENG101,Technical English,Section 1,2026-05-17,S3072,Synthetic Student 3072,present,0,qr,14,Sunday,08:00,2
ENG101,Technical English,Section 1,2026-05-17,S3075,Synthetic Student 3075,present,0,qr,14,Sunday,08:00,4
ENG101,Technical English,Section 1,2026-05-17,S3078,Synthetic Student 3078,present,0,qr,14,Sunday,08:00,2
ENG101,Technical English,Section 1,2026-05-17,S3081,Synthetic Student 3081,late,16,qr,14,Sunday,08:00,5
ENG101,Technical English,Section 1,2026-05-17,S3083,Synthetic Student 3083,present,0,qr,14,Sunday,08:00,5
ENG101,Technical English,Section 1,2026-05-17,S3086,Synthetic Student 3086,late,28,qr,14,Sunday,08:00,3
ENG101,Technical English,Section 1,2026-05-17,S3090,Synthetic Student 3090,present,0,qr,14,Sunday,08:00,3
ENG101,Technical English,Section 2,2026-05-20,S3003,Synthetic Student 3003,present,0,qr,14,Wednesday,10:00,3
ENG101,Technical English,Section 2,2026-05-20,S3008,Synthetic Student 3008,absent,0,qr,14,Wednesday,10:00,4
ENG101,Technical English,Section 2,2026-05-20,S3012,Synthetic Student 3012,present,0,qr,14,Wednesday,10:00,5
ENG101,Technical English,Section 2,2026-05-20,S3016,Synthetic Student 3016,absent,0,qr,14,Wednesday,10:00,3
ENG101,Technical English,Section 2,2026-05-20,S3024,Synthetic Student 3024,present,0,qr,14,Wednesday,10:00,5
ENG101,Technical English,Section 2,2026-05-20,S3027,Synthetic Student 3027,present,0,qr,14,Wednesday,10:00,5
ENG101,Technical English,Section 2,2026-05-20,S3028,Synthetic Student 3028,present,0,qr,14,Wednesday,10:00,3
ENG101,Technical English,Section 2,2026-05-20,S3031,Synthetic Student 3031,absent,0,qr,14,Wednesday,10:00,5
ENG101,Technical English,Section 2,2026-05-20,S3033,Synthetic Student 3033,present,0,qr,14,Wednesday,10:00,5
ENG101,Technical English,Section 2,2026-05-20,S3038,Synthetic Student 3038,present,0,qr,14,Wednesday,10:00,4
ENG101,Technical English,Section 2,2026-05-20,S3039,Synthetic Student 3039,present,0,qr,14,Wednesday,10:00,4
ENG101,Technical English,Section 2,2026-05-20,S3042,Synthetic Student 3042,present,0,qr,14,Wednesday,10:00,5
ENG101,Technical English,Section 2,2026-05-20,S3043,Synthetic Student 3043,present,0,qr,14,Wednesday,10:00,4
ENG101,Technical English,Section 2,2026-05-20,S3047,Synthetic Student 3047,absent,0,qr,14,Wednesday,10:00,2
ENG101,Technical English,Section 2,2026-05-20,S3051,Synthetic Student 3051,present,0,qr,14,Wednesday,10:00,5
ENG101,Technical English,Section 2,2026-05-20,S3052,Synthetic Student 3052,present,0,qr,14,Wednesday,10:00,2
ENG101,Technical English,Section 2,2026-05-20,S3055,Synthetic Student 3055,present,0,qr,14,Wednesday,10:00,4
ENG101,Technical English,Section 2,2026-05-20,S3058,Synthetic Student 3058,present,0,qr,14,Wednesday,10:00,3
ENG101,Technical English,Section 2,2026-05-20,S3062,Synthetic Student 3062,present,0,qr,14,Wednesday,10:00,5
ENG101,Technical English,Section 2,2026-05-20,S3063,Synthetic Student 3063,present,0,qr,14,Wednesday,10:00,3
ENG101,Technical English,Section 2,2026-05-20,S3067,Synthetic Student 3067,present,0,qr,14,Wednesday,10:00,5
ENG101,Technical English,Section 2,2026-05-20,S3070,Synthetic Student 3070,late,16,qr,14,Wednesday,10:00,5
ENG101,Technical English,Section 2,2026-05-20,S3076,Synthetic Student 3076,present,0,qr,14,Wednesday,10:00,3
ENG101,Technical English,Section 2,2026-05-20,S3079,Synthetic Student 3079,present,0,qr,14,Wednesday,10:00,5
ENG101,Technical English,Section 2,2026-05-20,S3080,Synthetic Student 3080,present,0,qr,14,Wednesday,10:00,4
ENG101,Technical English,Section 2,2026-05-20,S3084,Synthetic Student 3084,late,40,qr,14,Wednesday,10:00,5
ENG101,Technical English,Section 2,2026-05-20,S3085,Synthetic Student 3085,absent,0,qr,14,Wednesday,10:00,5
MATH101,Calculus I,Section 2,2026-05-20,S3002,Synthetic Student 3002,absent,0,qr,14,Wednesday,14:00,5
MATH101,Calculus I,Section 2,2026-05-20,S3003,Synthetic Student 3003,late,39,qr,14,Wednesday,14:00,3
MATH101,Calculus I,Section 2,2026-05-20,S3004,Synthetic Student 3004,present,0,qr,14,Wednesday,14:00,3
MATH101,Calculus I,Section 2,2026-05-20,S3009,Synthetic Student 3009,present,0,qr,14,Wednesday,14:00,4
MATH101,Calculus I,Section 2,2026-05-20,S3019,Synthetic Student 3019,present,0,qr,14,Wednesday,14:00,3
MATH101,Calculus I,Section 2,2026-05-20,S3024,Synthetic Student 3024,absent,0,qr,14,Wednesday,14:00,5
MATH101,Calculus I,Section 2,2026-05-20,S3025,Synthetic Student 3025,present,0,qr,14,Wednesday,14:00,2
MATH101,Calculus I,Section 2,2026-05-20,S3031,Synthetic Student 3031,present,0,qr,14,Wednesday,14:00,5
MATH101,Calculus I,Section 2,2026-05-20,S3033,Synthetic Student 3033,absent,0,qr,14,Wednesday,14:00,5
MATH101,Calculus I,Section 2,2026-05-20,S3034,Synthetic Student 3034,present,0,qr,14,Wednesday,14:00,4
MATH101,Calculus I,Section 2,2026-05-20,S3039,Synthetic Student 3039,present,0,qr,14,Wednesday,14:00,4
MATH101,Calculus I,Section 2,2026-05-20,S3040,Synthetic Student 3040,late,39,qr,14,Wednesday,14:00,5
MATH101,Calculus I,Section 2,2026-05-20,S3041,Synthetic Student 3041,present,0,qr,14,Wednesday,14:00,5
MATH101,Calculus I,Section 2,2026-05-20,S3042,Synthetic Student 3042,present,0,qr,14,Wednesday,14:00,5
MATH101,Calculus I,Section 2,2026-05-20,S3046,Synthetic Student 3046,absent,0,qr,14,Wednesday,14:00,3
MATH101,Calculus I,Section 2,2026-05-20,S3049,Synthetic Student 3049,present,0,qr,14,Wednesday,14:00,4
MATH101,Calculus I,Section 2,2026-05-20,S3051,Synthetic Student 3051,present,0,qr,14,Wednesday,14:00,5
MATH101,Calculus I,Section 2,2026-05-20,S3052,Synthetic Student 3052,present,0,qr,14,Wednesday,14:00,2
MATH101,Calculus I,Section 2,2026-05-20,S3053,Synthetic Student 3053,late,24,qr,14,Wednesday,14:00,2
MATH101,Calculus I,Section 2,2026-05-20,S3055,Synthetic Student 3055,late,36,qr,14,Wednesday,14:00,4
MATH101,Calculus I,Section 2,2026-05-20,S3056,Synthetic Student 3056,present,0,qr,14,Wednesday,14:00,4
MATH101,Calculus I,Section 2,2026-05-20,S3062,Synthetic Student 3062,absent,0,qr,14,Wednesday,14:00,5
MATH101,Calculus I,Section 2,2026-05-20,S3065,Synthetic Student 3065,present,0,qr,14,Wednesday,14:00,2
MATH101,Calculus I,Section 2,2026-05-20,S3066,Synthetic Student 3066,present,0,qr,14,Wednesday,14:00,3
MATH101,Calculus I,Section 2,2026-05-20,S3068,Synthetic Student 3068,absent,0,qr,14,Wednesday,14:00,5
MATH101,Calculus I,Section 2,2026-05-20,S3070,Synthetic Student 3070,absent,0,qr,14,Wednesday,14:00,5
MATH101,Calculus I,Section 2,2026-05-20,S3077,Synthetic Student 3077,present,0,qr,14,Wednesday,14:00,3
MATH101,Calculus I,Section 2,2026-05-20,S3082,Synthetic Student 3082,present,0,qr,14,Wednesday,14:00,2
MATH101,Calculus I,Section 2,2026-05-20,S3083,Synthetic Student 3083,absent,0,qr,14,Wednesday,14:00,5
MATH101,Calculus I,Section 2,2026-05-20,S3085,Synthetic Student 3085,absent,0,qr,14,Wednesday,14:00,5
MATH101,Calculus I,Section 2,2026-05-20,S3087,Synthetic Student 3087,present,0,qr,14,Wednesday,14:00,3
MATH101,Calculus I,Section 2,2026-05-20,S3089,Synthetic Student 3089,present,0,qr,14,Wednesday,14:00,2
CS101,Intro to Programming,Section 1,2026-05-21,S3004,Synthetic Student 3004,late,33,qr,14,Thursday,08:00,3
CS101,Intro to Programming,Section 1,2026-05-21,S3007,Synthetic Student 3007,late,22,qr,14,Thursday,08:00,2
CS101,Intro to Programming,Section 1,2026-05-21,S3008,Synthetic Student 3008,absent,0,qr,14,Thursday,08:00,4
CS101,Intro to Programming,Section 1,2026-05-21,S3010,Synthetic Student 3010,present,0,qr,14,Thursday,08:00,5
CS101,Intro to Programming,Section 1,2026-05-21,S3012,Synthetic Student 3012,present,0,qr,14,Thursday,08:00,5
CS101,Intro to Programming,Section 1,2026-05-21,S3014,Synthetic Student 3014,present,0,qr,14,Thursday,08:00,2
CS101,Intro to Programming,Section 1,2026-05-21,S3020,Synthetic Student 3020,present,0,qr,14,Thursday,08:00,2
CS101,Intro to Programming,Section 1,2026-05-21,S3022,Synthetic Student 3022,late,16,qr,14,Thursday,08:00,3
CS101,Intro to Programming,Section 1,2026-05-21,S3024,Synthetic Student 3024,absent,0,qr,14,Thursday,08:00,5
CS101,Intro to Programming,Section 1,2026-05-21,S3030,Synthetic Student 3030,absent,0,qr,14,Thursday,08:00,3
CS101,Intro to Programming,Section 1,2026-05-21,S3031,Synthetic Student 3031,present,0,qr,14,Thursday,08:00,5
CS101,Intro to Programming,Section 1,2026-05-21,S3032,Synthetic Student 3032,excused,0,manual,14,Thursday,08:00,5
CS101,Intro to Programming,Section 1,2026-05-21,S3034,Synthetic Student 3034,absent,0,qr,14,Thursday,08:00,4
CS101,Intro to Programming,Section 1,2026-05-21,S3036,Synthetic Student 3036,present,0,qr,14,Thursday,08:00,4
CS101,Intro to Programming,Section 1,2026-05-21,S3038,Synthetic Student 3038,present,0,qr,14,Thursday,08:00,4
CS101,Intro to Programming,Section 1,2026-05-21,S3041,Synthetic Student 3041,late,34,qr,14,Thursday,08:00,5
CS101,Intro to Programming,Section 1,2026-05-21,S3045,Synthetic Student 3045,late,39,qr,14,Thursday,08:00,5
CS101,Intro to Programming,Section 1,2026-05-21,S3056,Synthetic Student 3056,absent,0,qr,14,Thursday,08:00,4
CS101,Intro to Programming,Section 1,2026-05-21,S3058,Synthetic Student 3058,late,17,qr,14,Thursday,08:00,3
CS101,Intro to Programming,Section 1,2026-05-21,S3059,Synthetic Student 3059,absent,0,qr,14,Thursday,08:00,5
CS101,Intro to Programming,Section 1,2026-05-21,S3060,Synthetic Student 3060,present,0,qr,14,Thursday,08:00,2
CS101,Intro to Programming,Section 1,2026-05-21,S3061,Synthetic Student 3061,present,0,qr,14,Thursday,08:00,4
CS101,Intro to Programming,Section 1,2026-05-21,S3063,Synthetic Student 3063,absent,0,qr,14,Thursday,08:00,3
CS101,Intro to Programming,Section 1,2026-05-21,S3068,Synthetic Student 3068,present,0,qr,14,Thursday,08:00,5
CS101,Intro to Programming,Section 1,2026-05-21,S3071,Synthetic Student 3071,present,0,qr,14,Thursday,08:00,3
CS101,Intro to Programming,Section 1,2026-05-21,S3073,Synthetic Student 3073,present,0,qr,14,Thursday,08:00,3
CS101,Intro to Programming,Section 1,2026-05-21,S3074,Synthetic Student 3074,present,0,qr,14,Thursday,08:00,4
CS101,Intro to Programming,Section 1,2026-05-21,S3080,Synthetic Student 3080,present,0,qr,14,Thursday,08:00,4
CS101,Intro to Programming,Section 1,2026-05-21,S3082,Synthetic Student 3082,absent,0,qr,14,Thursday,08:00,2
CS101,Intro to Programming,Section 1,2026-05-21,S3086,Synthetic Student 3086,present,0,qr,14,Thursday,08:00,3
CS101,Intro to Programming,Section 1,2026-05-21,S3089,Synthetic Student 3089,present,0,qr,14,Thursday,08:00,2
MATH101,Calculus I,Section 1,2026-05-21,S3005,Synthetic Student 3005,present,0,qr,14,Thursday,08:00,5
MATH101,Calculus I,Section 1,2026-05-21,S3007,Synthetic Student 3007,absent,0,qr,14,Thursday,08:00,2
MATH101,Calculus I,Section 1,2026-05-21,S3010,Synthetic Student 3010,present,0,qr,14,Thursday,08:00,5
MATH101,Calculus I,Section 1,2026-05-21,S3012,Synthetic Student 3012,present,0,qr,14,Thursday,08:00,5
MATH101,Calculus I,Section 1,2026-05-21,S3013,Synthetic Student 3013,absent,0,qr,14,Thursday,08:00,3
MATH101,Calculus I,Section 1,2026-05-21,S3015,Synthetic Student 3015,absent,0,qr,14,Thursday,08:00,4
MATH101,Calculus I,Section 1,2026-05-21,S3016,Synthetic Student 3016,absent,0,qr,14,Thursday,08:00,3
MATH101,Calculus I,Section 1,2026-05-21,S3017,Synthetic Student 3017,present,0,qr,14,Thursday,08:00,4
MATH101,Calculus I,Section 1,2026-05-21,S3018,Synthetic Student 3018,absent,0,qr,14,Thursday,08:00,3
MATH101,Calculus I,Section 1,2026-05-21,S3022,Synthetic Student 3022,present,0,qr,14,Thursday,08:00,3
MATH101,Calculus I,Section 1,2026-05-21,S3023,Synthetic Student 3023,absent,0,qr,14,Thursday,08:00,2
MATH101,Calculus I,Section 1,2026-05-21,S3027,Synthetic Student 3027,present,0,qr,14,Thursday,08:00,5
MATH101,Calculus I,Section 1,2026-05-21,S3028,Synthetic Student 3028,late,21,qr,14,Thursday,08:00,3
MATH101,Calculus I,Section 1,2026-05-21,S3029,Synthetic Student 3029,present,0,qr,14,Thursday,08:00,3
MATH101,Calculus I,Section 1,2026-05-21,S3032,Synthetic Student 3032,present,0,qr,14,Thursday,08:00,5
MATH101,Calculus I,Section 1,2026-05-21,S3036,Synthetic Student 3036,absent,0,qr,14,Thursday,08:00,4
MATH101,Calculus I,Section 1,2026-05-21,S3038,Synthetic Student 3038,present,0,qr,14,Thursday,08:00,4
MATH101,Calculus I,Section 1,2026-05-21,S3043,Synthetic Student 3043,absent,0,qr,14,Thursday,08:00,4
MATH101,Calculus I,Section 1,2026-05-21,S3044,Synthetic Student 3044,late,29,qr,14,Thursday,08:00,4
MATH101,Calculus I,Section 1,2026-05-21,S3045,Synthetic Student 3045,present,0,qr,14,Thursday,08:00,5
MATH101,Calculus I,Section 1,2026-05-21,S3048,Synthetic Student 3048,absent,0,qr,14,Thursday,08:00,5
MATH101,Calculus I,Section 1,2026-05-21,S3050,Synthetic Student 3050,present,0,qr,14,Thursday,08:00,5
MATH101,Calculus I,Section 1,2026-05-21,S3054,Synthetic Student 3054,late,28,qr,14,Thursday,08:00,5
MATH101,Calculus I,Section 1,2026-05-21,S3058,Synthetic Student 3058,absent,0,qr,14,Thursday,08:00,3
MATH101,Calculus I,Section 1,2026-05-21,S3059,Synthetic Student 3059,present,0,qr,14,Thursday,08:00,5
MATH101,Calculus I,Section 1,2026-05-21,S3061,Synthetic Student 3061,absent,0,qr,14,Thursday,08:00,4
MATH101,Calculus I,Section 1,2026-05-21,S3067,Synthetic Student 3067,present,0,qr,14,Thursday,08:00,5
MATH101,Calculus I,Section 1,2026-05-21,S3073,Synthetic Student 3073,late,26,qr,14,Thursday,08:00,3
MATH101,Calculus I,Section 1,2026-05-21,S3074,Synthetic Student 3074,absent,0,qr,14,Thursday,08:00,4
MATH101,Calculus I,Section 1,2026-05-21,S3076,Synthetic Student 3076,late,31,qr,14,Thursday,08:00,3
MATH101,Calculus I,Section 1,2026-05-21,S3079,Synthetic Student 3079,present,0,qr,14,Thursday,08:00,5
MATH101,Calculus I,Section 1,2026-05-21,S3081,Synthetic Student 3081,absent,0,qr,14,Thursday,08:00,5
MATH101,Calculus I,Section 1,2026-05-21,S3084,Synthetic Student 3084,present,0,qr,14,Thursday,08:00,5
MATH101,Calculus I,Section 1,2026-05-21,S3086,Synthetic Student 3086,present,0,qr,14,Thursday,08:00,3
MATH101,Calculus I,Section 1,2026-05-21,S3088,Synthetic Student 3088,late,24,qr,14,Thursday,08:00,4
MATH101,Calculus I,Section 1,2026-05-21,S3090,Synthetic Student 3090,present,0,qr,14,Thursday,08:00,3
